model,true_label,pred_label,correct,top2_correct,top3_correct,confidence,hand_detected,path
CustomCNN,A,A,True,True,True,0.3298,True,data\A\frame_0001.jpg
CustomCNN,A,A,True,True,True,0.3248,True,data\A\frame_0002.jpg
CustomCNN,A,A,True,True,True,0.3082,True,data\A\frame_0003.jpg
CustomCNN,A,A,True,True,True,0.3002,True,data\A\frame_0004.jpg
CustomCNN,A,A,True,True,True,0.3002,True,data\A\frame_0005.jpg
CustomCNN,A,A,True,True,True,0.3163,True,data\A\frame_0006.jpg
CustomCNN,A,A,True,True,True,0.3388,True,data\A\frame_0007.jpg
CustomCNN,A,A,True,True,True,0.3388,True,data\A\frame_0008.jpg
CustomCNN,A,A,True,True,True,0.3429,True,data\A\frame_0009.jpg
CustomCNN,A,A,True,True,True,0.3452,True,data\A\frame_0010.jpg
CustomCNN,A,A,True,True,True,0.3452,True,data\A\frame_0011.jpg
CustomCNN,A,A,True,True,True,0.342,True,data\A\frame_0012.jpg
CustomCNN,A,A,True,True,True,0.342,True,data\A\frame_0013.jpg
CustomCNN,A,A,True,True,True,0.3368,True,data\A\frame_0014.jpg
CustomCNN,A,A,True,True,True,0.3551,True,data\A\frame_0015.jpg
CustomCNN,A,A,True,True,True,0.3389,True,data\A\frame_0016.jpg
CustomCNN,A,A,True,True,True,0.3389,True,data\A\frame_0017.jpg
CustomCNN,A,A,True,True,True,0.3495,True,data\A\frame_0018.jpg
CustomCNN,A,A,True,True,True,0.345,True,data\A\frame_0019.jpg
CustomCNN,A,A,True,True,True,0.345,True,data\A\frame_0020.jpg
CustomCNN,A,A,True,True,True,0.3462,True,data\A\frame_0021.jpg
CustomCNN,A,A,True,True,True,0.3531,True,data\A\frame_0022.jpg
CustomCNN,A,A,True,True,True,0.3531,True,data\A\frame_0023.jpg
CustomCNN,A,A,True,True,True,0.349,True,data\A\frame_0024.jpg
CustomCNN,A,A,True,True,True,0.349,True,data\A\frame_0025.jpg
CustomCNN,A,A,True,True,True,0.3257,True,data\A\frame_0026.jpg
CustomCNN,A,A,True,True,True,0.3543,True,data\A\frame_0027.jpg
CustomCNN,A,A,True,True,True,0.3353,True,data\A\frame_0028.jpg
CustomCNN,A,A,True,True,True,0.3353,True,data\A\frame_0029.jpg
CustomCNN,A,A,True,True,True,0.3128,True,data\A\frame_0030.jpg
CustomCNN,A,A,True,True,True,0.3021,True,data\A\frame_0031.jpg
CustomCNN,A,A,True,True,True,0.3021,True,data\A\frame_0032.jpg
CustomCNN,A,A,True,True,True,0.3113,True,data\A\frame_0033.jpg
CustomCNN,A,A,True,True,True,0.3113,True,data\A\frame_0034.jpg
CustomCNN,A,A,True,True,True,0.303,True,data\A\frame_0035.jpg
CustomCNN,A,A,True,True,True,0.3035,True,data\A\frame_0036.jpg
CustomCNN,A,A,True,True,True,0.3035,True,data\A\frame_0037.jpg
CustomCNN,A,A,True,True,True,0.3274,True,data\A\frame_0038.jpg
CustomCNN,A,A,True,True,True,0.3333,True,data\A\frame_0039.jpg
CustomCNN,A,A,True,True,True,0.3279,True,data\A\frame_0040.jpg
CustomCNN,A,A,True,True,True,0.3279,True,data\A\frame_0041.jpg
CustomCNN,A,A,True,True,True,0.3322,True,data\A\frame_0042.jpg
CustomCNN,A,A,True,True,True,0.3217,True,data\A\frame_0043.jpg
CustomCNN,A,A,True,True,True,0.3217,True,data\A\frame_0044.jpg
CustomCNN,A,A,True,True,True,0.3241,True,data\A\frame_0045.jpg
CustomCNN,A,A,True,True,True,0.3241,True,data\A\frame_0046.jpg
CustomCNN,A,A,True,True,True,0.3346,True,data\A\frame_0047.jpg
CustomCNN,A,A,True,True,True,0.3281,True,data\A\frame_0048.jpg
CustomCNN,A,A,True,True,True,0.3281,True,data\A\frame_0049.jpg
CustomCNN,A,A,True,True,True,0.3269,True,data\A\frame_0050.jpg
CustomCNN,A,A,True,True,True,0.3582,True,data\A\frame_0051.jpg
CustomCNN,A,A,True,True,True,0.3479,True,data\A\frame_0052.jpg
CustomCNN,A,A,True,True,True,0.3479,True,data\A\frame_0053.jpg
CustomCNN,A,A,True,True,True,0.3435,True,data\A\frame_0054.jpg
CustomCNN,A,A,True,True,True,0.3432,True,data\A\frame_0055.jpg
CustomCNN,A,A,True,True,True,0.3432,True,data\A\frame_0056.jpg
CustomCNN,A,A,True,True,True,0.3367,True,data\A\frame_0057.jpg
CustomCNN,A,A,True,True,True,0.3367,True,data\A\frame_0058.jpg
CustomCNN,A,A,True,True,True,0.3396,True,data\A\frame_0059.jpg
CustomCNN,A,A,True,True,True,0.346,True,data\A\frame_0060.jpg
CustomCNN,A,A,True,True,True,0.346,True,data\A\frame_0061.jpg
CustomCNN,A,A,True,True,True,0.3307,True,data\A\frame_0062.jpg
CustomCNN,A,A,True,True,True,0.3407,True,data\A\frame_0063.jpg
CustomCNN,A,A,True,True,True,0.3463,True,data\A\frame_0064.jpg
CustomCNN,A,A,True,True,True,0.3463,True,data\A\frame_0065.jpg
CustomCNN,A,A,True,True,True,0.3609,True,data\A\frame_0066.jpg
CustomCNN,A,A,True,True,True,0.3234,True,data\A\frame_0067.jpg
CustomCNN,A,A,True,True,True,0.3234,True,data\A\frame_0068.jpg
CustomCNN,A,A,True,True,True,0.3399,True,data\A\frame_0069.jpg
CustomCNN,A,A,True,True,True,0.3399,True,data\A\frame_0070.jpg
CustomCNN,A,A,True,True,True,0.3474,True,data\A\frame_0071.jpg
CustomCNN,A,A,True,True,True,0.339,True,data\A\frame_0072.jpg
CustomCNN,A,A,True,True,True,0.339,True,data\A\frame_0073.jpg
CustomCNN,A,A,True,True,True,0.347,True,data\A\frame_0074.jpg
CustomCNN,A,A,True,True,True,0.3601,True,data\A\frame_0075.jpg
CustomCNN,A,A,True,True,True,0.3573,True,data\A\frame_0076.jpg
CustomCNN,A,A,True,True,True,0.3573,True,data\A\frame_0077.jpg
CustomCNN,A,A,True,True,True,0.3347,True,data\A\frame_0078.jpg
CustomCNN,A,A,True,True,True,0.3606,True,data\A\frame_0079.jpg
CustomCNN,A,A,True,True,True,0.3606,True,data\A\frame_0080.jpg
CustomCNN,A,A,True,True,True,0.3417,True,data\A\frame_0081.jpg
CustomCNN,A,A,True,True,True,0.3417,True,data\A\frame_0082.jpg
CustomCNN,A,A,True,True,True,0.3438,True,data\A\frame_0083.jpg
CustomCNN,A,A,True,True,True,0.3441,True,data\A\frame_0084.jpg
CustomCNN,A,A,True,True,True,0.3441,True,data\A\frame_0085.jpg
CustomCNN,A,A,True,True,True,0.3443,True,data\A\frame_0086.jpg
CustomCNN,A,A,True,True,True,0.3263,True,data\A\frame_0087.jpg
CustomCNN,A,A,True,True,True,0.3348,True,data\A\frame_0088.jpg
CustomCNN,A,A,True,True,True,0.3348,True,data\A\frame_0089.jpg
CustomCNN,A,A,True,True,True,0.3156,True,data\A\frame_0090.jpg
CustomCNN,A,A,True,True,True,0.3156,True,data\A\frame_0091.jpg
CustomCNN,A,A,True,True,True,0.3297,True,data\A\frame_0092.jpg
CustomCNN,A,A,True,True,True,0.3261,True,data\A\frame_0093.jpg
CustomCNN,A,A,True,True,True,0.3261,True,data\A\frame_0094.jpg
CustomCNN,A,A,True,True,True,0.308,True,data\A\frame_0095.jpg
CustomCNN,A,A,True,True,True,0.3033,True,data\A\frame_0096.jpg
CustomCNN,A,A,True,True,True,0.3033,True,data\A\frame_0097.jpg
CustomCNN,A,A,True,True,True,0.3066,True,data\A\frame_0098.jpg
CustomCNN,A,A,True,True,True,0.2874,True,data\A\frame_0099.jpg
CustomCNN,A,A,True,True,True,0.2702,True,data\A\frame_0100.jpg
CustomCNN,A,A,True,True,True,0.2702,True,data\A\frame_0101.jpg
CustomCNN,A,A,True,True,True,0.2374,True,data\A\frame_0102.jpg
CustomCNN,A,A,True,True,True,0.2374,True,data\A\frame_0103.jpg
CustomCNN,A,A,True,True,True,0.2293,True,data\A\frame_0104.jpg
CustomCNN,A,A,True,True,True,0.2168,True,data\A\frame_0105.jpg
CustomCNN,A,A,True,True,True,0.2168,True,data\A\frame_0106.jpg
CustomCNN,A,A,True,True,True,0.2216,True,data\A\frame_0107.jpg
CustomCNN,A,A,True,True,True,0.234,True,data\A\frame_0108.jpg
CustomCNN,A,A,True,True,True,0.234,True,data\A\frame_0109.jpg
CustomCNN,A,A,True,True,True,0.243,True,data\A\frame_0110.jpg
CustomCNN,A,A,True,True,True,0.2395,True,data\A\frame_0111.jpg
CustomCNN,A,A,True,True,True,0.2521,True,data\A\frame_0112.jpg
CustomCNN,A,A,True,True,True,0.2521,True,data\A\frame_0113.jpg
CustomCNN,A,A,True,True,True,0.2456,True,data\A\frame_0114.jpg
CustomCNN,A,A,True,True,True,0.2456,True,data\A\frame_0115.jpg
CustomCNN,A,A,True,True,True,0.2608,True,data\A\frame_0116.jpg
CustomCNN,A,A,True,True,True,0.2505,True,data\A\frame_0117.jpg
CustomCNN,A,A,True,True,True,0.2505,True,data\A\frame_0118.jpg
CustomCNN,A,A,True,True,True,0.2632,True,data\A\frame_0119.jpg
CustomCNN,A,A,True,True,True,0.2695,True,data\A\frame_0120.jpg
CustomCNN,A,A,True,True,True,0.2695,True,data\A\frame_0121.jpg
CustomCNN,A,A,True,True,True,0.2577,True,data\A\frame_0122.jpg
CustomCNN,A,A,True,True,True,0.2636,True,data\A\frame_0123.jpg
CustomCNN,A,A,True,True,True,0.2696,True,data\A\frame_0124.jpg
CustomCNN,A,A,True,True,True,0.2696,True,data\A\frame_0125.jpg
CustomCNN,A,A,True,True,True,0.258,True,data\A\frame_0126.jpg
CustomCNN,A,A,True,True,True,0.258,True,data\A\frame_0127.jpg
CustomCNN,A,A,True,True,True,0.2547,True,data\A\frame_0128.jpg
CustomCNN,A,A,True,True,True,0.2671,True,data\A\frame_0129.jpg
CustomCNN,A,A,True,True,True,0.2671,True,data\A\frame_0130.jpg
CustomCNN,A,A,True,True,True,0.2608,True,data\A\frame_0131.jpg
CustomCNN,A,A,True,True,True,0.2362,True,data\A\frame_0132.jpg
CustomCNN,A,A,True,True,True,0.2362,True,data\A\frame_0133.jpg
CustomCNN,A,A,True,True,True,0.2311,True,data\A\frame_0134.jpg
CustomCNN,A,A,True,True,True,0.2286,True,data\A\frame_0135.jpg
CustomCNN,A,A,True,True,True,0.2286,True,data\A\frame_0136.jpg
CustomCNN,A,A,True,True,True,0.2256,True,data\A\frame_0137.jpg
CustomCNN,A,A,True,True,True,0.2367,True,data\A\frame_0138.jpg
CustomCNN,A,A,True,True,True,0.2367,True,data\A\frame_0139.jpg
CustomCNN,A,A,True,True,True,0.232,True,data\A\frame_0140.jpg
CustomCNN,A,A,True,True,True,0.2323,True,data\A\frame_0141.jpg
CustomCNN,A,A,True,True,True,0.2323,True,data\A\frame_0142.jpg
CustomCNN,A,A,True,True,True,0.2388,True,data\A\frame_0143.jpg
CustomCNN,A,A,True,True,True,0.2438,True,data\A\frame_0144.jpg
CustomCNN,A,A,True,True,True,0.2438,True,data\A\frame_0145.jpg
CustomCNN,A,A,True,True,True,0.2452,True,data\A\frame_0146.jpg
CustomCNN,A,A,True,True,True,0.2502,True,data\A\frame_0147.jpg
CustomCNN,A,A,True,True,True,0.2502,True,data\A\frame_0148.jpg
CustomCNN,A,A,True,True,True,0.236,True,data\A\frame_0149.jpg
CustomCNN,A,A,True,True,True,0.2471,True,data\A\frame_0150.jpg
CustomCNN,B,O,False,False,False,0.1885,True,data\B\frame_0001.jpg
CustomCNN,B,O,False,False,False,0.1825,True,data\B\frame_0002.jpg
CustomCNN,B,O,False,False,False,0.1966,True,data\B\frame_0003.jpg
CustomCNN,B,O,False,False,False,0.1917,True,data\B\frame_0004.jpg
CustomCNN,B,O,False,False,False,0.1941,True,data\B\frame_0005.jpg
CustomCNN,B,O,False,False,False,0.1846,True,data\B\frame_0006.jpg
CustomCNN,B,O,False,False,False,0.2008,True,data\B\frame_0007.jpg
CustomCNN,B,O,False,False,False,0.1939,True,data\B\frame_0008.jpg
CustomCNN,B,O,False,False,False,0.1874,True,data\B\frame_0009.jpg
CustomCNN,B,O,False,False,False,0.1948,True,data\B\frame_0010.jpg
CustomCNN,B,O,False,False,False,0.1863,True,data\B\frame_0011.jpg
CustomCNN,B,O,False,False,False,0.185,True,data\B\frame_0012.jpg
CustomCNN,B,O,False,False,False,0.1909,True,data\B\frame_0013.jpg
CustomCNN,B,O,False,False,False,0.1965,True,data\B\frame_0014.jpg
CustomCNN,B,O,False,False,False,0.1915,True,data\B\frame_0015.jpg
CustomCNN,B,O,False,False,False,0.1877,True,data\B\frame_0016.jpg
CustomCNN,B,O,False,False,False,0.1881,True,data\B\frame_0017.jpg
CustomCNN,B,O,False,False,False,0.1838,True,data\B\frame_0018.jpg
CustomCNN,B,O,False,False,False,0.1968,True,data\B\frame_0019.jpg
CustomCNN,B,O,False,False,False,0.1951,True,data\B\frame_0020.jpg
CustomCNN,B,O,False,False,False,0.2027,True,data\B\frame_0021.jpg
CustomCNN,B,O,False,False,False,0.1893,True,data\B\frame_0022.jpg
CustomCNN,B,O,False,False,False,0.1985,True,data\B\frame_0023.jpg
CustomCNN,B,O,False,False,False,0.1963,True,data\B\frame_0024.jpg
CustomCNN,B,O,False,False,False,0.1944,True,data\B\frame_0025.jpg
CustomCNN,B,O,False,False,False,0.1998,True,data\B\frame_0026.jpg
CustomCNN,B,O,False,False,False,0.1938,True,data\B\frame_0027.jpg
CustomCNN,B,O,False,False,False,0.1995,True,data\B\frame_0028.jpg
CustomCNN,B,O,False,False,False,0.2006,True,data\B\frame_0029.jpg
CustomCNN,B,O,False,False,False,0.2053,True,data\B\frame_0030.jpg
CustomCNN,B,O,False,False,False,0.195,True,data\B\frame_0031.jpg
CustomCNN,B,O,False,False,False,0.2023,True,data\B\frame_0032.jpg
CustomCNN,B,O,False,False,False,0.1885,True,data\B\frame_0033.jpg
CustomCNN,B,O,False,False,False,0.1999,True,data\B\frame_0034.jpg
CustomCNN,B,O,False,False,False,0.2014,True,data\B\frame_0035.jpg
CustomCNN,B,O,False,False,False,0.2072,True,data\B\frame_0036.jpg
CustomCNN,B,O,False,False,False,0.2066,True,data\B\frame_0037.jpg
CustomCNN,B,O,False,False,False,0.2103,True,data\B\frame_0038.jpg
CustomCNN,B,O,False,False,False,0.2099,True,data\B\frame_0039.jpg
CustomCNN,B,O,False,False,False,0.2068,True,data\B\frame_0040.jpg
CustomCNN,B,O,False,False,False,0.2116,True,data\B\frame_0041.jpg
CustomCNN,B,O,False,False,False,0.2024,True,data\B\frame_0042.jpg
CustomCNN,B,O,False,False,False,0.2082,True,data\B\frame_0043.jpg
CustomCNN,B,O,False,False,False,0.2129,True,data\B\frame_0044.jpg
CustomCNN,B,O,False,False,False,0.2128,True,data\B\frame_0045.jpg
CustomCNN,B,O,False,False,False,0.222,True,data\B\frame_0046.jpg
CustomCNN,B,O,False,False,False,0.202,True,data\B\frame_0047.jpg
CustomCNN,B,O,False,False,False,0.204,True,data\B\frame_0048.jpg
CustomCNN,B,O,False,False,False,0.2006,True,data\B\frame_0049.jpg
CustomCNN,B,O,False,False,False,0.1949,True,data\B\frame_0050.jpg
CustomCNN,B,O,False,False,False,0.1925,True,data\B\frame_0051.jpg
CustomCNN,B,O,False,False,False,0.1936,True,data\B\frame_0052.jpg
CustomCNN,B,O,False,False,False,0.185,True,data\B\frame_0053.jpg
CustomCNN,B,O,False,False,False,0.1926,True,data\B\frame_0054.jpg
CustomCNN,B,O,False,False,False,0.1957,True,data\B\frame_0055.jpg
CustomCNN,B,O,False,False,False,0.1855,True,data\B\frame_0056.jpg
CustomCNN,B,O,False,False,False,0.19,True,data\B\frame_0057.jpg
CustomCNN,B,O,False,False,False,0.1971,True,data\B\frame_0058.jpg
CustomCNN,B,O,False,False,False,0.1849,True,data\B\frame_0059.jpg
CustomCNN,B,O,False,False,False,0.1945,True,data\B\frame_0060.jpg
CustomCNN,B,O,False,False,False,0.1857,True,data\B\frame_0061.jpg
CustomCNN,B,O,False,False,False,0.1894,True,data\B\frame_0062.jpg
CustomCNN,B,O,False,False,False,0.1946,True,data\B\frame_0063.jpg
CustomCNN,B,O,False,False,False,0.18,True,data\B\frame_0064.jpg
CustomCNN,B,O,False,False,False,0.1924,True,data\B\frame_0065.jpg
CustomCNN,B,O,False,False,False,0.1907,True,data\B\frame_0066.jpg
CustomCNN,B,O,False,False,False,0.1968,True,data\B\frame_0067.jpg
CustomCNN,B,O,False,False,False,0.1832,True,data\B\frame_0068.jpg
CustomCNN,B,O,False,False,False,0.1794,True,data\B\frame_0069.jpg
CustomCNN,B,O,False,False,False,0.1902,True,data\B\frame_0070.jpg
CustomCNN,B,O,False,False,False,0.1778,True,data\B\frame_0071.jpg
CustomCNN,B,O,False,False,False,0.1869,True,data\B\frame_0072.jpg
CustomCNN,B,O,False,False,False,0.1832,True,data\B\frame_0073.jpg
CustomCNN,B,O,False,False,False,0.1739,True,data\B\frame_0074.jpg
CustomCNN,B,O,False,False,False,0.1848,True,data\B\frame_0075.jpg
CustomCNN,B,O,False,False,False,0.1789,True,data\B\frame_0076.jpg
CustomCNN,B,O,False,False,False,0.1836,True,data\B\frame_0077.jpg
CustomCNN,B,O,False,False,False,0.1864,True,data\B\frame_0078.jpg
CustomCNN,B,O,False,False,False,0.1866,True,data\B\frame_0079.jpg
CustomCNN,B,O,False,False,False,0.1817,True,data\B\frame_0080.jpg
CustomCNN,B,O,False,False,False,0.1795,True,data\B\frame_0081.jpg
CustomCNN,B,O,False,False,False,0.1767,True,data\B\frame_0082.jpg
CustomCNN,B,O,False,False,False,0.1814,True,data\B\frame_0083.jpg
CustomCNN,B,O,False,False,False,0.1773,True,data\B\frame_0084.jpg
CustomCNN,B,O,False,False,False,0.1835,True,data\B\frame_0085.jpg
CustomCNN,B,O,False,False,False,0.1885,True,data\B\frame_0086.jpg
CustomCNN,B,O,False,False,False,0.189,True,data\B\frame_0087.jpg
CustomCNN,B,O,False,False,False,0.1882,True,data\B\frame_0088.jpg
CustomCNN,B,O,False,False,False,0.1808,True,data\B\frame_0089.jpg
CustomCNN,B,O,False,False,False,0.1868,True,data\B\frame_0090.jpg
CustomCNN,B,O,False,False,False,0.1938,True,data\B\frame_0091.jpg
CustomCNN,B,O,False,False,False,0.1951,True,data\B\frame_0092.jpg
CustomCNN,B,O,False,False,False,0.1787,True,data\B\frame_0093.jpg
CustomCNN,B,O,False,False,False,0.1833,True,data\B\frame_0094.jpg
CustomCNN,B,O,False,False,False,0.1731,True,data\B\frame_0095.jpg
CustomCNN,B,O,False,False,False,0.1775,True,data\B\frame_0096.jpg
CustomCNN,B,O,False,False,False,0.1909,True,data\B\frame_0097.jpg
CustomCNN,B,O,False,False,False,0.1668,True,data\B\frame_0098.jpg
CustomCNN,B,O,False,False,False,0.1846,True,data\B\frame_0099.jpg
CustomCNN,B,O,False,False,False,0.1703,True,data\B\frame_0100.jpg
CustomCNN,B,O,False,False,False,0.1827,True,data\B\frame_0101.jpg
CustomCNN,B,O,False,False,False,0.1814,True,data\B\frame_0102.jpg
CustomCNN,B,O,False,False,False,0.1806,True,data\B\frame_0103.jpg
CustomCNN,B,O,False,False,False,0.1798,True,data\B\frame_0104.jpg
CustomCNN,B,O,False,False,False,0.1814,True,data\B\frame_0105.jpg
CustomCNN,B,O,False,False,False,0.1855,True,data\B\frame_0106.jpg
CustomCNN,B,O,False,False,False,0.1876,True,data\B\frame_0107.jpg
CustomCNN,B,O,False,False,False,0.1992,True,data\B\frame_0108.jpg
CustomCNN,B,O,False,False,False,0.1898,True,data\B\frame_0109.jpg
CustomCNN,B,O,False,False,False,0.1823,True,data\B\frame_0110.jpg
CustomCNN,B,O,False,False,False,0.1912,True,data\B\frame_0111.jpg
CustomCNN,B,O,False,False,False,0.1899,True,data\B\frame_0112.jpg
CustomCNN,B,O,False,False,False,0.1881,True,data\B\frame_0113.jpg
CustomCNN,B,O,False,False,False,0.1812,True,data\B\frame_0114.jpg
CustomCNN,B,O,False,False,False,0.1877,True,data\B\frame_0115.jpg
CustomCNN,B,O,False,False,False,0.1836,True,data\B\frame_0116.jpg
CustomCNN,B,O,False,False,False,0.1959,True,data\B\frame_0117.jpg
CustomCNN,B,O,False,False,False,0.1918,True,data\B\frame_0118.jpg
CustomCNN,B,O,False,False,False,0.1894,True,data\B\frame_0119.jpg
CustomCNN,B,O,False,False,False,0.1912,True,data\B\frame_0120.jpg
CustomCNN,B,O,False,False,False,0.1891,True,data\B\frame_0121.jpg
CustomCNN,B,O,False,False,False,0.1854,True,data\B\frame_0122.jpg
CustomCNN,B,O,False,False,False,0.1907,True,data\B\frame_0123.jpg
CustomCNN,B,O,False,False,False,0.1768,True,data\B\frame_0124.jpg
CustomCNN,B,O,False,False,False,0.1765,True,data\B\frame_0125.jpg
CustomCNN,B,O,False,False,False,0.1859,True,data\B\frame_0126.jpg
CustomCNN,B,O,False,False,False,0.1865,True,data\B\frame_0127.jpg
CustomCNN,B,O,False,False,False,0.1789,True,data\B\frame_0128.jpg
CustomCNN,B,O,False,False,False,0.1831,True,data\B\frame_0129.jpg
CustomCNN,B,O,False,False,False,0.1872,True,data\B\frame_0130.jpg
CustomCNN,B,O,False,False,False,0.1836,True,data\B\frame_0131.jpg
CustomCNN,B,O,False,False,False,0.184,True,data\B\frame_0132.jpg
CustomCNN,B,O,False,False,False,0.1848,True,data\B\frame_0133.jpg
CustomCNN,B,O,False,False,False,0.1799,True,data\B\frame_0134.jpg
CustomCNN,B,O,False,False,False,0.1885,True,data\B\frame_0135.jpg
CustomCNN,B,O,False,False,False,0.1867,True,data\B\frame_0136.jpg
CustomCNN,B,O,False,False,False,0.1798,True,data\B\frame_0137.jpg
CustomCNN,B,O,False,False,False,0.1789,True,data\B\frame_0138.jpg
CustomCNN,B,O,False,False,False,0.1805,True,data\B\frame_0139.jpg
CustomCNN,B,O,False,False,False,0.1897,True,data\B\frame_0140.jpg
CustomCNN,B,O,False,False,False,0.1825,True,data\B\frame_0141.jpg
CustomCNN,B,O,False,False,False,0.1889,True,data\B\frame_0142.jpg
CustomCNN,B,O,False,False,False,0.1916,True,data\B\frame_0143.jpg
CustomCNN,B,O,False,False,False,0.1806,True,data\B\frame_0144.jpg
CustomCNN,B,O,False,False,False,0.1744,True,data\B\frame_0145.jpg
CustomCNN,B,O,False,False,False,0.1741,True,data\B\frame_0146.jpg
CustomCNN,B,O,False,False,False,0.1821,True,data\B\frame_0147.jpg
CustomCNN,B,O,False,False,False,0.1722,True,data\B\frame_0148.jpg
CustomCNN,B,O,False,False,False,0.1839,True,data\B\frame_0149.jpg
CustomCNN,B,O,False,False,False,0.1773,True,data\B\frame_0150.jpg
CustomCNN,C,O,False,True,True,0.31,True,data\C\frame_0001.jpg
CustomCNN,C,O,False,True,True,0.2394,True,data\C\frame_0002.jpg
CustomCNN,C,O,False,True,True,0.3351,True,data\C\frame_0003.jpg
CustomCNN,C,O,False,True,True,0.3344,True,data\C\frame_0004.jpg
CustomCNN,C,O,False,True,True,0.3222,True,data\C\frame_0005.jpg
CustomCNN,C,O,False,True,True,0.2381,True,data\C\frame_0006.jpg
CustomCNN,C,O,False,True,True,0.2507,True,data\C\frame_0007.jpg
CustomCNN,C,O,False,True,True,0.2788,True,data\C\frame_0008.jpg
CustomCNN,C,O,False,True,True,0.2785,True,data\C\frame_0009.jpg
CustomCNN,C,O,False,True,True,0.285,True,data\C\frame_0010.jpg
CustomCNN,C,O,False,True,True,0.2762,True,data\C\frame_0011.jpg
CustomCNN,C,O,False,True,True,0.2762,True,data\C\frame_0012.jpg
CustomCNN,C,O,False,True,True,0.2426,True,data\C\frame_0013.jpg
CustomCNN,C,O,False,True,True,0.2612,True,data\C\frame_0014.jpg
CustomCNN,C,O,False,True,True,0.2474,True,data\C\frame_0015.jpg
CustomCNN,C,O,False,True,True,0.2616,True,data\C\frame_0016.jpg
CustomCNN,C,O,False,True,True,0.2944,True,data\C\frame_0017.jpg
CustomCNN,C,O,False,True,True,0.2435,True,data\C\frame_0018.jpg
CustomCNN,C,O,False,True,True,0.2266,True,data\C\frame_0019.jpg
CustomCNN,C,O,False,True,True,0.2739,True,data\C\frame_0020.jpg
CustomCNN,C,O,False,True,True,0.2488,True,data\C\frame_0021.jpg
CustomCNN,C,O,False,True,True,0.2612,True,data\C\frame_0022.jpg
CustomCNN,C,O,False,True,True,0.2612,True,data\C\frame_0023.jpg
CustomCNN,C,O,False,True,True,0.2709,True,data\C\frame_0024.jpg
CustomCNN,C,O,False,True,True,0.2637,True,data\C\frame_0025.jpg
CustomCNN,C,O,False,True,True,0.2321,True,data\C\frame_0026.jpg
CustomCNN,C,O,False,True,True,0.2377,True,data\C\frame_0027.jpg
CustomCNN,C,O,False,True,True,0.27,True,data\C\frame_0028.jpg
CustomCNN,C,O,False,True,True,0.2536,True,data\C\frame_0029.jpg
CustomCNN,C,O,False,True,True,0.2997,True,data\C\frame_0030.jpg
CustomCNN,C,O,False,True,True,0.2912,True,data\C\frame_0031.jpg
CustomCNN,C,O,False,True,True,0.2348,True,data\C\frame_0032.jpg
CustomCNN,C,O,False,True,True,0.2703,True,data\C\frame_0033.jpg
CustomCNN,C,O,False,True,True,0.2703,True,data\C\frame_0034.jpg
CustomCNN,C,O,False,True,True,0.2409,True,data\C\frame_0035.jpg
CustomCNN,C,O,False,True,True,0.2557,True,data\C\frame_0036.jpg
CustomCNN,C,O,False,True,True,0.2505,True,data\C\frame_0037.jpg
CustomCNN,C,O,False,True,True,0.2509,True,data\C\frame_0038.jpg
CustomCNN,C,O,False,True,True,0.25,True,data\C\frame_0039.jpg
CustomCNN,C,O,False,True,True,0.2677,True,data\C\frame_0040.jpg
CustomCNN,C,O,False,True,True,0.3061,True,data\C\frame_0041.jpg
CustomCNN,C,O,False,True,True,0.2806,True,data\C\frame_0042.jpg
CustomCNN,C,O,False,False,True,0.2934,True,data\C\frame_0043.jpg
CustomCNN,C,O,False,False,False,0.292,True,data\C\frame_0044.jpg
CustomCNN,C,O,False,False,False,0.292,True,data\C\frame_0045.jpg
CustomCNN,C,O,False,True,True,0.3031,True,data\C\frame_0046.jpg
CustomCNN,C,O,False,False,False,0.3168,True,data\C\frame_0047.jpg
CustomCNN,C,O,False,False,False,0.3097,True,data\C\frame_0048.jpg
CustomCNN,C,O,False,False,False,0.3894,True,data\C\frame_0049.jpg
CustomCNN,C,O,False,False,False,0.3589,True,data\C\frame_0050.jpg
CustomCNN,C,O,False,False,False,0.3287,True,data\C\frame_0051.jpg
CustomCNN,C,O,False,False,False,0.3157,True,data\C\frame_0052.jpg
CustomCNN,C,O,False,False,False,0.3294,True,data\C\frame_0053.jpg
CustomCNN,C,O,False,False,False,0.3252,True,data\C\frame_0054.jpg
CustomCNN,C,O,False,False,False,0.3537,True,data\C\frame_0055.jpg
CustomCNN,C,O,False,False,False,0.3537,True,data\C\frame_0056.jpg
CustomCNN,C,O,False,False,False,0.3229,True,data\C\frame_0057.jpg
CustomCNN,C,O,False,False,False,0.3602,True,data\C\frame_0058.jpg
CustomCNN,C,O,False,False,True,0.3462,True,data\C\frame_0059.jpg
CustomCNN,C,O,False,False,False,0.3616,True,data\C\frame_0060.jpg
CustomCNN,C,O,False,False,False,0.3652,True,data\C\frame_0061.jpg
CustomCNN,C,O,False,False,False,0.34,True,data\C\frame_0062.jpg
CustomCNN,C,O,False,False,False,0.3895,True,data\C\frame_0063.jpg
CustomCNN,C,O,False,False,False,0.3427,True,data\C\frame_0064.jpg
CustomCNN,C,O,False,False,False,0.3694,True,data\C\frame_0065.jpg
CustomCNN,C,O,False,True,True,0.3391,True,data\C\frame_0066.jpg
CustomCNN,C,O,False,True,True,0.3391,True,data\C\frame_0067.jpg
CustomCNN,C,O,False,False,True,0.3771,True,data\C\frame_0068.jpg
CustomCNN,C,O,False,False,False,0.3812,True,data\C\frame_0069.jpg
CustomCNN,C,O,False,False,False,0.368,True,data\C\frame_0070.jpg
CustomCNN,C,O,False,False,False,0.3615,True,data\C\frame_0071.jpg
CustomCNN,C,O,False,False,False,0.3661,True,data\C\frame_0072.jpg
CustomCNN,C,O,False,False,False,0.3749,True,data\C\frame_0073.jpg
CustomCNN,C,O,False,False,True,0.345,True,data\C\frame_0074.jpg
CustomCNN,C,O,False,False,False,0.3726,True,data\C\frame_0075.jpg
CustomCNN,C,O,False,False,False,0.3843,True,data\C\frame_0076.jpg
CustomCNN,C,O,False,False,False,0.3843,True,data\C\frame_0077.jpg
CustomCNN,C,O,False,False,False,0.4241,True,data\C\frame_0078.jpg
CustomCNN,C,O,False,False,False,0.4028,True,data\C\frame_0079.jpg
CustomCNN,C,O,False,False,True,0.37,True,data\C\frame_0080.jpg
CustomCNN,C,O,False,False,False,0.3639,True,data\C\frame_0081.jpg
CustomCNN,C,O,False,False,True,0.3767,True,data\C\frame_0082.jpg
CustomCNN,C,O,False,False,True,0.3994,True,data\C\frame_0083.jpg
CustomCNN,C,O,False,True,True,0.3857,True,data\C\frame_0084.jpg
CustomCNN,C,O,False,False,False,0.4286,True,data\C\frame_0085.jpg
CustomCNN,C,O,False,True,True,0.3453,True,data\C\frame_0086.jpg
CustomCNN,C,O,False,True,True,0.3811,True,data\C\frame_0087.jpg
CustomCNN,C,O,False,True,True,0.3811,True,data\C\frame_0088.jpg
CustomCNN,C,O,False,True,True,0.3909,True,data\C\frame_0089.jpg
CustomCNN,C,O,False,True,True,0.3609,True,data\C\frame_0090.jpg
CustomCNN,C,O,False,True,True,0.3797,True,data\C\frame_0091.jpg
CustomCNN,C,O,False,True,True,0.3341,True,data\C\frame_0092.jpg
CustomCNN,C,O,False,True,True,0.3277,True,data\C\frame_0093.jpg
CustomCNN,C,O,False,True,True,0.3736,True,data\C\frame_0094.jpg
CustomCNN,C,O,False,True,True,0.3143,True,data\C\frame_0095.jpg
CustomCNN,C,O,False,True,True,0.3301,True,data\C\frame_0096.jpg
CustomCNN,C,O,False,True,True,0.3531,True,data\C\frame_0097.jpg
CustomCNN,C,O,False,True,True,0.3682,True,data\C\frame_0098.jpg
CustomCNN,C,O,False,True,True,0.3493,True,data\C\frame_0099.jpg
CustomCNN,C,O,False,True,True,0.3548,True,data\C\frame_0100.jpg
CustomCNN,C,O,False,True,True,0.3717,True,data\C\frame_0101.jpg
CustomCNN,C,O,False,True,True,0.3566,True,data\C\frame_0102.jpg
CustomCNN,C,O,False,True,True,0.3617,True,data\C\frame_0103.jpg
CustomCNN,C,O,False,True,True,0.3545,True,data\C\frame_0104.jpg
CustomCNN,C,O,False,True,True,0.3677,True,data\C\frame_0105.jpg
CustomCNN,C,O,False,True,True,0.3244,True,data\C\frame_0106.jpg
CustomCNN,C,O,False,True,True,0.3061,True,data\C\frame_0107.jpg
CustomCNN,C,O,False,True,True,0.2576,True,data\C\frame_0108.jpg
CustomCNN,C,O,False,True,True,0.3142,True,data\C\frame_0109.jpg
CustomCNN,C,O,False,True,True,0.2857,True,data\C\frame_0110.jpg
CustomCNN,C,O,False,True,True,0.3145,True,data\C\frame_0111.jpg
CustomCNN,C,O,False,True,True,0.3003,True,data\C\frame_0112.jpg
CustomCNN,C,O,False,True,True,0.2796,True,data\C\frame_0113.jpg
CustomCNN,C,O,False,True,True,0.2667,True,data\C\frame_0114.jpg
CustomCNN,C,O,False,True,True,0.2834,True,data\C\frame_0115.jpg
CustomCNN,C,O,False,True,True,0.294,True,data\C\frame_0116.jpg
CustomCNN,C,O,False,True,True,0.2675,True,data\C\frame_0117.jpg
CustomCNN,C,O,False,True,True,0.285,True,data\C\frame_0118.jpg
CustomCNN,C,O,False,True,True,0.2946,True,data\C\frame_0119.jpg
CustomCNN,C,O,False,True,True,0.3082,True,data\C\frame_0120.jpg
CustomCNN,C,O,False,True,True,0.3032,True,data\C\frame_0121.jpg
CustomCNN,C,O,False,True,True,0.2445,True,data\C\frame_0122.jpg
CustomCNN,C,O,False,False,True,0.2602,True,data\C\frame_0123.jpg
CustomCNN,C,O,False,True,True,0.2409,True,data\C\frame_0124.jpg
CustomCNN,C,O,False,True,True,0.2695,True,data\C\frame_0125.jpg
CustomCNN,C,O,False,True,True,0.2668,True,data\C\frame_0126.jpg
CustomCNN,C,O,False,True,True,0.3019,True,data\C\frame_0127.jpg
CustomCNN,C,O,False,True,True,0.2841,True,data\C\frame_0128.jpg
CustomCNN,C,O,False,False,True,0.2994,True,data\C\frame_0129.jpg
CustomCNN,C,O,False,True,True,0.2972,True,data\C\frame_0130.jpg
CustomCNN,C,O,False,True,True,0.3286,True,data\C\frame_0131.jpg
CustomCNN,C,O,False,True,True,0.3096,True,data\C\frame_0132.jpg
CustomCNN,C,O,False,True,True,0.294,True,data\C\frame_0133.jpg
CustomCNN,C,O,False,True,True,0.3133,True,data\C\frame_0134.jpg
CustomCNN,C,O,False,True,True,0.227,True,data\C\frame_0135.jpg
CustomCNN,C,O,False,True,True,0.2575,True,data\C\frame_0136.jpg
CustomCNN,C,O,False,True,True,0.2242,True,data\C\frame_0137.jpg
CustomCNN,C,O,False,True,True,0.2142,True,data\C\frame_0138.jpg
CustomCNN,C,O,False,True,True,0.243,True,data\C\frame_0139.jpg
CustomCNN,C,O,False,True,True,0.2136,True,data\C\frame_0140.jpg
CustomCNN,C,O,False,True,True,0.24,True,data\C\frame_0141.jpg
CustomCNN,C,O,False,True,True,0.2185,True,data\C\frame_0142.jpg
CustomCNN,C,O,False,True,True,0.2461,True,data\C\frame_0143.jpg
CustomCNN,C,O,False,True,True,0.2215,True,data\C\frame_0144.jpg
CustomCNN,C,O,False,True,True,0.2444,True,data\C\frame_0145.jpg
CustomCNN,C,O,False,True,True,0.252,True,data\C\frame_0146.jpg
CustomCNN,C,O,False,True,True,0.2292,True,data\C\frame_0147.jpg
CustomCNN,C,O,False,True,True,0.2799,True,data\C\frame_0148.jpg
CustomCNN,C,O,False,True,True,0.269,True,data\C\frame_0149.jpg
CustomCNN,C,O,False,True,True,0.2166,True,data\C\frame_0150.jpg
CustomCNN,D,O,False,False,False,0.1826,True,data\D\frame_0001.jpg
CustomCNN,D,O,False,False,False,0.1802,True,data\D\frame_0002.jpg
CustomCNN,D,O,False,False,False,0.1861,True,data\D\frame_0003.jpg
CustomCNN,D,O,False,False,False,0.1767,True,data\D\frame_0004.jpg
CustomCNN,D,O,False,False,False,0.1868,True,data\D\frame_0005.jpg
CustomCNN,D,O,False,False,False,0.1924,True,data\D\frame_0006.jpg
CustomCNN,D,O,False,False,False,0.2086,True,data\D\frame_0007.jpg
CustomCNN,D,O,False,False,False,0.1811,True,data\D\frame_0008.jpg
CustomCNN,D,O,False,False,False,0.1724,True,data\D\frame_0009.jpg
CustomCNN,D,O,False,False,False,0.1932,True,data\D\frame_0010.jpg
CustomCNN,D,O,False,False,False,0.1804,True,data\D\frame_0011.jpg
CustomCNN,D,O,False,False,False,0.191,True,data\D\frame_0012.jpg
CustomCNN,D,O,False,False,False,0.1816,True,data\D\frame_0013.jpg
CustomCNN,D,O,False,False,False,0.2029,True,data\D\frame_0014.jpg
CustomCNN,D,O,False,False,False,0.1823,True,data\D\frame_0015.jpg
CustomCNN,D,O,False,False,False,0.1879,True,data\D\frame_0016.jpg
CustomCNN,D,O,False,False,False,0.1856,True,data\D\frame_0017.jpg
CustomCNN,D,O,False,False,False,0.1837,True,data\D\frame_0018.jpg
CustomCNN,D,O,False,False,False,0.1897,True,data\D\frame_0019.jpg
CustomCNN,D,O,False,False,False,0.1981,True,data\D\frame_0020.jpg
CustomCNN,D,O,False,False,False,0.202,True,data\D\frame_0021.jpg
CustomCNN,D,O,False,False,True,0.1917,True,data\D\frame_0022.jpg
CustomCNN,D,O,False,False,True,0.1969,True,data\D\frame_0023.jpg
CustomCNN,D,O,False,False,False,0.1903,True,data\D\frame_0024.jpg
CustomCNN,D,O,False,False,False,0.2149,True,data\D\frame_0025.jpg
CustomCNN,D,O,False,False,True,0.1903,True,data\D\frame_0026.jpg
CustomCNN,D,O,False,False,True,0.1899,True,data\D\frame_0027.jpg
CustomCNN,D,O,False,True,True,0.1762,True,data\D\frame_0028.jpg
CustomCNN,D,O,False,True,True,0.1706,True,data\D\frame_0029.jpg
CustomCNN,D,O,False,True,True,0.1648,True,data\D\frame_0030.jpg
CustomCNN,D,O,False,True,True,0.1511,True,data\D\frame_0031.jpg
CustomCNN,D,O,False,True,True,0.1699,True,data\D\frame_0032.jpg
CustomCNN,D,O,False,True,True,0.172,True,data\D\frame_0033.jpg
CustomCNN,D,O,False,True,True,0.1636,True,data\D\frame_0034.jpg
CustomCNN,D,O,False,True,True,0.1573,True,data\D\frame_0035.jpg
CustomCNN,D,O,False,True,True,0.1699,True,data\D\frame_0036.jpg
CustomCNN,D,O,False,True,True,0.1647,True,data\D\frame_0037.jpg
CustomCNN,D,O,False,True,True,0.182,True,data\D\frame_0038.jpg
CustomCNN,D,O,False,True,True,0.1741,True,data\D\frame_0039.jpg
CustomCNN,D,O,False,True,True,0.1558,True,data\D\frame_0040.jpg
CustomCNN,D,O,False,True,True,0.1778,True,data\D\frame_0041.jpg
CustomCNN,D,O,False,True,True,0.1768,True,data\D\frame_0042.jpg
CustomCNN,D,O,False,True,True,0.1642,True,data\D\frame_0043.jpg
CustomCNN,D,O,False,True,True,0.1732,True,data\D\frame_0044.jpg
CustomCNN,D,O,False,True,True,0.1809,True,data\D\frame_0045.jpg
CustomCNN,D,O,False,True,True,0.162,True,data\D\frame_0046.jpg
CustomCNN,D,O,False,True,True,0.185,True,data\D\frame_0047.jpg
CustomCNN,D,O,False,True,True,0.1727,True,data\D\frame_0048.jpg
CustomCNN,D,O,False,True,True,0.1548,True,data\D\frame_0049.jpg
CustomCNN,D,O,False,True,True,0.1827,True,data\D\frame_0050.jpg
CustomCNN,D,O,False,True,True,0.1768,True,data\D\frame_0051.jpg
CustomCNN,D,O,False,True,True,0.1577,True,data\D\frame_0052.jpg
CustomCNN,D,O,False,True,True,0.1695,True,data\D\frame_0053.jpg
CustomCNN,D,O,False,True,True,0.1672,True,data\D\frame_0054.jpg
CustomCNN,D,O,False,True,True,0.1779,True,data\D\frame_0055.jpg
CustomCNN,D,O,False,True,True,0.1745,True,data\D\frame_0056.jpg
CustomCNN,D,O,False,True,True,0.1874,True,data\D\frame_0057.jpg
CustomCNN,D,O,False,True,True,0.1696,True,data\D\frame_0058.jpg
CustomCNN,D,O,False,True,True,0.169,True,data\D\frame_0059.jpg
CustomCNN,D,O,False,True,True,0.1659,True,data\D\frame_0060.jpg
CustomCNN,D,O,False,True,True,0.1712,True,data\D\frame_0061.jpg
CustomCNN,D,O,False,True,True,0.1764,True,data\D\frame_0062.jpg
CustomCNN,D,O,False,False,False,0.1716,True,data\D\frame_0063.jpg
CustomCNN,D,O,False,True,True,0.1781,True,data\D\frame_0064.jpg
CustomCNN,D,O,False,True,True,0.1658,True,data\D\frame_0065.jpg
CustomCNN,D,O,False,False,True,0.1699,True,data\D\frame_0066.jpg
CustomCNN,D,O,False,False,False,0.1585,True,data\D\frame_0067.jpg
CustomCNN,D,O,False,False,False,0.1708,True,data\D\frame_0068.jpg
CustomCNN,D,O,False,False,False,0.1681,True,data\D\frame_0069.jpg
CustomCNN,D,O,False,False,False,0.1525,True,data\D\frame_0070.jpg
CustomCNN,D,O,False,False,False,0.1851,True,data\D\frame_0071.jpg
CustomCNN,D,O,False,False,False,0.1683,True,data\D\frame_0072.jpg
CustomCNN,D,O,False,False,False,0.1642,True,data\D\frame_0073.jpg
CustomCNN,D,O,False,False,False,0.1657,True,data\D\frame_0074.jpg
CustomCNN,D,O,False,False,False,0.1526,True,data\D\frame_0075.jpg
CustomCNN,D,O,False,False,False,0.1585,True,data\D\frame_0076.jpg
CustomCNN,D,O,False,False,False,0.1698,True,data\D\frame_0077.jpg
CustomCNN,D,O,False,False,False,0.1749,True,data\D\frame_0078.jpg
CustomCNN,D,O,False,False,False,0.1692,True,data\D\frame_0079.jpg
CustomCNN,D,O,False,False,False,0.1585,True,data\D\frame_0080.jpg
CustomCNN,D,O,False,False,False,0.1648,True,data\D\frame_0081.jpg
CustomCNN,D,O,False,False,False,0.1599,True,data\D\frame_0082.jpg
CustomCNN,D,O,False,False,False,0.17,True,data\D\frame_0083.jpg
CustomCNN,D,O,False,False,False,0.1659,True,data\D\frame_0084.jpg
CustomCNN,D,O,False,False,False,0.1659,True,data\D\frame_0085.jpg
CustomCNN,D,O,False,False,False,0.172,True,data\D\frame_0086.jpg
CustomCNN,D,O,False,False,False,0.1573,True,data\D\frame_0087.jpg
CustomCNN,D,O,False,False,False,0.1742,True,data\D\frame_0088.jpg
CustomCNN,D,O,False,False,False,0.1588,True,data\D\frame_0089.jpg
CustomCNN,D,O,False,False,False,0.171,True,data\D\frame_0090.jpg
CustomCNN,D,O,False,False,False,0.1766,True,data\D\frame_0091.jpg
CustomCNN,D,O,False,False,False,0.1754,True,data\D\frame_0092.jpg
CustomCNN,D,O,False,False,False,0.1571,True,data\D\frame_0093.jpg
CustomCNN,D,O,False,False,False,0.1667,True,data\D\frame_0094.jpg
CustomCNN,D,O,False,False,False,0.1743,True,data\D\frame_0095.jpg
CustomCNN,D,O,False,False,False,0.1743,True,data\D\frame_0096.jpg
CustomCNN,D,O,False,False,False,0.1614,True,data\D\frame_0097.jpg
CustomCNN,D,O,False,False,False,0.1632,True,data\D\frame_0098.jpg
CustomCNN,D,O,False,False,False,0.173,True,data\D\frame_0099.jpg
CustomCNN,D,O,False,False,False,0.1652,True,data\D\frame_0100.jpg
CustomCNN,D,O,False,False,False,0.1599,True,data\D\frame_0101.jpg
CustomCNN,D,O,False,False,False,0.1622,True,data\D\frame_0102.jpg
CustomCNN,D,O,False,False,False,0.1625,True,data\D\frame_0103.jpg
CustomCNN,D,O,False,False,False,0.155,True,data\D\frame_0104.jpg
CustomCNN,D,O,False,False,False,0.1643,True,data\D\frame_0105.jpg
CustomCNN,D,O,False,False,False,0.168,True,data\D\frame_0106.jpg
CustomCNN,D,O,False,False,False,0.168,True,data\D\frame_0107.jpg
CustomCNN,D,O,False,False,False,0.168,True,data\D\frame_0108.jpg
CustomCNN,D,O,False,False,False,0.1612,True,data\D\frame_0109.jpg
CustomCNN,D,O,False,False,False,0.1645,True,data\D\frame_0110.jpg
CustomCNN,D,O,False,False,False,0.1591,True,data\D\frame_0111.jpg
CustomCNN,D,O,False,False,False,0.1597,True,data\D\frame_0112.jpg
CustomCNN,D,O,False,False,False,0.16,True,data\D\frame_0113.jpg
CustomCNN,D,O,False,False,False,0.1619,True,data\D\frame_0114.jpg
CustomCNN,D,O,False,False,False,0.1791,True,data\D\frame_0115.jpg
CustomCNN,D,O,False,False,False,0.1617,True,data\D\frame_0116.jpg
CustomCNN,D,O,False,False,False,0.1697,True,data\D\frame_0117.jpg
CustomCNN,D,O,False,False,False,0.1697,True,data\D\frame_0118.jpg
CustomCNN,D,O,False,False,False,0.1469,True,data\D\frame_0119.jpg
CustomCNN,D,O,False,False,False,0.1542,True,data\D\frame_0120.jpg
CustomCNN,D,O,False,False,False,0.1626,True,data\D\frame_0121.jpg
CustomCNN,D,O,False,False,False,0.1696,True,data\D\frame_0122.jpg
CustomCNN,D,O,False,False,False,0.1573,True,data\D\frame_0123.jpg
CustomCNN,D,O,False,False,False,0.1549,True,data\D\frame_0124.jpg
CustomCNN,D,O,False,False,False,0.1642,True,data\D\frame_0125.jpg
CustomCNN,D,O,False,False,False,0.1654,True,data\D\frame_0126.jpg
CustomCNN,D,O,False,False,False,0.173,True,data\D\frame_0127.jpg
CustomCNN,D,O,False,False,False,0.1531,True,data\D\frame_0128.jpg
CustomCNN,D,O,False,False,False,0.1531,True,data\D\frame_0129.jpg
CustomCNN,D,O,False,False,False,0.1602,True,data\D\frame_0130.jpg
CustomCNN,D,O,False,False,True,0.1592,True,data\D\frame_0131.jpg
CustomCNN,D,O,False,False,False,0.1512,True,data\D\frame_0132.jpg
CustomCNN,D,O,False,False,True,0.1609,True,data\D\frame_0133.jpg
CustomCNN,D,O,False,False,False,0.1764,True,data\D\frame_0134.jpg
CustomCNN,D,O,False,False,False,0.1618,True,data\D\frame_0135.jpg
CustomCNN,D,O,False,False,False,0.1634,True,data\D\frame_0136.jpg
CustomCNN,D,O,False,False,False,0.162,True,data\D\frame_0137.jpg
CustomCNN,D,O,False,False,False,0.1668,True,data\D\frame_0138.jpg
CustomCNN,D,O,False,False,False,0.1553,True,data\D\frame_0139.jpg
CustomCNN,D,O,False,False,False,0.1553,True,data\D\frame_0140.jpg
CustomCNN,D,O,False,False,False,0.1574,True,data\D\frame_0141.jpg
CustomCNN,D,O,False,False,False,0.1673,True,data\D\frame_0142.jpg
CustomCNN,D,O,False,False,False,0.1667,True,data\D\frame_0143.jpg
CustomCNN,D,O,False,False,False,0.175,True,data\D\frame_0144.jpg
CustomCNN,D,O,False,False,False,0.1644,True,data\D\frame_0145.jpg
CustomCNN,D,O,False,False,False,0.1587,True,data\D\frame_0146.jpg
CustomCNN,D,O,False,False,False,0.1628,True,data\D\frame_0147.jpg
CustomCNN,D,O,False,False,True,0.16,True,data\D\frame_0148.jpg
CustomCNN,D,O,False,False,False,0.1716,True,data\D\frame_0149.jpg
CustomCNN,D,O,False,False,False,0.1823,True,data\D\frame_0150.jpg
CustomCNN,Đ,O,False,False,False,0.221,True,data\Dd\frame_0001.jpg
CustomCNN,Đ,O,False,False,False,0.1951,True,data\Dd\frame_0002.jpg
CustomCNN,Đ,O,False,False,False,0.2,True,data\Dd\frame_0003.jpg
CustomCNN,Đ,O,False,False,False,0.1698,True,data\Dd\frame_0004.jpg
CustomCNN,Đ,O,False,False,False,0.2167,True,data\Dd\frame_0005.jpg
CustomCNN,Đ,O,False,False,False,0.1942,True,data\Dd\frame_0006.jpg
CustomCNN,Đ,O,False,False,False,0.1935,True,data\Dd\frame_0007.jpg
CustomCNN,Đ,O,False,False,False,0.2155,True,data\Dd\frame_0008.jpg
CustomCNN,Đ,O,False,False,False,0.2077,True,data\Dd\frame_0009.jpg
CustomCNN,Đ,O,False,False,False,0.2306,True,data\Dd\frame_0010.jpg
CustomCNN,Đ,O,False,False,False,0.2106,True,data\Dd\frame_0011.jpg
CustomCNN,Đ,O,False,False,False,0.2106,True,data\Dd\frame_0012.jpg
CustomCNN,Đ,O,False,False,False,0.2194,True,data\Dd\frame_0013.jpg
CustomCNN,Đ,O,False,False,False,0.2185,True,data\Dd\frame_0014.jpg
CustomCNN,Đ,O,False,False,False,0.2107,True,data\Dd\frame_0015.jpg
CustomCNN,Đ,O,False,False,False,0.2353,True,data\Dd\frame_0016.jpg
CustomCNN,Đ,O,False,False,False,0.1904,True,data\Dd\frame_0017.jpg
CustomCNN,Đ,O,False,False,False,0.2233,True,data\Dd\frame_0018.jpg
CustomCNN,Đ,O,False,False,False,0.2145,True,data\Dd\frame_0019.jpg
CustomCNN,Đ,O,False,False,False,0.1892,True,data\Dd\frame_0020.jpg
CustomCNN,Đ,O,False,False,False,0.2204,True,data\Dd\frame_0021.jpg
CustomCNN,Đ,O,False,False,False,0.1958,True,data\Dd\frame_0022.jpg
CustomCNN,Đ,O,False,False,False,0.1958,True,data\Dd\frame_0023.jpg
CustomCNN,Đ,O,False,False,False,0.1918,True,data\Dd\frame_0024.jpg
CustomCNN,Đ,O,False,False,False,0.2251,True,data\Dd\frame_0025.jpg
CustomCNN,Đ,O,False,False,False,0.2164,True,data\Dd\frame_0026.jpg
CustomCNN,Đ,O,False,False,False,0.219,True,data\Dd\frame_0027.jpg
CustomCNN,Đ,O,False,False,False,0.2035,True,data\Dd\frame_0028.jpg
CustomCNN,Đ,O,False,False,False,0.2067,True,data\Dd\frame_0029.jpg
CustomCNN,Đ,O,False,False,False,0.2,True,data\Dd\frame_0030.jpg
CustomCNN,Đ,O,False,False,False,0.2071,True,data\Dd\frame_0031.jpg
CustomCNN,Đ,O,False,False,False,0.2035,True,data\Dd\frame_0032.jpg
CustomCNN,Đ,O,False,False,False,0.1783,True,data\Dd\frame_0033.jpg
CustomCNN,Đ,O,False,False,False,0.204,True,data\Dd\frame_0034.jpg
CustomCNN,Đ,O,False,False,False,0.1855,True,data\Dd\frame_0035.jpg
CustomCNN,Đ,O,False,False,False,0.1836,True,data\Dd\frame_0036.jpg
CustomCNN,Đ,O,False,False,False,0.1803,True,data\Dd\frame_0037.jpg
CustomCNN,Đ,O,False,False,False,0.1888,True,data\Dd\frame_0038.jpg
CustomCNN,Đ,O,False,False,False,0.1887,True,data\Dd\frame_0039.jpg
CustomCNN,Đ,O,False,False,False,0.2098,True,data\Dd\frame_0040.jpg
CustomCNN,Đ,O,False,False,False,0.1938,True,data\Dd\frame_0041.jpg
CustomCNN,Đ,O,False,False,False,0.1947,True,data\Dd\frame_0042.jpg
CustomCNN,Đ,O,False,False,False,0.1937,True,data\Dd\frame_0043.jpg
CustomCNN,Đ,O,False,False,False,0.2095,True,data\Dd\frame_0044.jpg
CustomCNN,Đ,O,False,False,False,0.1799,True,data\Dd\frame_0045.jpg
CustomCNN,Đ,O,False,False,False,0.1841,True,data\Dd\frame_0046.jpg
CustomCNN,Đ,O,False,False,False,0.2058,True,data\Dd\frame_0047.jpg
CustomCNN,Đ,O,False,False,False,0.1892,True,data\Dd\frame_0048.jpg
CustomCNN,Đ,O,False,False,False,0.1884,True,data\Dd\frame_0049.jpg
CustomCNN,Đ,O,False,False,False,0.2076,True,data\Dd\frame_0050.jpg
CustomCNN,Đ,O,False,False,False,0.1865,True,data\Dd\frame_0051.jpg
CustomCNN,Đ,O,False,False,False,0.2261,True,data\Dd\frame_0052.jpg
CustomCNN,Đ,O,False,False,False,0.2017,True,data\Dd\frame_0053.jpg
CustomCNN,Đ,O,False,False,False,0.1945,True,data\Dd\frame_0054.jpg
CustomCNN,Đ,O,False,False,False,0.2032,True,data\Dd\frame_0055.jpg
CustomCNN,Đ,O,False,False,False,0.1988,True,data\Dd\frame_0056.jpg
CustomCNN,Đ,O,False,False,True,0.21,True,data\Dd\frame_0057.jpg
CustomCNN,Đ,O,False,False,False,0.224,True,data\Dd\frame_0058.jpg
CustomCNN,Đ,O,False,False,False,0.2119,True,data\Dd\frame_0059.jpg
CustomCNN,Đ,O,False,False,False,0.2158,True,data\Dd\frame_0060.jpg
CustomCNN,Đ,O,False,False,True,0.2139,True,data\Dd\frame_0061.jpg
CustomCNN,Đ,O,False,False,False,0.1989,True,data\Dd\frame_0062.jpg
CustomCNN,Đ,O,False,False,False,0.2176,True,data\Dd\frame_0063.jpg
CustomCNN,Đ,O,False,False,False,0.2089,True,data\Dd\frame_0064.jpg
CustomCNN,Đ,O,False,False,False,0.2221,True,data\Dd\frame_0065.jpg
CustomCNN,Đ,O,False,False,False,0.2049,True,data\Dd\frame_0066.jpg
CustomCNN,Đ,O,False,False,False,0.1869,True,data\Dd\frame_0067.jpg
CustomCNN,Đ,O,False,True,True,0.2053,True,data\Dd\frame_0068.jpg
CustomCNN,Đ,O,False,True,True,0.202,True,data\Dd\frame_0069.jpg
CustomCNN,Đ,O,False,False,True,0.2039,True,data\Dd\frame_0070.jpg
CustomCNN,Đ,O,False,True,True,0.1998,True,data\Dd\frame_0071.jpg
CustomCNN,Đ,O,False,True,True,0.2057,True,data\Dd\frame_0072.jpg
CustomCNN,Đ,O,False,False,False,0.1875,True,data\Dd\frame_0073.jpg
CustomCNN,Đ,O,False,False,False,0.1979,True,data\Dd\frame_0074.jpg
CustomCNN,Đ,O,False,False,False,0.1837,True,data\Dd\frame_0075.jpg
CustomCNN,Đ,O,False,False,False,0.2011,True,data\Dd\frame_0076.jpg
CustomCNN,Đ,O,False,False,False,0.1749,True,data\Dd\frame_0077.jpg
CustomCNN,Đ,O,False,False,False,0.1733,True,data\Dd\frame_0078.jpg
CustomCNN,Đ,O,False,False,False,0.1832,True,data\Dd\frame_0079.jpg
CustomCNN,Đ,O,False,False,False,0.1759,True,data\Dd\frame_0080.jpg
CustomCNN,Đ,O,False,False,False,0.1938,True,data\Dd\frame_0081.jpg
CustomCNN,Đ,O,False,False,False,0.1966,True,data\Dd\frame_0082.jpg
CustomCNN,Đ,O,False,False,False,0.21,True,data\Dd\frame_0083.jpg
CustomCNN,Đ,O,False,False,False,0.2108,True,data\Dd\frame_0084.jpg
CustomCNN,Đ,O,False,False,False,0.1898,True,data\Dd\frame_0085.jpg
CustomCNN,Đ,O,False,False,False,0.1978,True,data\Dd\frame_0086.jpg
CustomCNN,Đ,O,False,False,False,0.2101,True,data\Dd\frame_0087.jpg
CustomCNN,Đ,O,False,False,False,0.1798,True,data\Dd\frame_0088.jpg
CustomCNN,Đ,O,False,False,False,0.1876,True,data\Dd\frame_0089.jpg
CustomCNN,Đ,O,False,False,False,0.1931,True,data\Dd\frame_0090.jpg
CustomCNN,Đ,O,False,False,False,0.2098,True,data\Dd\frame_0091.jpg
CustomCNN,Đ,O,False,False,False,0.1962,True,data\Dd\frame_0092.jpg
CustomCNN,Đ,O,False,False,False,0.2085,True,data\Dd\frame_0093.jpg
CustomCNN,Đ,O,False,False,False,0.2017,True,data\Dd\frame_0094.jpg
CustomCNN,Đ,O,False,False,False,0.2134,True,data\Dd\frame_0095.jpg
CustomCNN,Đ,O,False,False,False,0.2152,True,data\Dd\frame_0096.jpg
CustomCNN,Đ,O,False,False,False,0.2033,True,data\Dd\frame_0097.jpg
CustomCNN,Đ,O,False,False,False,0.1743,True,data\Dd\frame_0098.jpg
CustomCNN,Đ,O,False,False,False,0.1751,True,data\Dd\frame_0099.jpg
CustomCNN,Đ,O,False,False,False,0.2124,True,data\Dd\frame_0100.jpg
CustomCNN,Đ,O,False,False,False,0.186,True,data\Dd\frame_0101.jpg
CustomCNN,Đ,O,False,False,False,0.2063,True,data\Dd\frame_0102.jpg
CustomCNN,Đ,O,False,False,False,0.1995,True,data\Dd\frame_0103.jpg
CustomCNN,Đ,O,False,False,False,0.2031,True,data\Dd\frame_0104.jpg
CustomCNN,Đ,O,False,False,False,0.1961,True,data\Dd\frame_0105.jpg
CustomCNN,Đ,O,False,False,False,0.2229,True,data\Dd\frame_0106.jpg
CustomCNN,Đ,O,False,False,True,0.2115,True,data\Dd\frame_0107.jpg
CustomCNN,Đ,O,False,False,False,0.2057,True,data\Dd\frame_0108.jpg
CustomCNN,Đ,O,False,False,False,0.2185,True,data\Dd\frame_0109.jpg
CustomCNN,Đ,O,False,False,False,0.194,True,data\Dd\frame_0110.jpg
CustomCNN,Đ,O,False,False,False,0.1962,True,data\Dd\frame_0111.jpg
CustomCNN,Đ,O,False,False,False,0.2324,True,data\Dd\frame_0112.jpg
CustomCNN,Đ,O,False,False,False,0.2097,True,data\Dd\frame_0113.jpg
CustomCNN,Đ,O,False,False,False,0.1992,True,data\Dd\frame_0114.jpg
CustomCNN,Đ,O,False,False,False,0.1719,True,data\Dd\frame_0115.jpg
CustomCNN,Đ,O,False,False,False,0.1916,True,data\Dd\frame_0116.jpg
CustomCNN,Đ,O,False,False,False,0.1786,True,data\Dd\frame_0117.jpg
CustomCNN,Đ,O,False,False,False,0.1853,True,data\Dd\frame_0118.jpg
CustomCNN,Đ,O,False,False,False,0.2107,True,data\Dd\frame_0119.jpg
CustomCNN,Đ,O,False,False,False,0.2044,True,data\Dd\frame_0120.jpg
CustomCNN,Đ,O,False,False,False,0.2143,True,data\Dd\frame_0121.jpg
CustomCNN,Đ,O,False,False,False,0.1998,True,data\Dd\frame_0122.jpg
CustomCNN,Đ,O,False,False,False,0.1972,True,data\Dd\frame_0123.jpg
CustomCNN,Đ,O,False,False,False,0.1831,True,data\Dd\frame_0124.jpg
CustomCNN,Đ,O,False,False,False,0.2022,True,data\Dd\frame_0125.jpg
CustomCNN,Đ,O,False,False,False,0.1913,True,data\Dd\frame_0126.jpg
CustomCNN,Đ,O,False,False,False,0.1682,True,data\Dd\frame_0127.jpg
CustomCNN,Đ,O,False,False,False,0.1906,True,data\Dd\frame_0128.jpg
CustomCNN,Đ,O,False,False,False,0.1669,True,data\Dd\frame_0129.jpg
CustomCNN,Đ,O,False,False,False,0.187,True,data\Dd\frame_0130.jpg
CustomCNN,Đ,O,False,False,False,0.1631,True,data\Dd\frame_0131.jpg
CustomCNN,Đ,O,False,False,False,0.1935,True,data\Dd\frame_0132.jpg
CustomCNN,Đ,O,False,False,False,0.2036,True,data\Dd\frame_0133.jpg
CustomCNN,Đ,O,False,False,False,0.1839,True,data\Dd\frame_0134.jpg
CustomCNN,Đ,O,False,False,False,0.2079,True,data\Dd\frame_0135.jpg
CustomCNN,Đ,O,False,False,False,0.1897,True,data\Dd\frame_0136.jpg
CustomCNN,Đ,O,False,False,False,0.203,True,data\Dd\frame_0137.jpg
CustomCNN,Đ,O,False,False,False,0.2042,True,data\Dd\frame_0138.jpg
CustomCNN,Đ,O,False,False,False,0.2289,True,data\Dd\frame_0139.jpg
CustomCNN,Đ,O,False,False,False,0.2261,True,data\Dd\frame_0140.jpg
CustomCNN,Đ,O,False,False,False,0.1899,True,data\Dd\frame_0141.jpg
CustomCNN,Đ,O,False,False,False,0.2044,True,data\Dd\frame_0142.jpg
CustomCNN,Đ,O,False,False,False,0.2138,True,data\Dd\frame_0143.jpg
CustomCNN,Đ,O,False,False,False,0.2109,True,data\Dd\frame_0144.jpg
CustomCNN,Đ,O,False,False,False,0.2465,True,data\Dd\frame_0145.jpg
CustomCNN,Đ,O,False,False,True,0.2214,True,data\Dd\frame_0146.jpg
CustomCNN,Đ,O,False,False,False,0.2075,True,data\Dd\frame_0147.jpg
CustomCNN,Đ,O,False,False,False,0.2548,True,data\Dd\frame_0148.jpg
CustomCNN,Đ,O,False,False,False,0.2465,True,data\Dd\frame_0149.jpg
CustomCNN,Đ,O,False,False,False,0.2365,True,data\Dd\frame_0150.jpg
CustomCNN,E,A,False,False,False,0.259,True,data\E\frame_0001.jpg
CustomCNN,E,A,False,False,False,0.2403,True,data\E\frame_0002.jpg
CustomCNN,E,A,False,False,False,0.2432,True,data\E\frame_0003.jpg
CustomCNN,E,A,False,False,False,0.2422,True,data\E\frame_0004.jpg
CustomCNN,E,A,False,False,False,0.2432,True,data\E\frame_0005.jpg
CustomCNN,E,A,False,False,False,0.2127,True,data\E\frame_0006.jpg
CustomCNN,E,A,False,False,False,0.2222,True,data\E\frame_0007.jpg
CustomCNN,E,A,False,False,False,0.207,True,data\E\frame_0008.jpg
CustomCNN,E,A,False,False,False,0.2343,True,data\E\frame_0009.jpg
CustomCNN,E,A,False,False,False,0.2318,True,data\E\frame_0010.jpg
CustomCNN,E,A,False,False,False,0.2314,True,data\E\frame_0011.jpg
CustomCNN,E,A,False,False,False,0.2314,True,data\E\frame_0012.jpg
CustomCNN,E,A,False,False,False,0.2478,True,data\E\frame_0013.jpg
CustomCNN,E,A,False,False,False,0.2627,True,data\E\frame_0014.jpg
CustomCNN,E,A,False,False,False,0.2413,True,data\E\frame_0015.jpg
CustomCNN,E,A,False,False,False,0.2652,True,data\E\frame_0016.jpg
CustomCNN,E,A,False,False,False,0.2523,True,data\E\frame_0017.jpg
CustomCNN,E,A,False,False,False,0.2618,True,data\E\frame_0018.jpg
CustomCNN,E,A,False,False,False,0.2296,True,data\E\frame_0019.jpg
CustomCNN,E,A,False,False,False,0.2587,True,data\E\frame_0020.jpg
CustomCNN,E,A,False,False,False,0.2379,True,data\E\frame_0021.jpg
CustomCNN,E,A,False,False,False,0.2244,True,data\E\frame_0022.jpg
CustomCNN,E,A,False,False,False,0.2244,True,data\E\frame_0023.jpg
CustomCNN,E,A,False,False,False,0.2237,True,data\E\frame_0024.jpg
CustomCNN,E,A,False,False,False,0.235,True,data\E\frame_0025.jpg
CustomCNN,E,A,False,False,False,0.2311,True,data\E\frame_0026.jpg
CustomCNN,E,A,False,False,False,0.2394,True,data\E\frame_0027.jpg
CustomCNN,E,A,False,False,False,0.224,True,data\E\frame_0028.jpg
CustomCNN,E,A,False,False,False,0.2338,True,data\E\frame_0029.jpg
CustomCNN,E,A,False,False,False,0.2293,True,data\E\frame_0030.jpg
CustomCNN,E,A,False,False,False,0.2206,True,data\E\frame_0031.jpg
CustomCNN,E,A,False,False,False,0.247,True,data\E\frame_0032.jpg
CustomCNN,E,A,False,False,False,0.2291,True,data\E\frame_0033.jpg
CustomCNN,E,A,False,False,False,0.2346,True,data\E\frame_0034.jpg
CustomCNN,E,A,False,False,False,0.2253,True,data\E\frame_0035.jpg
CustomCNN,E,A,False,False,False,0.2383,True,data\E\frame_0036.jpg
CustomCNN,E,A,False,False,False,0.2325,True,data\E\frame_0037.jpg
CustomCNN,E,A,False,False,False,0.1852,True,data\E\frame_0038.jpg
CustomCNN,E,A,False,False,False,0.2125,True,data\E\frame_0039.jpg
CustomCNN,E,A,False,False,False,0.1761,True,data\E\frame_0040.jpg
CustomCNN,E,A,False,False,False,0.2043,True,data\E\frame_0041.jpg
CustomCNN,E,A,False,False,False,0.2387,True,data\E\frame_0042.jpg
CustomCNN,E,A,False,False,False,0.2207,True,data\E\frame_0043.jpg
CustomCNN,E,A,False,False,False,0.2558,True,data\E\frame_0044.jpg
CustomCNN,E,A,False,False,False,0.2452,True,data\E\frame_0045.jpg
CustomCNN,E,A,False,False,False,0.2255,True,data\E\frame_0046.jpg
CustomCNN,E,A,False,False,False,0.2548,True,data\E\frame_0047.jpg
CustomCNN,E,A,False,False,False,0.2523,True,data\E\frame_0048.jpg
CustomCNN,E,A,False,False,False,0.2266,True,data\E\frame_0049.jpg
CustomCNN,E,A,False,False,False,0.2203,True,data\E\frame_0050.jpg
CustomCNN,E,A,False,False,False,0.2256,True,data\E\frame_0051.jpg
CustomCNN,E,A,False,False,False,0.2042,True,data\E\frame_0052.jpg
CustomCNN,E,A,False,False,False,0.2256,True,data\E\frame_0053.jpg
CustomCNN,E,A,False,False,False,0.2192,True,data\E\frame_0054.jpg
CustomCNN,E,A,False,False,False,0.2063,True,data\E\frame_0055.jpg
CustomCNN,E,A,False,False,False,0.1979,True,data\E\frame_0056.jpg
CustomCNN,E,A,False,False,False,0.1939,True,data\E\frame_0057.jpg
CustomCNN,E,A,False,False,False,0.2042,True,data\E\frame_0058.jpg
CustomCNN,E,A,False,False,False,0.2161,True,data\E\frame_0059.jpg
CustomCNN,E,A,False,False,False,0.1934,True,data\E\frame_0060.jpg
CustomCNN,E,A,False,False,False,0.2092,True,data\E\frame_0061.jpg
CustomCNN,E,A,False,False,False,0.2085,True,data\E\frame_0062.jpg
CustomCNN,E,A,False,False,False,0.2383,True,data\E\frame_0063.jpg
CustomCNN,E,A,False,False,False,0.215,True,data\E\frame_0064.jpg
CustomCNN,E,A,False,False,False,0.2158,True,data\E\frame_0065.jpg
CustomCNN,E,A,False,False,False,0.222,True,data\E\frame_0066.jpg
CustomCNN,E,A,False,False,False,0.2109,True,data\E\frame_0067.jpg
CustomCNN,E,A,False,False,False,0.2059,True,data\E\frame_0068.jpg
CustomCNN,E,A,False,False,False,0.2223,True,data\E\frame_0069.jpg
CustomCNN,E,A,False,False,False,0.2067,True,data\E\frame_0070.jpg
CustomCNN,E,A,False,False,False,0.2258,True,data\E\frame_0071.jpg
CustomCNN,E,A,False,False,False,0.1999,True,data\E\frame_0072.jpg
CustomCNN,E,A,False,False,False,0.2115,True,data\E\frame_0073.jpg
CustomCNN,E,A,False,False,False,0.2011,True,data\E\frame_0074.jpg
CustomCNN,E,A,False,False,False,0.1715,True,data\E\frame_0075.jpg
CustomCNN,E,A,False,False,False,0.1802,True,data\E\frame_0076.jpg
CustomCNN,E,A,False,False,False,0.1469,True,data\E\frame_0077.jpg
CustomCNN,E,A,False,False,False,0.1741,True,data\E\frame_0078.jpg
CustomCNN,E,O,False,False,False,0.1439,True,data\E\frame_0079.jpg
CustomCNN,E,A,False,False,False,0.1426,True,data\E\frame_0080.jpg
CustomCNN,E,A,False,False,False,0.1566,True,data\E\frame_0081.jpg
CustomCNN,E,O,False,False,False,0.1375,True,data\E\frame_0082.jpg
CustomCNN,E,A,False,False,False,0.1425,True,data\E\frame_0083.jpg
CustomCNN,E,A,False,False,False,0.1683,True,data\E\frame_0084.jpg
CustomCNN,E,A,False,False,False,0.1535,True,data\E\frame_0085.jpg
CustomCNN,E,A,False,False,False,0.159,True,data\E\frame_0086.jpg
CustomCNN,E,A,False,False,False,0.1508,True,data\E\frame_0087.jpg
CustomCNN,E,A,False,False,False,0.1724,True,data\E\frame_0088.jpg
CustomCNN,E,A,False,False,False,0.1733,True,data\E\frame_0089.jpg
CustomCNN,E,A,False,False,False,0.168,True,data\E\frame_0090.jpg
CustomCNN,E,A,False,False,False,0.1874,True,data\E\frame_0091.jpg
CustomCNN,E,A,False,False,False,0.1738,True,data\E\frame_0092.jpg
CustomCNN,E,A,False,False,False,0.1749,True,data\E\frame_0093.jpg
CustomCNN,E,A,False,False,False,0.1587,True,data\E\frame_0094.jpg
CustomCNN,E,A,False,False,False,0.1747,True,data\E\frame_0095.jpg
CustomCNN,E,A,False,False,False,0.1958,True,data\E\frame_0096.jpg
CustomCNN,E,A,False,False,False,0.1725,True,data\E\frame_0097.jpg
CustomCNN,E,A,False,False,False,0.1732,True,data\E\frame_0098.jpg
CustomCNN,E,A,False,False,False,0.1835,True,data\E\frame_0099.jpg
CustomCNN,E,A,False,False,False,0.1725,True,data\E\frame_0100.jpg
CustomCNN,E,A,False,False,False,0.1704,True,data\E\frame_0101.jpg
CustomCNN,E,A,False,False,False,0.1756,True,data\E\frame_0102.jpg
CustomCNN,E,A,False,False,False,0.1408,True,data\E\frame_0103.jpg
CustomCNN,E,A,False,False,False,0.1545,True,data\E\frame_0104.jpg
CustomCNN,E,A,False,False,False,0.185,True,data\E\frame_0105.jpg
CustomCNN,E,A,False,False,False,0.1873,True,data\E\frame_0106.jpg
CustomCNN,E,A,False,False,False,0.1982,True,data\E\frame_0107.jpg
CustomCNN,E,A,False,False,False,0.1966,True,data\E\frame_0108.jpg
CustomCNN,E,A,False,False,False,0.2068,True,data\E\frame_0109.jpg
CustomCNN,E,A,False,False,False,0.2137,True,data\E\frame_0110.jpg
CustomCNN,E,A,False,False,False,0.2091,True,data\E\frame_0111.jpg
CustomCNN,E,A,False,False,False,0.1714,True,data\E\frame_0112.jpg
CustomCNN,E,A,False,False,False,0.2153,True,data\E\frame_0113.jpg
CustomCNN,E,A,False,False,False,0.2141,True,data\E\frame_0114.jpg
CustomCNN,E,A,False,False,False,0.2039,True,data\E\frame_0115.jpg
CustomCNN,E,A,False,False,False,0.2078,True,data\E\frame_0116.jpg
CustomCNN,E,A,False,False,False,0.2053,True,data\E\frame_0117.jpg
CustomCNN,E,A,False,False,False,0.2069,True,data\E\frame_0118.jpg
CustomCNN,E,A,False,False,False,0.2167,True,data\E\frame_0119.jpg
CustomCNN,E,A,False,False,False,0.1985,True,data\E\frame_0120.jpg
CustomCNN,E,A,False,False,False,0.2222,True,data\E\frame_0121.jpg
CustomCNN,E,A,False,False,False,0.2161,True,data\E\frame_0122.jpg
CustomCNN,E,A,False,False,False,0.2289,True,data\E\frame_0123.jpg
CustomCNN,E,A,False,False,False,0.2144,True,data\E\frame_0124.jpg
CustomCNN,E,A,False,False,False,0.237,True,data\E\frame_0125.jpg
CustomCNN,E,A,False,False,False,0.2447,True,data\E\frame_0126.jpg
CustomCNN,E,A,False,False,False,0.221,True,data\E\frame_0127.jpg
CustomCNN,E,A,False,False,False,0.2362,True,data\E\frame_0128.jpg
CustomCNN,E,A,False,False,False,0.2136,True,data\E\frame_0129.jpg
CustomCNN,E,A,False,False,False,0.2644,True,data\E\frame_0130.jpg
CustomCNN,E,A,False,False,False,0.2383,True,data\E\frame_0131.jpg
CustomCNN,E,A,False,False,False,0.2222,True,data\E\frame_0132.jpg
CustomCNN,E,A,False,False,False,0.2326,True,data\E\frame_0133.jpg
CustomCNN,E,A,False,False,False,0.2439,True,data\E\frame_0134.jpg
CustomCNN,E,A,False,False,False,0.2298,True,data\E\frame_0135.jpg
CustomCNN,E,A,False,False,False,0.2256,True,data\E\frame_0136.jpg
CustomCNN,E,A,False,False,False,0.2266,True,data\E\frame_0137.jpg
CustomCNN,E,A,False,False,False,0.2233,True,data\E\frame_0138.jpg
CustomCNN,E,A,False,False,False,0.2284,True,data\E\frame_0139.jpg
CustomCNN,E,A,False,False,False,0.2537,True,data\E\frame_0140.jpg
CustomCNN,E,A,False,False,False,0.2739,True,data\E\frame_0141.jpg
CustomCNN,E,A,False,False,False,0.2484,True,data\E\frame_0142.jpg
CustomCNN,E,A,False,False,False,0.2574,True,data\E\frame_0143.jpg
CustomCNN,E,A,False,False,False,0.257,True,data\E\frame_0144.jpg
CustomCNN,E,A,False,False,False,0.2378,True,data\E\frame_0145.jpg
CustomCNN,E,A,False,False,False,0.2513,True,data\E\frame_0146.jpg
CustomCNN,E,A,False,False,False,0.2363,True,data\E\frame_0147.jpg
CustomCNN,E,A,False,False,False,0.2541,True,data\E\frame_0148.jpg
CustomCNN,E,A,False,False,False,0.2463,True,data\E\frame_0149.jpg
CustomCNN,E,A,False,False,False,0.2223,True,data\E\frame_0150.jpg
CustomCNN,G,S,False,False,False,0.1399,True,data\G\frame_0001.jpg
CustomCNN,G,S,False,False,False,0.1319,True,data\G\frame_0002.jpg
CustomCNN,G,S,False,False,False,0.1326,True,data\G\frame_0003.jpg
CustomCNN,G,S,False,False,False,0.1392,True,data\G\frame_0004.jpg
CustomCNN,G,S,False,False,False,0.1263,True,data\G\frame_0005.jpg
CustomCNN,G,S,False,False,False,0.1458,True,data\G\frame_0006.jpg
CustomCNN,G,S,False,False,False,0.1333,True,data\G\frame_0007.jpg
CustomCNN,G,S,False,False,False,0.146,True,data\G\frame_0008.jpg
CustomCNN,G,S,False,False,False,0.1355,True,data\G\frame_0009.jpg
CustomCNN,G,S,False,False,False,0.1349,True,data\G\frame_0010.jpg
CustomCNN,G,S,False,False,False,0.1502,True,data\G\frame_0011.jpg
CustomCNN,G,S,False,False,False,0.1506,True,data\G\frame_0012.jpg
CustomCNN,G,S,False,False,False,0.1403,True,data\G\frame_0013.jpg
CustomCNN,G,S,False,False,False,0.1308,True,data\G\frame_0014.jpg
CustomCNN,G,S,False,False,False,0.135,True,data\G\frame_0015.jpg
CustomCNN,G,S,False,False,False,0.1287,True,data\G\frame_0016.jpg
CustomCNN,G,S,False,False,False,0.1429,True,data\G\frame_0017.jpg
CustomCNN,G,S,False,False,False,0.1293,True,data\G\frame_0018.jpg
CustomCNN,G,S,False,False,False,0.1119,True,data\G\frame_0019.jpg
CustomCNN,G,S,False,False,False,0.1203,True,data\G\frame_0020.jpg
CustomCNN,G,S,False,False,False,0.1277,True,data\G\frame_0021.jpg
CustomCNN,G,S,False,False,False,0.1213,True,data\G\frame_0022.jpg
CustomCNN,G,S,False,False,False,0.1362,True,data\G\frame_0023.jpg
CustomCNN,G,S,False,False,False,0.1286,True,data\G\frame_0024.jpg
CustomCNN,G,O,False,False,False,0.1234,True,data\G\frame_0025.jpg
CustomCNN,G,S,False,False,False,0.1299,True,data\G\frame_0026.jpg
CustomCNN,G,S,False,False,False,0.1256,True,data\G\frame_0027.jpg
CustomCNN,G,S,False,False,False,0.1253,True,data\G\frame_0028.jpg
CustomCNN,G,S,False,False,False,0.1264,True,data\G\frame_0029.jpg
CustomCNN,G,O,False,False,False,0.1377,True,data\G\frame_0030.jpg
CustomCNN,G,O,False,False,False,0.133,True,data\G\frame_0031.jpg
CustomCNN,G,S,False,False,False,0.1184,True,data\G\frame_0032.jpg
CustomCNN,G,S,False,False,False,0.1188,True,data\G\frame_0033.jpg
CustomCNN,G,S,False,False,False,0.1263,True,data\G\frame_0034.jpg
CustomCNN,G,S,False,False,False,0.1203,True,data\G\frame_0035.jpg
CustomCNN,G,S,False,False,False,0.1131,True,data\G\frame_0036.jpg
CustomCNN,G,S,False,False,False,0.1231,True,data\G\frame_0037.jpg
CustomCNN,G,S,False,False,False,0.1284,True,data\G\frame_0038.jpg
CustomCNN,G,S,False,False,False,0.117,True,data\G\frame_0039.jpg
CustomCNN,G,S,False,False,False,0.1378,True,data\G\frame_0040.jpg
CustomCNN,G,S,False,False,False,0.1243,True,data\G\frame_0041.jpg
CustomCNN,G,S,False,False,False,0.1279,True,data\G\frame_0042.jpg
CustomCNN,G,S,False,False,False,0.1274,True,data\G\frame_0043.jpg
CustomCNN,G,S,False,False,False,0.1309,True,data\G\frame_0044.jpg
CustomCNN,G,S,False,False,False,0.1438,True,data\G\frame_0045.jpg
CustomCNN,G,S,False,False,False,0.1267,True,data\G\frame_0046.jpg
CustomCNN,G,S,False,False,False,0.1241,True,data\G\frame_0047.jpg
CustomCNN,G,S,False,False,False,0.1249,True,data\G\frame_0048.jpg
CustomCNN,G,S,False,False,False,0.1236,True,data\G\frame_0049.jpg
CustomCNN,G,S,False,False,False,0.1236,True,data\G\frame_0050.jpg
CustomCNN,G,O,False,False,False,0.1181,True,data\G\frame_0051.jpg
CustomCNN,G,S,False,False,False,0.1165,True,data\G\frame_0052.jpg
CustomCNN,G,S,False,False,False,0.126,True,data\G\frame_0053.jpg
CustomCNN,G,S,False,False,False,0.1219,True,data\G\frame_0054.jpg
CustomCNN,G,S,False,False,False,0.1291,True,data\G\frame_0055.jpg
CustomCNN,G,S,False,False,False,0.1333,True,data\G\frame_0056.jpg
CustomCNN,G,S,False,False,False,0.1185,True,data\G\frame_0057.jpg
CustomCNN,G,S,False,False,False,0.122,True,data\G\frame_0058.jpg
CustomCNN,G,S,False,False,False,0.1241,True,data\G\frame_0059.jpg
CustomCNN,G,S,False,False,False,0.1302,True,data\G\frame_0060.jpg
CustomCNN,G,S,False,False,False,0.1302,True,data\G\frame_0061.jpg
CustomCNN,G,S,False,False,False,0.1367,True,data\G\frame_0062.jpg
CustomCNN,G,S,False,False,False,0.1224,True,data\G\frame_0063.jpg
CustomCNN,G,S,False,False,False,0.1385,True,data\G\frame_0064.jpg
CustomCNN,G,S,False,False,False,0.1191,True,data\G\frame_0065.jpg
CustomCNN,G,S,False,False,False,0.1273,True,data\G\frame_0066.jpg
CustomCNN,G,S,False,False,False,0.126,True,data\G\frame_0067.jpg
CustomCNN,G,S,False,False,False,0.1286,True,data\G\frame_0068.jpg
CustomCNN,G,S,False,False,False,0.1207,True,data\G\frame_0069.jpg
CustomCNN,G,S,False,False,False,0.118,True,data\G\frame_0070.jpg
CustomCNN,G,S,False,False,False,0.1224,True,data\G\frame_0071.jpg
CustomCNN,G,S,False,False,False,0.1224,True,data\G\frame_0072.jpg
CustomCNN,G,S,False,False,False,0.1107,True,data\G\frame_0073.jpg
CustomCNN,G,S,False,False,False,0.1089,True,data\G\frame_0074.jpg
CustomCNN,G,S,False,False,False,0.1054,True,data\G\frame_0075.jpg
CustomCNN,G,S,False,False,False,0.1089,True,data\G\frame_0076.jpg
CustomCNN,G,S,False,False,False,0.1146,True,data\G\frame_0077.jpg
CustomCNN,G,S,False,False,False,0.1173,True,data\G\frame_0078.jpg
CustomCNN,G,S,False,False,False,0.1331,True,data\G\frame_0079.jpg
CustomCNN,G,S,False,False,False,0.1223,True,data\G\frame_0080.jpg
CustomCNN,G,S,False,False,False,0.126,True,data\G\frame_0081.jpg
CustomCNN,G,S,False,False,False,0.126,True,data\G\frame_0082.jpg
CustomCNN,G,S,False,False,False,0.1211,True,data\G\frame_0083.jpg
CustomCNN,G,S,False,False,False,0.1286,True,data\G\frame_0084.jpg
CustomCNN,G,S,False,False,False,0.1335,True,data\G\frame_0085.jpg
CustomCNN,G,S,False,False,False,0.1212,True,data\G\frame_0086.jpg
CustomCNN,G,S,False,False,False,0.119,True,data\G\frame_0087.jpg
CustomCNN,G,S,False,False,False,0.1316,True,data\G\frame_0088.jpg
CustomCNN,G,S,False,False,False,0.1214,True,data\G\frame_0089.jpg
CustomCNN,G,S,False,False,False,0.1307,True,data\G\frame_0090.jpg
CustomCNN,G,S,False,False,False,0.1199,True,data\G\frame_0091.jpg
CustomCNN,G,S,False,False,False,0.1272,True,data\G\frame_0092.jpg
CustomCNN,G,S,False,False,False,0.1272,True,data\G\frame_0093.jpg
CustomCNN,G,S,False,False,False,0.1283,True,data\G\frame_0094.jpg
CustomCNN,G,S,False,False,False,0.133,True,data\G\frame_0095.jpg
CustomCNN,G,S,False,False,False,0.125,True,data\G\frame_0096.jpg
CustomCNN,G,S,False,False,False,0.1414,True,data\G\frame_0097.jpg
CustomCNN,G,S,False,False,False,0.1262,True,data\G\frame_0098.jpg
CustomCNN,G,S,False,False,False,0.1318,True,data\G\frame_0099.jpg
CustomCNN,G,S,False,False,False,0.1371,True,data\G\frame_0100.jpg
CustomCNN,G,S,False,False,False,0.1328,True,data\G\frame_0101.jpg
CustomCNN,G,S,False,False,False,0.1238,True,data\G\frame_0102.jpg
CustomCNN,G,S,False,False,False,0.1243,True,data\G\frame_0103.jpg
CustomCNN,G,S,False,False,False,0.1243,True,data\G\frame_0104.jpg
CustomCNN,G,S,False,False,False,0.13,True,data\G\frame_0105.jpg
CustomCNN,G,S,False,False,False,0.1264,True,data\G\frame_0106.jpg
CustomCNN,G,S,False,False,False,0.1239,True,data\G\frame_0107.jpg
CustomCNN,G,S,False,False,False,0.1351,True,data\G\frame_0108.jpg
CustomCNN,G,S,False,False,False,0.1292,True,data\G\frame_0109.jpg
CustomCNN,G,S,False,False,False,0.1205,True,data\G\frame_0110.jpg
CustomCNN,G,S,False,False,False,0.1267,True,data\G\frame_0111.jpg
CustomCNN,G,S,False,False,False,0.1386,True,data\G\frame_0112.jpg
CustomCNN,G,S,False,False,False,0.1273,True,data\G\frame_0113.jpg
CustomCNN,G,S,False,False,False,0.1288,True,data\G\frame_0114.jpg
CustomCNN,G,S,False,False,False,0.1288,True,data\G\frame_0115.jpg
CustomCNN,G,S,False,False,False,0.1268,True,data\G\frame_0116.jpg
CustomCNN,G,S,False,False,False,0.1237,True,data\G\frame_0117.jpg
CustomCNN,G,S,False,False,False,0.1218,True,data\G\frame_0118.jpg
CustomCNN,G,S,False,False,False,0.1115,True,data\G\frame_0119.jpg
CustomCNN,G,S,False,False,False,0.1062,True,data\G\frame_0120.jpg
CustomCNN,G,S,False,False,False,0.1141,True,data\G\frame_0121.jpg
CustomCNN,G,S,False,False,False,0.1149,True,data\G\frame_0122.jpg
CustomCNN,G,S,False,False,False,0.1206,True,data\G\frame_0123.jpg
CustomCNN,G,S,False,False,False,0.1375,True,data\G\frame_0124.jpg
CustomCNN,G,S,False,False,False,0.1254,True,data\G\frame_0125.jpg
CustomCNN,G,S,False,False,False,0.1254,True,data\G\frame_0126.jpg
CustomCNN,G,S,False,False,False,0.1288,True,data\G\frame_0127.jpg
CustomCNN,G,S,False,False,False,0.1338,True,data\G\frame_0128.jpg
CustomCNN,G,S,False,False,False,0.1337,True,data\G\frame_0129.jpg
CustomCNN,G,S,False,False,False,0.1292,True,data\G\frame_0130.jpg
CustomCNN,G,S,False,False,False,0.1234,True,data\G\frame_0131.jpg
CustomCNN,G,S,False,False,False,0.1216,True,data\G\frame_0132.jpg
CustomCNN,G,S,False,False,False,0.1307,True,data\G\frame_0133.jpg
CustomCNN,G,S,False,False,False,0.1095,True,data\G\frame_0134.jpg
CustomCNN,G,S,False,False,False,0.1189,True,data\G\frame_0135.jpg
CustomCNN,G,S,False,False,False,0.1267,True,data\G\frame_0136.jpg
CustomCNN,G,S,False,False,False,0.1267,True,data\G\frame_0137.jpg
CustomCNN,G,S,False,False,False,0.1196,True,data\G\frame_0138.jpg
CustomCNN,G,S,False,False,False,0.111,True,data\G\frame_0139.jpg
CustomCNN,G,S,False,False,False,0.1269,True,data\G\frame_0140.jpg
CustomCNN,G,S,False,False,False,0.136,True,data\G\frame_0141.jpg
CustomCNN,G,S,False,False,False,0.1348,True,data\G\frame_0142.jpg
CustomCNN,G,S,False,False,False,0.1372,True,data\G\frame_0143.jpg
CustomCNN,G,S,False,False,False,0.1306,True,data\G\frame_0144.jpg
CustomCNN,G,S,False,False,False,0.1404,True,data\G\frame_0145.jpg
CustomCNN,G,S,False,False,False,0.1321,True,data\G\frame_0146.jpg
CustomCNN,G,S,False,False,False,0.11,True,data\G\frame_0147.jpg
CustomCNN,G,S,False,False,False,0.11,True,data\G\frame_0148.jpg
CustomCNN,G,S,False,False,False,0.1236,True,data\G\frame_0149.jpg
CustomCNN,G,S,False,False,False,0.1364,True,data\G\frame_0150.jpg
CustomCNN,H,Râu,False,False,False,0.1562,True,data\H\frame_0001.jpg
CustomCNN,H,A,False,False,False,0.149,True,data\H\frame_0002.jpg
CustomCNN,H,A,False,False,False,0.1335,True,data\H\frame_0003.jpg
CustomCNN,H,A,False,False,False,0.144,True,data\H\frame_0004.jpg
CustomCNN,H,A,False,False,False,0.1225,True,data\H\frame_0005.jpg
CustomCNN,H,A,False,False,False,0.1225,True,data\H\frame_0006.jpg
CustomCNN,H,A,False,False,False,0.1484,True,data\H\frame_0007.jpg
CustomCNN,H,Râu,False,False,False,0.1438,True,data\H\frame_0008.jpg
CustomCNN,H,A,False,False,False,0.145,True,data\H\frame_0009.jpg
CustomCNN,H,A,False,False,False,0.1402,True,data\H\frame_0010.jpg
CustomCNN,H,Râu,False,False,False,0.144,True,data\H\frame_0011.jpg
CustomCNN,H,Râu,False,False,False,0.1212,True,data\H\frame_0012.jpg
CustomCNN,H,A,False,False,False,0.1384,True,data\H\frame_0013.jpg
CustomCNN,H,Râu,False,False,False,0.1429,True,data\H\frame_0014.jpg
CustomCNN,H,Râu,False,False,False,0.136,True,data\H\frame_0015.jpg
CustomCNN,H,Râu,False,False,False,0.1405,True,data\H\frame_0016.jpg
CustomCNN,H,Râu,False,False,False,0.1405,True,data\H\frame_0017.jpg
CustomCNN,H,Râu,False,False,False,0.1464,True,data\H\frame_0018.jpg
CustomCNN,H,Râu,False,False,False,0.147,True,data\H\frame_0019.jpg
CustomCNN,H,Râu,False,False,False,0.1369,True,data\H\frame_0020.jpg
CustomCNN,H,Râu,False,False,False,0.1566,True,data\H\frame_0021.jpg
CustomCNN,H,Râu,False,False,False,0.14,True,data\H\frame_0022.jpg
CustomCNN,H,Râu,False,False,False,0.1602,True,data\H\frame_0023.jpg
CustomCNN,H,Râu,False,False,False,0.1479,True,data\H\frame_0024.jpg
CustomCNN,H,Râu,False,False,False,0.1456,True,data\H\frame_0025.jpg
CustomCNN,H,Râu,False,False,False,0.1384,True,data\H\frame_0026.jpg
CustomCNN,H,Râu,False,False,False,0.1452,True,data\H\frame_0027.jpg
CustomCNN,H,Râu,False,False,False,0.1452,True,data\H\frame_0028.jpg
CustomCNN,H,Râu,False,False,False,0.1473,True,data\H\frame_0029.jpg
CustomCNN,H,Râu,False,False,False,0.1443,True,data\H\frame_0030.jpg
CustomCNN,H,Râu,False,False,False,0.1504,True,data\H\frame_0031.jpg
CustomCNN,H,Râu,False,False,False,0.1536,True,data\H\frame_0032.jpg
CustomCNN,H,Râu,False,False,False,0.1599,True,data\H\frame_0033.jpg
CustomCNN,H,Râu,False,False,False,0.1538,True,data\H\frame_0034.jpg
CustomCNN,H,Râu,False,False,False,0.1131,True,data\H\frame_0035.jpg
CustomCNN,H,Râu,False,False,False,0.147,True,data\H\frame_0036.jpg
CustomCNN,H,Râu,False,False,False,0.1284,True,data\H\frame_0037.jpg
CustomCNN,H,Râu,False,False,False,0.1334,True,data\H\frame_0038.jpg
CustomCNN,H,Râu,False,False,False,0.1334,True,data\H\frame_0039.jpg
CustomCNN,H,Râu,False,False,False,0.1361,True,data\H\frame_0040.jpg
CustomCNN,H,Râu,False,False,False,0.1257,True,data\H\frame_0041.jpg
CustomCNN,H,Râu,False,False,False,0.1434,True,data\H\frame_0042.jpg
CustomCNN,H,Râu,False,False,False,0.1417,True,data\H\frame_0043.jpg
CustomCNN,H,Râu,False,False,False,0.1342,True,data\H\frame_0044.jpg
CustomCNN,H,Râu,False,False,False,0.1411,True,data\H\frame_0045.jpg
CustomCNN,H,Râu,False,False,False,0.15,True,data\H\frame_0046.jpg
CustomCNN,H,Râu,False,False,False,0.1269,True,data\H\frame_0047.jpg
CustomCNN,H,Râu,False,False,False,0.1455,True,data\H\frame_0048.jpg
CustomCNN,H,Râu,False,False,False,0.1342,True,data\H\frame_0049.jpg
CustomCNN,H,Râu,False,False,False,0.1342,True,data\H\frame_0050.jpg
CustomCNN,H,Râu,False,False,False,0.1381,True,data\H\frame_0051.jpg
CustomCNN,H,Râu,False,False,False,0.1616,True,data\H\frame_0052.jpg
CustomCNN,H,Râu,False,False,False,0.1448,True,data\H\frame_0053.jpg
CustomCNN,H,Râu,False,False,False,0.1517,True,data\H\frame_0054.jpg
CustomCNN,H,Râu,False,False,False,0.1307,True,data\H\frame_0055.jpg
CustomCNN,H,Râu,False,False,False,0.1277,True,data\H\frame_0056.jpg
CustomCNN,H,Râu,False,False,False,0.1453,True,data\H\frame_0057.jpg
CustomCNN,H,A,False,False,False,0.1357,True,data\H\frame_0058.jpg
CustomCNN,H,A,False,False,False,0.1502,True,data\H\frame_0059.jpg
CustomCNN,H,Râu,False,False,False,0.1478,True,data\H\frame_0060.jpg
CustomCNN,H,A,False,False,False,0.1363,True,data\H\frame_0061.jpg
CustomCNN,H,Râu,False,False,False,0.173,True,data\H\frame_0062.jpg
CustomCNN,H,Râu,False,False,False,0.1748,True,data\H\frame_0063.jpg
CustomCNN,H,Râu,False,False,False,0.1767,True,data\H\frame_0064.jpg
CustomCNN,H,A,False,False,False,0.1471,True,data\H\frame_0065.jpg
CustomCNN,H,Râu,False,False,False,0.183,True,data\H\frame_0066.jpg
CustomCNN,H,Râu,False,False,False,0.201,True,data\H\frame_0067.jpg
CustomCNN,H,Râu,False,False,False,0.1692,True,data\H\frame_0068.jpg
CustomCNN,H,Râu,False,False,False,0.1481,True,data\H\frame_0069.jpg
CustomCNN,H,Râu,False,False,False,0.1787,True,data\H\frame_0070.jpg
CustomCNN,H,Râu,False,False,False,0.178,True,data\H\frame_0071.jpg
CustomCNN,H,Râu,False,False,False,0.1463,True,data\H\frame_0072.jpg
CustomCNN,H,Râu,False,False,False,0.1874,True,data\H\frame_0073.jpg
CustomCNN,H,Râu,False,False,False,0.1758,True,data\H\frame_0074.jpg
CustomCNN,H,Râu,False,False,False,0.1772,True,data\H\frame_0075.jpg
CustomCNN,H,Râu,False,False,False,0.2159,True,data\H\frame_0076.jpg
CustomCNN,H,Râu,False,False,False,0.1664,True,data\H\frame_0077.jpg
CustomCNN,H,Râu,False,False,False,0.1766,True,data\H\frame_0078.jpg
CustomCNN,H,Râu,False,False,False,0.1622,True,data\H\frame_0079.jpg
CustomCNN,H,Râu,False,False,False,0.1811,True,data\H\frame_0080.jpg
CustomCNN,H,Râu,False,False,False,0.1777,True,data\H\frame_0081.jpg
CustomCNN,H,Râu,False,False,False,0.1886,True,data\H\frame_0082.jpg
CustomCNN,H,Râu,False,False,False,0.1995,True,data\H\frame_0083.jpg
CustomCNN,H,Râu,False,False,False,0.1709,True,data\H\frame_0084.jpg
CustomCNN,H,Râu,False,False,False,0.1952,True,data\H\frame_0085.jpg
CustomCNN,H,Râu,False,False,False,0.2244,True,data\H\frame_0086.jpg
CustomCNN,H,Râu,False,False,False,0.1927,True,data\H\frame_0087.jpg
CustomCNN,H,Râu,False,False,False,0.208,True,data\H\frame_0088.jpg
CustomCNN,H,Râu,False,False,False,0.2118,True,data\H\frame_0089.jpg
CustomCNN,H,Râu,False,False,False,0.1907,True,data\H\frame_0090.jpg
CustomCNN,H,Râu,False,False,False,0.2227,True,data\H\frame_0091.jpg
CustomCNN,H,Râu,False,False,False,0.1909,True,data\H\frame_0092.jpg
CustomCNN,H,Râu,False,False,False,0.2084,True,data\H\frame_0093.jpg
CustomCNN,H,Râu,False,False,False,0.1927,True,data\H\frame_0094.jpg
CustomCNN,H,Râu,False,False,False,0.1673,True,data\H\frame_0095.jpg
CustomCNN,H,Râu,False,False,False,0.2017,True,data\H\frame_0096.jpg
CustomCNN,H,Râu,False,False,False,0.1614,True,data\H\frame_0097.jpg
CustomCNN,H,Râu,False,False,False,0.1692,True,data\H\frame_0098.jpg
CustomCNN,H,Râu,False,False,False,0.1705,True,data\H\frame_0099.jpg
CustomCNN,H,Râu,False,False,False,0.1719,True,data\H\frame_0100.jpg
CustomCNN,H,Râu,False,False,False,0.1621,True,data\H\frame_0101.jpg
CustomCNN,H,Râu,False,False,False,0.1656,True,data\H\frame_0102.jpg
CustomCNN,H,Râu,False,False,False,0.1798,True,data\H\frame_0103.jpg
CustomCNN,H,Râu,False,False,False,0.1457,True,data\H\frame_0104.jpg
CustomCNN,H,Râu,False,False,False,0.1511,True,data\H\frame_0105.jpg
CustomCNN,H,Râu,False,False,False,0.1553,True,data\H\frame_0106.jpg
CustomCNN,H,Râu,False,False,False,0.1421,True,data\H\frame_0107.jpg
CustomCNN,H,Râu,False,False,False,0.1484,True,data\H\frame_0108.jpg
CustomCNN,H,Râu,False,False,False,0.1519,True,data\H\frame_0109.jpg
CustomCNN,H,Râu,False,False,False,0.1153,True,data\H\frame_0110.jpg
CustomCNN,H,Râu,False,False,False,0.1302,True,data\H\frame_0111.jpg
CustomCNN,H,Râu,False,False,False,0.1203,True,data\H\frame_0112.jpg
CustomCNN,H,Râu,False,False,False,0.1391,True,data\H\frame_0113.jpg
CustomCNN,H,Râu,False,False,False,0.1358,True,data\H\frame_0114.jpg
CustomCNN,H,Râu,False,False,False,0.1129,True,data\H\frame_0115.jpg
CustomCNN,H,Râu,False,False,False,0.1346,True,data\H\frame_0116.jpg
CustomCNN,H,Râu,False,False,False,0.1251,True,data\H\frame_0117.jpg
CustomCNN,H,Râu,False,False,False,0.1278,True,data\H\frame_0118.jpg
CustomCNN,H,Râu,False,False,False,0.1203,True,data\H\frame_0119.jpg
CustomCNN,H,Râu,False,False,False,0.1178,True,data\H\frame_0120.jpg
CustomCNN,H,Râu,False,False,False,0.1128,True,data\H\frame_0121.jpg
CustomCNN,H,Râu,False,False,False,0.1113,True,data\H\frame_0122.jpg
CustomCNN,H,Râu,False,False,False,0.123,True,data\H\frame_0123.jpg
CustomCNN,H,Râu,False,False,False,0.1136,True,data\H\frame_0124.jpg
CustomCNN,H,O,False,False,False,0.1118,True,data\H\frame_0125.jpg
CustomCNN,H,Râu,False,False,False,0.1127,True,data\H\frame_0126.jpg
CustomCNN,H,Râu,False,False,False,0.1354,True,data\H\frame_0127.jpg
CustomCNN,H,Râu,False,False,False,0.118,True,data\H\frame_0128.jpg
CustomCNN,H,Râu,False,False,False,0.1256,True,data\H\frame_0129.jpg
CustomCNN,H,Râu,False,False,False,0.1355,True,data\H\frame_0130.jpg
CustomCNN,H,Râu,False,False,False,0.1337,True,data\H\frame_0131.jpg
CustomCNN,H,Râu,False,False,False,0.1309,True,data\H\frame_0132.jpg
CustomCNN,H,Râu,False,False,False,0.1278,True,data\H\frame_0133.jpg
CustomCNN,H,Râu,False,False,False,0.1229,True,data\H\frame_0134.jpg
CustomCNN,H,Râu,False,False,False,0.1177,True,data\H\frame_0135.jpg
CustomCNN,H,Râu,False,False,False,0.1353,True,data\H\frame_0136.jpg
CustomCNN,H,Râu,False,False,False,0.1223,True,data\H\frame_0137.jpg
CustomCNN,H,C,False,False,False,0.1211,True,data\H\frame_0138.jpg
CustomCNN,H,Râu,False,False,False,0.1144,True,data\H\frame_0139.jpg
CustomCNN,H,Râu,False,False,False,0.1126,True,data\H\frame_0140.jpg
CustomCNN,H,Râu,False,False,False,0.1335,True,data\H\frame_0141.jpg
CustomCNN,H,Râu,False,False,False,0.1193,True,data\H\frame_0142.jpg
CustomCNN,H,Râu,False,False,False,0.1409,True,data\H\frame_0143.jpg
CustomCNN,H,Râu,False,False,False,0.1418,True,data\H\frame_0144.jpg
CustomCNN,H,Râu,False,False,False,0.1331,True,data\H\frame_0145.jpg
CustomCNN,H,Râu,False,False,False,0.1355,True,data\H\frame_0146.jpg
CustomCNN,H,Râu,False,False,False,0.1357,True,data\H\frame_0147.jpg
CustomCNN,H,Râu,False,False,False,0.1374,True,data\H\frame_0148.jpg
CustomCNN,H,Râu,False,False,False,0.1411,True,data\H\frame_0149.jpg
CustomCNN,H,Râu,False,False,False,0.1429,True,data\H\frame_0150.jpg
CustomCNN,I,S,False,False,False,0.1329,True,data\I\frame_0001.jpg
CustomCNN,I,S,False,False,False,0.1391,True,data\I\frame_0002.jpg
CustomCNN,I,S,False,False,False,0.1341,True,data\I\frame_0003.jpg
CustomCNN,I,S,False,False,False,0.1359,True,data\I\frame_0004.jpg
CustomCNN,I,S,False,False,False,0.1318,True,data\I\frame_0005.jpg
CustomCNN,I,S,False,False,False,0.1313,True,data\I\frame_0006.jpg
CustomCNN,I,S,False,False,False,0.1352,True,data\I\frame_0007.jpg
CustomCNN,I,S,False,False,False,0.1273,True,data\I\frame_0008.jpg
CustomCNN,I,S,False,False,False,0.1383,True,data\I\frame_0009.jpg
CustomCNN,I,S,False,False,False,0.1351,True,data\I\frame_0010.jpg
CustomCNN,I,S,False,False,False,0.1384,True,data\I\frame_0011.jpg
CustomCNN,I,S,False,False,False,0.1379,True,data\I\frame_0012.jpg
CustomCNN,I,S,False,False,False,0.1389,True,data\I\frame_0013.jpg
CustomCNN,I,S,False,False,False,0.1325,True,data\I\frame_0014.jpg
CustomCNN,I,S,False,False,False,0.1339,True,data\I\frame_0015.jpg
CustomCNN,I,S,False,False,False,0.1395,True,data\I\frame_0016.jpg
CustomCNN,I,S,False,False,False,0.1372,True,data\I\frame_0017.jpg
CustomCNN,I,S,False,False,False,0.1344,True,data\I\frame_0018.jpg
CustomCNN,I,S,False,False,False,0.1296,True,data\I\frame_0019.jpg
CustomCNN,I,S,False,False,False,0.1463,True,data\I\frame_0020.jpg
CustomCNN,I,S,False,False,False,0.1362,True,data\I\frame_0021.jpg
CustomCNN,I,S,False,False,False,0.1354,True,data\I\frame_0022.jpg
CustomCNN,I,S,False,False,False,0.1381,True,data\I\frame_0023.jpg
CustomCNN,I,S,False,False,False,0.1312,True,data\I\frame_0024.jpg
CustomCNN,I,S,False,False,False,0.1334,True,data\I\frame_0025.jpg
CustomCNN,I,S,False,False,False,0.1246,True,data\I\frame_0026.jpg
CustomCNN,I,S,False,False,False,0.1346,True,data\I\frame_0027.jpg
CustomCNN,I,S,False,False,False,0.1261,True,data\I\frame_0028.jpg
CustomCNN,I,S,False,False,False,0.1391,True,data\I\frame_0029.jpg
CustomCNN,I,S,False,False,False,0.1312,True,data\I\frame_0030.jpg
CustomCNN,I,S,False,False,False,0.1329,True,data\I\frame_0031.jpg
CustomCNN,I,S,False,False,False,0.1369,True,data\I\frame_0032.jpg
CustomCNN,I,S,False,False,False,0.1279,True,data\I\frame_0033.jpg
CustomCNN,I,S,False,False,False,0.1271,True,data\I\frame_0034.jpg
CustomCNN,I,S,False,False,False,0.1344,True,data\I\frame_0035.jpg
CustomCNN,I,S,False,False,False,0.142,True,data\I\frame_0036.jpg
CustomCNN,I,S,False,False,False,0.1398,True,data\I\frame_0037.jpg
CustomCNN,I,S,False,False,False,0.1441,True,data\I\frame_0038.jpg
CustomCNN,I,S,False,False,False,0.1346,True,data\I\frame_0039.jpg
CustomCNN,I,S,False,False,False,0.1303,True,data\I\frame_0040.jpg
CustomCNN,I,S,False,False,False,0.1271,True,data\I\frame_0041.jpg
CustomCNN,I,S,False,False,False,0.1394,True,data\I\frame_0042.jpg
CustomCNN,I,S,False,False,False,0.1376,True,data\I\frame_0043.jpg
CustomCNN,I,S,False,False,False,0.1358,True,data\I\frame_0044.jpg
CustomCNN,I,S,False,False,False,0.1251,True,data\I\frame_0045.jpg
CustomCNN,I,S,False,False,False,0.1375,True,data\I\frame_0046.jpg
CustomCNN,I,S,False,False,False,0.1332,True,data\I\frame_0047.jpg
CustomCNN,I,S,False,False,False,0.1424,True,data\I\frame_0048.jpg
CustomCNN,I,S,False,False,False,0.1338,True,data\I\frame_0049.jpg
CustomCNN,I,S,False,False,False,0.1411,True,data\I\frame_0050.jpg
CustomCNN,I,S,False,False,False,0.1341,True,data\I\frame_0051.jpg
CustomCNN,I,S,False,False,False,0.1326,True,data\I\frame_0052.jpg
CustomCNN,I,S,False,False,False,0.1395,True,data\I\frame_0053.jpg
CustomCNN,I,S,False,False,False,0.1361,True,data\I\frame_0054.jpg
CustomCNN,I,S,False,False,False,0.1399,True,data\I\frame_0055.jpg
CustomCNN,I,S,False,False,False,0.1287,True,data\I\frame_0056.jpg
CustomCNN,I,S,False,False,False,0.1379,True,data\I\frame_0057.jpg
CustomCNN,I,S,False,False,False,0.1343,True,data\I\frame_0058.jpg
CustomCNN,I,S,False,False,False,0.1269,True,data\I\frame_0059.jpg
CustomCNN,I,O,False,False,False,0.1267,True,data\I\frame_0060.jpg
CustomCNN,I,O,False,False,False,0.1246,True,data\I\frame_0061.jpg
CustomCNN,I,O,False,False,False,0.1299,True,data\I\frame_0062.jpg
CustomCNN,I,O,False,False,False,0.1245,True,data\I\frame_0063.jpg
CustomCNN,I,O,False,False,False,0.1204,True,data\I\frame_0064.jpg
CustomCNN,I,O,False,False,False,0.1292,True,data\I\frame_0065.jpg
CustomCNN,I,S,False,False,False,0.1211,True,data\I\frame_0066.jpg
CustomCNN,I,S,False,False,False,0.1202,True,data\I\frame_0067.jpg
CustomCNN,I,O,False,False,False,0.1248,True,data\I\frame_0068.jpg
CustomCNN,I,S,False,False,False,0.1229,True,data\I\frame_0069.jpg
CustomCNN,I,O,False,False,False,0.1301,True,data\I\frame_0070.jpg
CustomCNN,I,O,False,False,False,0.1284,True,data\I\frame_0071.jpg
CustomCNN,I,O,False,False,False,0.1253,True,data\I\frame_0072.jpg
CustomCNN,I,O,False,False,False,0.1286,True,data\I\frame_0073.jpg
CustomCNN,I,O,False,False,False,0.1203,True,data\I\frame_0074.jpg
CustomCNN,I,O,False,False,False,0.1247,True,data\I\frame_0075.jpg
CustomCNN,I,O,False,False,False,0.1297,True,data\I\frame_0076.jpg
CustomCNN,I,O,False,False,False,0.1254,True,data\I\frame_0077.jpg
CustomCNN,I,S,False,False,False,0.1274,True,data\I\frame_0078.jpg
CustomCNN,I,O,False,False,False,0.1271,True,data\I\frame_0079.jpg
CustomCNN,I,S,False,False,False,0.1289,True,data\I\frame_0080.jpg
CustomCNN,I,S,False,False,False,0.1386,True,data\I\frame_0081.jpg
CustomCNN,I,S,False,False,False,0.1424,True,data\I\frame_0082.jpg
CustomCNN,I,S,False,False,False,0.1387,True,data\I\frame_0083.jpg
CustomCNN,I,S,False,False,False,0.1246,True,data\I\frame_0084.jpg
CustomCNN,I,S,False,False,False,0.1395,True,data\I\frame_0085.jpg
CustomCNN,I,S,False,False,False,0.1372,True,data\I\frame_0086.jpg
CustomCNN,I,S,False,False,False,0.1259,True,data\I\frame_0087.jpg
CustomCNN,I,S,False,False,False,0.1363,True,data\I\frame_0088.jpg
CustomCNN,I,S,False,False,False,0.1355,True,data\I\frame_0089.jpg
CustomCNN,I,S,False,False,False,0.1318,True,data\I\frame_0090.jpg
CustomCNN,I,S,False,False,False,0.1332,True,data\I\frame_0091.jpg
CustomCNN,I,S,False,False,False,0.1289,True,data\I\frame_0092.jpg
CustomCNN,I,O,False,False,False,0.1283,True,data\I\frame_0093.jpg
CustomCNN,I,S,False,False,False,0.1167,True,data\I\frame_0094.jpg
CustomCNN,I,O,False,False,False,0.1203,True,data\I\frame_0095.jpg
CustomCNN,I,O,False,False,False,0.1195,True,data\I\frame_0096.jpg
CustomCNN,I,O,False,False,False,0.1232,True,data\I\frame_0097.jpg
CustomCNN,I,O,False,False,False,0.1183,True,data\I\frame_0098.jpg
CustomCNN,I,O,False,False,False,0.1183,True,data\I\frame_0099.jpg
CustomCNN,I,O,False,False,False,0.1137,True,data\I\frame_0100.jpg
CustomCNN,I,O,False,False,False,0.1156,True,data\I\frame_0101.jpg
CustomCNN,I,O,False,False,False,0.1172,True,data\I\frame_0102.jpg
CustomCNN,I,O,False,False,False,0.1171,True,data\I\frame_0103.jpg
CustomCNN,I,O,False,False,False,0.1202,True,data\I\frame_0104.jpg
CustomCNN,I,S,False,False,False,0.1132,True,data\I\frame_0105.jpg
CustomCNN,I,O,False,False,False,0.1184,True,data\I\frame_0106.jpg
CustomCNN,I,O,False,False,False,0.1196,True,data\I\frame_0107.jpg
CustomCNN,I,S,False,False,False,0.1113,True,data\I\frame_0108.jpg
CustomCNN,I,O,False,False,False,0.1195,True,data\I\frame_0109.jpg
CustomCNN,I,O,False,False,False,0.1195,True,data\I\frame_0110.jpg
CustomCNN,I,O,False,False,False,0.1175,True,data\I\frame_0111.jpg
CustomCNN,I,S,False,False,False,0.1176,True,data\I\frame_0112.jpg
CustomCNN,I,S,False,False,False,0.1197,True,data\I\frame_0113.jpg
CustomCNN,I,O,False,False,False,0.1152,True,data\I\frame_0114.jpg
CustomCNN,I,O,False,False,False,0.1235,True,data\I\frame_0115.jpg
CustomCNN,I,O,False,False,False,0.1196,True,data\I\frame_0116.jpg
CustomCNN,I,O,False,False,False,0.1206,True,data\I\frame_0117.jpg
CustomCNN,I,O,False,False,False,0.119,True,data\I\frame_0118.jpg
CustomCNN,I,O,False,False,False,0.1155,True,data\I\frame_0119.jpg
CustomCNN,I,O,False,False,False,0.1187,True,data\I\frame_0120.jpg
CustomCNN,I,O,False,False,False,0.1187,True,data\I\frame_0121.jpg
CustomCNN,I,O,False,False,False,0.1211,True,data\I\frame_0122.jpg
CustomCNN,I,O,False,False,False,0.1177,True,data\I\frame_0123.jpg
CustomCNN,I,O,False,False,False,0.13,True,data\I\frame_0124.jpg
CustomCNN,I,O,False,False,False,0.1317,True,data\I\frame_0125.jpg
CustomCNN,I,O,False,False,False,0.1246,True,data\I\frame_0126.jpg
CustomCNN,I,O,False,False,False,0.133,True,data\I\frame_0127.jpg
CustomCNN,I,O,False,False,False,0.1298,True,data\I\frame_0128.jpg
CustomCNN,I,O,False,False,False,0.1271,True,data\I\frame_0129.jpg
CustomCNN,I,O,False,False,False,0.1351,True,data\I\frame_0130.jpg
CustomCNN,I,O,False,False,False,0.1235,True,data\I\frame_0131.jpg
CustomCNN,I,O,False,False,False,0.1235,True,data\I\frame_0132.jpg
CustomCNN,I,O,False,False,False,0.134,True,data\I\frame_0133.jpg
CustomCNN,I,O,False,False,False,0.1282,True,data\I\frame_0134.jpg
CustomCNN,I,O,False,False,False,0.1309,True,data\I\frame_0135.jpg
CustomCNN,I,O,False,False,False,0.1277,True,data\I\frame_0136.jpg
CustomCNN,I,O,False,False,False,0.1349,True,data\I\frame_0137.jpg
CustomCNN,I,O,False,False,False,0.1263,True,data\I\frame_0138.jpg
CustomCNN,I,O,False,False,False,0.1371,True,data\I\frame_0139.jpg
CustomCNN,I,O,False,False,False,0.1273,True,data\I\frame_0140.jpg
CustomCNN,I,O,False,False,False,0.1306,True,data\I\frame_0141.jpg
CustomCNN,I,O,False,False,False,0.1295,True,data\I\frame_0142.jpg
CustomCNN,I,O,False,False,False,0.1295,True,data\I\frame_0143.jpg
CustomCNN,I,O,False,False,False,0.1325,True,data\I\frame_0144.jpg
CustomCNN,I,O,False,False,False,0.1306,True,data\I\frame_0145.jpg
CustomCNN,I,O,False,False,False,0.1273,True,data\I\frame_0146.jpg
CustomCNN,I,O,False,False,False,0.1359,True,data\I\frame_0147.jpg
CustomCNN,I,O,False,False,False,0.132,True,data\I\frame_0148.jpg
CustomCNN,I,O,False,False,False,0.1303,True,data\I\frame_0149.jpg
CustomCNN,I,O,False,False,False,0.1288,True,data\I\frame_0150.jpg
CustomCNN,K,O,False,False,False,0.0987,True,data\K\frame_0001.jpg
CustomCNN,K,O,False,False,False,0.1026,True,data\K\frame_0002.jpg
CustomCNN,K,O,False,False,False,0.1008,True,data\K\frame_0003.jpg
CustomCNN,K,O,False,False,False,0.1069,True,data\K\frame_0004.jpg
CustomCNN,K,O,False,False,False,0.1097,True,data\K\frame_0005.jpg
CustomCNN,K,O,False,False,False,0.1055,True,data\K\frame_0006.jpg
CustomCNN,K,O,False,False,False,0.1095,True,data\K\frame_0007.jpg
CustomCNN,K,O,False,False,False,0.113,True,data\K\frame_0008.jpg
CustomCNN,K,O,False,False,False,0.1145,True,data\K\frame_0009.jpg
CustomCNN,K,O,False,False,False,0.1135,True,data\K\frame_0010.jpg
CustomCNN,K,O,False,False,False,0.1094,True,data\K\frame_0011.jpg
CustomCNN,K,O,False,False,False,0.1088,True,data\K\frame_0012.jpg
CustomCNN,K,O,False,False,False,0.1177,True,data\K\frame_0013.jpg
CustomCNN,K,O,False,False,False,0.1178,True,data\K\frame_0014.jpg
CustomCNN,K,O,False,False,False,0.1168,True,data\K\frame_0015.jpg
CustomCNN,K,O,False,False,False,0.107,True,data\K\frame_0016.jpg
CustomCNN,K,O,False,False,False,0.1138,True,data\K\frame_0017.jpg
CustomCNN,K,O,False,False,False,0.112,True,data\K\frame_0018.jpg
CustomCNN,K,O,False,False,False,0.1181,True,data\K\frame_0019.jpg
CustomCNN,K,O,False,False,False,0.1124,True,data\K\frame_0020.jpg
CustomCNN,K,O,False,False,False,0.1109,True,data\K\frame_0021.jpg
CustomCNN,K,O,False,False,False,0.1125,True,data\K\frame_0022.jpg
CustomCNN,K,O,False,False,False,0.1098,True,data\K\frame_0023.jpg
CustomCNN,K,O,False,False,False,0.1063,True,data\K\frame_0024.jpg
CustomCNN,K,O,False,False,False,0.1144,True,data\K\frame_0025.jpg
CustomCNN,K,O,False,False,False,0.1103,True,data\K\frame_0026.jpg
CustomCNN,K,O,False,False,False,0.1192,True,data\K\frame_0027.jpg
CustomCNN,K,O,False,False,False,0.1078,True,data\K\frame_0028.jpg
CustomCNN,K,O,False,False,False,0.1116,True,data\K\frame_0029.jpg
CustomCNN,K,O,False,False,False,0.1099,True,data\K\frame_0030.jpg
CustomCNN,K,O,False,False,False,0.112,True,data\K\frame_0031.jpg
CustomCNN,K,O,False,False,False,0.1099,True,data\K\frame_0032.jpg
CustomCNN,K,O,False,False,False,0.1153,True,data\K\frame_0033.jpg
CustomCNN,K,O,False,False,False,0.1131,True,data\K\frame_0034.jpg
CustomCNN,K,O,False,False,False,0.1092,True,data\K\frame_0035.jpg
CustomCNN,K,O,False,False,False,0.1139,True,data\K\frame_0036.jpg
CustomCNN,K,O,False,False,False,0.1091,True,data\K\frame_0037.jpg
CustomCNN,K,O,False,False,False,0.1081,True,data\K\frame_0038.jpg
CustomCNN,K,O,False,False,False,0.11,True,data\K\frame_0039.jpg
CustomCNN,K,O,False,False,False,0.1051,True,data\K\frame_0040.jpg
CustomCNN,K,O,False,False,False,0.1017,True,data\K\frame_0041.jpg
CustomCNN,K,O,False,False,False,0.1067,True,data\K\frame_0042.jpg
CustomCNN,K,O,False,False,False,0.1044,True,data\K\frame_0043.jpg
CustomCNN,K,O,False,False,False,0.0967,True,data\K\frame_0044.jpg
CustomCNN,K,O,False,False,False,0.1023,True,data\K\frame_0045.jpg
CustomCNN,K,O,False,False,False,0.093,True,data\K\frame_0046.jpg
CustomCNN,K,O,False,False,False,0.0998,True,data\K\frame_0047.jpg
CustomCNN,K,O,False,False,False,0.1021,True,data\K\frame_0048.jpg
CustomCNN,K,O,False,False,False,0.1055,True,data\K\frame_0049.jpg
CustomCNN,K,O,False,False,False,0.1055,True,data\K\frame_0050.jpg
CustomCNN,K,O,False,False,False,0.1062,True,data\K\frame_0051.jpg
CustomCNN,K,S,False,False,False,0.1006,True,data\K\frame_0052.jpg
CustomCNN,K,O,False,False,False,0.0961,True,data\K\frame_0053.jpg
CustomCNN,K,O,False,False,False,0.0938,True,data\K\frame_0054.jpg
CustomCNN,K,O,False,False,False,0.1003,True,data\K\frame_0055.jpg
CustomCNN,K,O,False,False,False,0.0973,True,data\K\frame_0056.jpg
CustomCNN,K,O,False,False,False,0.0914,True,data\K\frame_0057.jpg
CustomCNN,K,O,False,False,False,0.1114,True,data\K\frame_0058.jpg
CustomCNN,K,O,False,False,False,0.1131,True,data\K\frame_0059.jpg
CustomCNN,K,O,False,False,False,0.1007,True,data\K\frame_0060.jpg
CustomCNN,K,O,False,False,False,0.1007,True,data\K\frame_0061.jpg
CustomCNN,K,O,False,False,False,0.1083,True,data\K\frame_0062.jpg
CustomCNN,K,O,False,False,False,0.1065,True,data\K\frame_0063.jpg
CustomCNN,K,O,False,False,False,0.1146,True,data\K\frame_0064.jpg
CustomCNN,K,O,False,False,False,0.1183,True,data\K\frame_0065.jpg
CustomCNN,K,O,False,False,False,0.1199,True,data\K\frame_0066.jpg
CustomCNN,K,O,False,False,False,0.117,True,data\K\frame_0067.jpg
CustomCNN,K,O,False,False,False,0.1191,True,data\K\frame_0068.jpg
CustomCNN,K,O,False,False,False,0.1213,True,data\K\frame_0069.jpg
CustomCNN,K,O,False,False,False,0.1158,True,data\K\frame_0070.jpg
CustomCNN,K,O,False,False,False,0.113,True,data\K\frame_0071.jpg
CustomCNN,K,O,False,False,False,0.113,True,data\K\frame_0072.jpg
CustomCNN,K,O,False,False,False,0.1211,True,data\K\frame_0073.jpg
CustomCNN,K,O,False,False,False,0.1064,True,data\K\frame_0074.jpg
CustomCNN,K,O,False,False,False,0.1116,True,data\K\frame_0075.jpg
CustomCNN,K,O,False,False,False,0.1048,True,data\K\frame_0076.jpg
CustomCNN,K,S,False,False,False,0.1124,True,data\K\frame_0077.jpg
CustomCNN,K,S,False,False,False,0.1052,True,data\K\frame_0078.jpg
CustomCNN,K,O,False,False,False,0.1065,True,data\K\frame_0079.jpg
CustomCNN,K,O,False,False,False,0.13,True,data\K\frame_0080.jpg
CustomCNN,K,O,False,False,False,0.1267,True,data\K\frame_0081.jpg
CustomCNN,K,O,False,False,False,0.1267,True,data\K\frame_0082.jpg
CustomCNN,K,O,False,False,False,0.1318,True,data\K\frame_0083.jpg
CustomCNN,K,O,False,False,False,0.1133,True,data\K\frame_0084.jpg
CustomCNN,K,O,False,False,False,0.1176,True,data\K\frame_0085.jpg
CustomCNN,K,O,False,False,False,0.1212,True,data\K\frame_0086.jpg
CustomCNN,K,S,False,False,False,0.1084,True,data\K\frame_0087.jpg
CustomCNN,K,O,False,False,False,0.1121,True,data\K\frame_0088.jpg
CustomCNN,K,O,False,False,False,0.1126,True,data\K\frame_0089.jpg
CustomCNN,K,O,False,False,False,0.0983,True,data\K\frame_0090.jpg
CustomCNN,K,O,False,False,False,0.115,True,data\K\frame_0091.jpg
CustomCNN,K,O,False,False,False,0.1152,True,data\K\frame_0092.jpg
CustomCNN,K,O,False,False,False,0.1152,True,data\K\frame_0093.jpg
CustomCNN,K,O,False,False,False,0.1135,True,data\K\frame_0094.jpg
CustomCNN,K,O,False,False,False,0.1237,True,data\K\frame_0095.jpg
CustomCNN,K,O,False,False,False,0.117,True,data\K\frame_0096.jpg
CustomCNN,K,O,False,False,False,0.1227,True,data\K\frame_0097.jpg
CustomCNN,K,O,False,False,False,0.1186,True,data\K\frame_0098.jpg
CustomCNN,K,O,False,False,False,0.1129,True,data\K\frame_0099.jpg
CustomCNN,K,O,False,False,False,0.1072,True,data\K\frame_0100.jpg
CustomCNN,K,O,False,False,False,0.1141,True,data\K\frame_0101.jpg
CustomCNN,K,O,False,False,False,0.1144,True,data\K\frame_0102.jpg
CustomCNN,K,O,False,False,False,0.1141,True,data\K\frame_0103.jpg
CustomCNN,K,O,False,False,False,0.1141,True,data\K\frame_0104.jpg
CustomCNN,K,O,False,False,False,0.1169,True,data\K\frame_0105.jpg
CustomCNN,K,O,False,False,False,0.1215,True,data\K\frame_0106.jpg
CustomCNN,K,O,False,False,False,0.1316,True,data\K\frame_0107.jpg
CustomCNN,K,O,False,False,False,0.1259,True,data\K\frame_0108.jpg
CustomCNN,K,O,False,False,False,0.1219,True,data\K\frame_0109.jpg
CustomCNN,K,O,False,False,False,0.1257,True,data\K\frame_0110.jpg
CustomCNN,K,O,False,False,False,0.1394,True,data\K\frame_0111.jpg
CustomCNN,K,O,False,False,False,0.1085,True,data\K\frame_0112.jpg
CustomCNN,K,O,False,False,False,0.1222,True,data\K\frame_0113.jpg
CustomCNN,K,O,False,False,False,0.1255,True,data\K\frame_0114.jpg
CustomCNN,K,O,False,False,False,0.1255,True,data\K\frame_0115.jpg
CustomCNN,K,O,False,False,False,0.135,True,data\K\frame_0116.jpg
CustomCNN,K,O,False,False,False,0.1287,True,data\K\frame_0117.jpg
CustomCNN,K,O,False,False,False,0.1229,True,data\K\frame_0118.jpg
CustomCNN,K,O,False,False,False,0.1115,True,data\K\frame_0119.jpg
CustomCNN,K,O,False,False,False,0.1149,True,data\K\frame_0120.jpg
CustomCNN,K,O,False,False,False,0.1098,True,data\K\frame_0121.jpg
CustomCNN,K,O,False,False,False,0.1149,True,data\K\frame_0122.jpg
CustomCNN,K,O,False,False,False,0.1024,True,data\K\frame_0123.jpg
CustomCNN,K,O,False,False,False,0.1077,True,data\K\frame_0124.jpg
CustomCNN,K,O,False,False,False,0.0942,True,data\K\frame_0125.jpg
CustomCNN,K,O,False,False,False,0.0942,True,data\K\frame_0126.jpg
CustomCNN,K,O,False,False,False,0.0955,True,data\K\frame_0127.jpg
CustomCNN,K,O,False,False,False,0.1,True,data\K\frame_0128.jpg
CustomCNN,K,O,False,False,False,0.105,True,data\K\frame_0129.jpg
CustomCNN,K,O,False,False,False,0.1054,True,data\K\frame_0130.jpg
CustomCNN,K,O,False,False,False,0.106,True,data\K\frame_0131.jpg
CustomCNN,K,O,False,False,False,0.1134,True,data\K\frame_0132.jpg
CustomCNN,K,S,False,False,False,0.095,True,data\K\frame_0133.jpg
CustomCNN,K,S,False,False,False,0.11,True,data\K\frame_0134.jpg
CustomCNN,K,O,False,False,False,0.102,True,data\K\frame_0135.jpg
CustomCNN,K,O,False,False,False,0.102,True,data\K\frame_0136.jpg
CustomCNN,K,O,False,False,False,0.102,True,data\K\frame_0137.jpg
CustomCNN,K,Q,False,False,False,0.108,True,data\K\frame_0138.jpg
CustomCNN,K,O,False,False,False,0.1085,True,data\K\frame_0139.jpg
CustomCNN,K,Q,False,False,False,0.1008,True,data\K\frame_0140.jpg
CustomCNN,K,O,False,False,False,0.1072,True,data\K\frame_0141.jpg
CustomCNN,K,O,False,False,False,0.0995,True,data\K\frame_0142.jpg
CustomCNN,K,O,False,False,False,0.0936,True,data\K\frame_0143.jpg
CustomCNN,K,S,False,False,False,0.099,True,data\K\frame_0144.jpg
CustomCNN,K,O,False,False,False,0.0989,True,data\K\frame_0145.jpg
CustomCNN,K,S,False,False,False,0.0953,True,data\K\frame_0146.jpg
CustomCNN,K,O,False,False,False,0.0997,True,data\K\frame_0147.jpg
CustomCNN,K,O,False,False,False,0.0997,True,data\K\frame_0148.jpg
CustomCNN,K,O,False,False,False,0.1015,True,data\K\frame_0149.jpg
CustomCNN,K,O,False,False,False,0.0959,True,data\K\frame_0150.jpg
CustomCNN,L,O,False,False,False,0.1,True,data\L\frame_0001.jpg
CustomCNN,L,O,False,False,False,0.0996,True,data\L\frame_0002.jpg
CustomCNN,L,O,False,False,False,0.1012,True,data\L\frame_0003.jpg
CustomCNN,L,O,False,False,False,0.1029,True,data\L\frame_0004.jpg
CustomCNN,L,O,False,False,False,0.1037,True,data\L\frame_0005.jpg
CustomCNN,L,O,False,False,False,0.0981,True,data\L\frame_0006.jpg
CustomCNN,L,O,False,False,False,0.1187,True,data\L\frame_0007.jpg
CustomCNN,L,O,False,False,False,0.1015,True,data\L\frame_0008.jpg
CustomCNN,L,O,False,False,False,0.1133,True,data\L\frame_0009.jpg
CustomCNN,L,O,False,False,False,0.1113,True,data\L\frame_0010.jpg
CustomCNN,L,O,False,False,False,0.1086,True,data\L\frame_0011.jpg
CustomCNN,L,O,False,False,False,0.1087,True,data\L\frame_0012.jpg
CustomCNN,L,O,False,False,False,0.1088,True,data\L\frame_0013.jpg
CustomCNN,L,O,False,False,False,0.114,True,data\L\frame_0014.jpg
CustomCNN,L,O,False,False,False,0.1126,True,data\L\frame_0015.jpg
CustomCNN,L,O,False,False,False,0.1133,True,data\L\frame_0016.jpg
CustomCNN,L,O,False,False,False,0.1077,True,data\L\frame_0017.jpg
CustomCNN,L,O,False,False,False,0.1194,True,data\L\frame_0018.jpg
CustomCNN,L,O,False,False,False,0.1179,True,data\L\frame_0019.jpg
CustomCNN,L,O,False,False,False,0.1178,True,data\L\frame_0020.jpg
CustomCNN,L,O,False,False,False,0.1133,True,data\L\frame_0021.jpg
CustomCNN,L,O,False,False,False,0.1139,True,data\L\frame_0022.jpg
CustomCNN,L,O,False,False,False,0.1199,True,data\L\frame_0023.jpg
CustomCNN,L,O,False,False,False,0.1112,True,data\L\frame_0024.jpg
CustomCNN,L,O,False,False,False,0.1148,True,data\L\frame_0025.jpg
CustomCNN,L,O,False,False,False,0.1207,True,data\L\frame_0026.jpg
CustomCNN,L,O,False,False,False,0.1266,True,data\L\frame_0027.jpg
CustomCNN,L,O,False,False,False,0.1241,True,data\L\frame_0028.jpg
CustomCNN,L,O,False,False,False,0.1278,True,data\L\frame_0029.jpg
CustomCNN,L,O,False,False,False,0.1135,True,data\L\frame_0030.jpg
CustomCNN,L,O,False,False,False,0.1175,True,data\L\frame_0031.jpg
CustomCNN,L,O,False,False,False,0.1186,True,data\L\frame_0032.jpg
CustomCNN,L,O,False,False,False,0.123,True,data\L\frame_0033.jpg
CustomCNN,L,O,False,False,False,0.114,True,data\L\frame_0034.jpg
CustomCNN,L,O,False,False,False,0.1202,True,data\L\frame_0035.jpg
CustomCNN,L,O,False,False,False,0.1226,True,data\L\frame_0036.jpg
CustomCNN,L,O,False,False,False,0.1162,True,data\L\frame_0037.jpg
CustomCNN,L,O,False,False,False,0.1119,True,data\L\frame_0038.jpg
CustomCNN,L,O,False,False,False,0.126,True,data\L\frame_0039.jpg
CustomCNN,L,O,False,False,False,0.1141,True,data\L\frame_0040.jpg
CustomCNN,L,O,False,False,False,0.116,True,data\L\frame_0041.jpg
CustomCNN,L,O,False,False,False,0.1181,True,data\L\frame_0042.jpg
CustomCNN,L,O,False,False,False,0.1179,True,data\L\frame_0043.jpg
CustomCNN,L,O,False,False,False,0.1152,True,data\L\frame_0044.jpg
CustomCNN,L,O,False,False,False,0.118,True,data\L\frame_0045.jpg
CustomCNN,L,O,False,False,False,0.1181,True,data\L\frame_0046.jpg
CustomCNN,L,O,False,False,False,0.1276,True,data\L\frame_0047.jpg
CustomCNN,L,O,False,False,False,0.1247,True,data\L\frame_0048.jpg
CustomCNN,L,O,False,False,False,0.1134,True,data\L\frame_0049.jpg
CustomCNN,L,O,False,False,False,0.1155,True,data\L\frame_0050.jpg
CustomCNN,L,O,False,False,False,0.1164,True,data\L\frame_0051.jpg
CustomCNN,L,O,False,False,False,0.1106,True,data\L\frame_0052.jpg
CustomCNN,L,O,False,False,False,0.1124,True,data\L\frame_0053.jpg
CustomCNN,L,O,False,False,False,0.1162,True,data\L\frame_0054.jpg
CustomCNN,L,O,False,False,False,0.1075,True,data\L\frame_0055.jpg
CustomCNN,L,O,False,False,False,0.1078,True,data\L\frame_0056.jpg
CustomCNN,L,O,False,False,False,0.1092,True,data\L\frame_0057.jpg
CustomCNN,L,O,False,False,False,0.1077,True,data\L\frame_0058.jpg
CustomCNN,L,O,False,False,False,0.1121,True,data\L\frame_0059.jpg
CustomCNN,L,O,False,False,False,0.1124,True,data\L\frame_0060.jpg
CustomCNN,L,O,False,False,False,0.1052,True,data\L\frame_0061.jpg
CustomCNN,L,O,False,False,False,0.1119,True,data\L\frame_0062.jpg
CustomCNN,L,O,False,False,False,0.1096,True,data\L\frame_0063.jpg
CustomCNN,L,O,False,False,False,0.1195,True,data\L\frame_0064.jpg
CustomCNN,L,O,False,False,False,0.1321,True,data\L\frame_0065.jpg
CustomCNN,L,O,False,False,False,0.136,True,data\L\frame_0066.jpg
CustomCNN,L,O,False,False,False,0.1304,True,data\L\frame_0067.jpg
CustomCNN,L,O,False,False,False,0.1318,True,data\L\frame_0068.jpg
CustomCNN,L,O,False,False,False,0.1383,True,data\L\frame_0069.jpg
CustomCNN,L,O,False,False,False,0.1282,True,data\L\frame_0070.jpg
CustomCNN,L,O,False,False,False,0.1426,True,data\L\frame_0071.jpg
CustomCNN,L,O,False,False,False,0.1375,True,data\L\frame_0072.jpg
CustomCNN,L,O,False,False,False,0.1248,True,data\L\frame_0073.jpg
CustomCNN,L,O,False,False,False,0.122,True,data\L\frame_0074.jpg
CustomCNN,L,O,False,False,False,0.1405,True,data\L\frame_0075.jpg
CustomCNN,L,O,False,False,False,0.1232,True,data\L\frame_0076.jpg
CustomCNN,L,O,False,False,False,0.1278,True,data\L\frame_0077.jpg
CustomCNN,L,O,False,False,False,0.1166,True,data\L\frame_0078.jpg
CustomCNN,L,O,False,False,False,0.1211,True,data\L\frame_0079.jpg
CustomCNN,L,O,False,False,False,0.1225,True,data\L\frame_0080.jpg
CustomCNN,L,O,False,False,False,0.105,True,data\L\frame_0081.jpg
CustomCNN,L,O,False,False,False,0.1187,True,data\L\frame_0082.jpg
CustomCNN,L,O,False,False,False,0.1058,True,data\L\frame_0083.jpg
CustomCNN,L,O,False,False,False,0.1045,True,data\L\frame_0084.jpg
CustomCNN,L,O,False,False,False,0.1059,True,data\L\frame_0085.jpg
CustomCNN,L,C,False,False,False,0.1063,True,data\L\frame_0086.jpg
CustomCNN,L,C,False,False,False,0.0978,True,data\L\frame_0087.jpg
CustomCNN,L,O,False,False,False,0.0954,True,data\L\frame_0088.jpg
CustomCNN,L,C,False,False,False,0.1017,True,data\L\frame_0089.jpg
CustomCNN,L,O,False,False,False,0.0999,True,data\L\frame_0090.jpg
CustomCNN,L,O,False,False,False,0.1017,True,data\L\frame_0091.jpg
CustomCNN,L,O,False,False,False,0.1037,True,data\L\frame_0092.jpg
CustomCNN,L,O,False,False,False,0.1039,True,data\L\frame_0093.jpg
CustomCNN,L,O,False,False,False,0.1032,True,data\L\frame_0094.jpg
CustomCNN,L,O,False,False,False,0.1067,True,data\L\frame_0095.jpg
CustomCNN,L,O,False,False,False,0.1037,True,data\L\frame_0096.jpg
CustomCNN,L,O,False,False,False,0.1034,True,data\L\frame_0097.jpg
CustomCNN,L,O,False,False,False,0.1,True,data\L\frame_0098.jpg
CustomCNN,L,C,False,False,False,0.0993,True,data\L\frame_0099.jpg
CustomCNN,L,C,False,False,False,0.1088,True,data\L\frame_0100.jpg
CustomCNN,L,C,False,False,False,0.1031,True,data\L\frame_0101.jpg
CustomCNN,L,C,False,False,False,0.1081,True,data\L\frame_0102.jpg
CustomCNN,L,C,False,False,False,0.0986,True,data\L\frame_0103.jpg
CustomCNN,L,O,False,False,False,0.101,True,data\L\frame_0104.jpg
CustomCNN,L,O,False,False,False,0.1025,True,data\L\frame_0105.jpg
CustomCNN,L,O,False,False,False,0.1102,True,data\L\frame_0106.jpg
CustomCNN,L,C,False,False,False,0.1028,True,data\L\frame_0107.jpg
CustomCNN,L,O,False,False,False,0.1069,True,data\L\frame_0108.jpg
CustomCNN,L,O,False,False,False,0.1114,True,data\L\frame_0109.jpg
CustomCNN,L,O,False,False,False,0.1097,True,data\L\frame_0110.jpg
CustomCNN,L,O,False,False,False,0.115,True,data\L\frame_0111.jpg
CustomCNN,L,O,False,False,False,0.1116,True,data\L\frame_0112.jpg
CustomCNN,L,O,False,False,False,0.1175,True,data\L\frame_0113.jpg
CustomCNN,L,O,False,False,False,0.1245,True,data\L\frame_0114.jpg
CustomCNN,L,O,False,False,False,0.1285,True,data\L\frame_0115.jpg
CustomCNN,L,O,False,False,False,0.1249,True,data\L\frame_0116.jpg
CustomCNN,L,O,False,False,False,0.1307,True,data\L\frame_0117.jpg
CustomCNN,L,O,False,False,False,0.1224,True,data\L\frame_0118.jpg
CustomCNN,L,O,False,False,False,0.1147,True,data\L\frame_0119.jpg
CustomCNN,L,O,False,False,False,0.122,True,data\L\frame_0120.jpg
CustomCNN,L,O,False,False,False,0.1196,True,data\L\frame_0121.jpg
CustomCNN,L,O,False,False,False,0.1275,True,data\L\frame_0122.jpg
CustomCNN,L,O,False,False,False,0.1258,True,data\L\frame_0123.jpg
CustomCNN,L,O,False,False,False,0.1279,True,data\L\frame_0124.jpg
CustomCNN,L,O,False,False,False,0.1291,True,data\L\frame_0125.jpg
CustomCNN,L,O,False,False,False,0.1227,True,data\L\frame_0126.jpg
CustomCNN,L,O,False,False,False,0.1279,True,data\L\frame_0127.jpg
CustomCNN,L,O,False,False,False,0.1151,True,data\L\frame_0128.jpg
CustomCNN,L,O,False,False,False,0.1253,True,data\L\frame_0129.jpg
CustomCNN,L,O,False,False,False,0.1262,True,data\L\frame_0130.jpg
CustomCNN,L,O,False,False,False,0.1295,True,data\L\frame_0131.jpg
CustomCNN,L,O,False,False,False,0.1173,True,data\L\frame_0132.jpg
CustomCNN,L,O,False,False,False,0.1177,True,data\L\frame_0133.jpg
CustomCNN,L,O,False,False,False,0.1273,True,data\L\frame_0134.jpg
CustomCNN,L,O,False,False,False,0.126,True,data\L\frame_0135.jpg
CustomCNN,L,O,False,False,False,0.1342,True,data\L\frame_0136.jpg
CustomCNN,L,O,False,False,False,0.128,True,data\L\frame_0137.jpg
CustomCNN,L,O,False,False,False,0.1331,True,data\L\frame_0138.jpg
CustomCNN,L,O,False,False,False,0.1339,True,data\L\frame_0139.jpg
CustomCNN,L,O,False,False,False,0.1246,True,data\L\frame_0140.jpg
CustomCNN,L,O,False,False,False,0.1371,True,data\L\frame_0141.jpg
CustomCNN,L,O,False,False,False,0.1313,True,data\L\frame_0142.jpg
CustomCNN,L,O,False,False,False,0.1364,True,data\L\frame_0143.jpg
CustomCNN,L,O,False,False,False,0.1314,True,data\L\frame_0144.jpg
CustomCNN,L,O,False,False,False,0.1324,True,data\L\frame_0145.jpg
CustomCNN,L,O,False,False,False,0.135,True,data\L\frame_0146.jpg
CustomCNN,L,O,False,False,False,0.1356,True,data\L\frame_0147.jpg
CustomCNN,L,O,False,False,False,0.1412,True,data\L\frame_0148.jpg
CustomCNN,L,O,False,False,False,0.1251,True,data\L\frame_0149.jpg
CustomCNN,L,O,False,False,False,0.1243,True,data\L\frame_0150.jpg
CustomCNN,M,O,False,False,False,0.2539,True,data\M\frame_0001.jpg
CustomCNN,M,O,False,False,False,0.2351,True,data\M\frame_0002.jpg
CustomCNN,M,O,False,False,False,0.2704,True,data\M\frame_0003.jpg
CustomCNN,M,O,False,False,False,0.2388,True,data\M\frame_0004.jpg
CustomCNN,M,O,False,False,False,0.2388,True,data\M\frame_0005.jpg
CustomCNN,M,O,False,False,False,0.2434,True,data\M\frame_0006.jpg
CustomCNN,M,Q,False,False,False,0.2485,True,data\M\frame_0007.jpg
CustomCNN,M,O,False,False,False,0.2404,True,data\M\frame_0008.jpg
CustomCNN,M,O,False,False,False,0.2265,True,data\M\frame_0009.jpg
CustomCNN,M,O,False,False,False,0.2508,True,data\M\frame_0010.jpg
CustomCNN,M,O,False,False,False,0.2338,True,data\M\frame_0011.jpg
CustomCNN,M,O,False,False,False,0.2377,True,data\M\frame_0012.jpg
CustomCNN,M,Q,False,False,False,0.2695,True,data\M\frame_0013.jpg
CustomCNN,M,Q,False,False,False,0.2429,True,data\M\frame_0014.jpg
CustomCNN,M,Q,False,False,False,0.2392,True,data\M\frame_0015.jpg
CustomCNN,M,Q,False,False,False,0.2392,True,data\M\frame_0016.jpg
CustomCNN,M,O,False,False,False,0.2545,True,data\M\frame_0017.jpg
CustomCNN,M,O,False,False,False,0.2316,True,data\M\frame_0018.jpg
CustomCNN,M,Q,False,False,False,0.2913,True,data\M\frame_0019.jpg
CustomCNN,M,Q,False,False,False,0.3269,True,data\M\frame_0020.jpg
CustomCNN,M,Q,False,False,False,0.2175,True,data\M\frame_0021.jpg
CustomCNN,M,Q,False,False,False,0.2208,True,data\M\frame_0022.jpg
CustomCNN,M,O,False,False,False,0.2141,True,data\M\frame_0023.jpg
CustomCNN,M,Q,False,False,False,0.2247,True,data\M\frame_0024.jpg
CustomCNN,M,Q,False,False,False,0.2122,True,data\M\frame_0025.jpg
CustomCNN,M,Q,False,False,False,0.2445,True,data\M\frame_0026.jpg
CustomCNN,M,Q,False,False,False,0.2445,True,data\M\frame_0027.jpg
CustomCNN,M,Q,False,False,False,0.246,True,data\M\frame_0028.jpg
CustomCNN,M,O,False,False,False,0.2066,True,data\M\frame_0029.jpg
CustomCNN,M,Q,False,False,False,0.2228,True,data\M\frame_0030.jpg
CustomCNN,M,Q,False,False,False,0.2177,True,data\M\frame_0031.jpg
CustomCNN,M,Q,False,False,False,0.2448,True,data\M\frame_0032.jpg
CustomCNN,M,Q,False,False,False,0.2164,True,data\M\frame_0033.jpg
CustomCNN,M,Q,False,False,False,0.2802,True,data\M\frame_0034.jpg
CustomCNN,M,Q,False,False,False,0.3251,True,data\M\frame_0035.jpg
CustomCNN,M,Q,False,False,False,0.276,True,data\M\frame_0036.jpg
CustomCNN,M,Q,False,False,False,0.3131,True,data\M\frame_0037.jpg
CustomCNN,M,Q,False,False,False,0.3131,True,data\M\frame_0038.jpg
CustomCNN,M,Q,False,False,False,0.321,True,data\M\frame_0039.jpg
CustomCNN,M,Q,False,False,False,0.3268,True,data\M\frame_0040.jpg
CustomCNN,M,Q,False,False,False,0.3163,True,data\M\frame_0041.jpg
CustomCNN,M,Q,False,False,False,0.3066,True,data\M\frame_0042.jpg
CustomCNN,M,Q,False,False,False,0.2823,True,data\M\frame_0043.jpg
CustomCNN,M,Q,False,False,False,0.3172,True,data\M\frame_0044.jpg
CustomCNN,M,O,False,False,False,0.2905,True,data\M\frame_0045.jpg
CustomCNN,M,O,False,False,False,0.262,True,data\M\frame_0046.jpg
CustomCNN,M,O,False,False,False,0.2576,True,data\M\frame_0047.jpg
CustomCNN,M,O,False,False,False,0.237,True,data\M\frame_0048.jpg
CustomCNN,M,O,False,False,False,0.237,True,data\M\frame_0049.jpg
CustomCNN,M,O,False,False,False,0.2321,True,data\M\frame_0050.jpg
CustomCNN,M,O,False,False,False,0.2386,True,data\M\frame_0051.jpg
CustomCNN,M,O,False,False,False,0.2728,True,data\M\frame_0052.jpg
CustomCNN,M,O,False,False,False,0.2486,True,data\M\frame_0053.jpg
CustomCNN,M,O,False,False,False,0.2561,True,data\M\frame_0054.jpg
CustomCNN,M,O,False,False,False,0.2352,True,data\M\frame_0055.jpg
CustomCNN,M,O,False,False,False,0.2283,True,data\M\frame_0056.jpg
CustomCNN,M,O,False,False,False,0.2587,True,data\M\frame_0057.jpg
CustomCNN,M,O,False,False,False,0.2443,True,data\M\frame_0058.jpg
CustomCNN,M,O,False,False,False,0.2553,True,data\M\frame_0059.jpg
CustomCNN,M,O,False,False,False,0.2553,True,data\M\frame_0060.jpg
CustomCNN,M,O,False,False,False,0.2384,True,data\M\frame_0061.jpg
CustomCNN,M,O,False,False,False,0.2467,True,data\M\frame_0062.jpg
CustomCNN,M,O,False,False,False,0.2372,True,data\M\frame_0063.jpg
CustomCNN,M,O,False,False,False,0.2504,True,data\M\frame_0064.jpg
CustomCNN,M,O,False,False,False,0.2335,True,data\M\frame_0065.jpg
CustomCNN,M,O,False,False,False,0.2404,True,data\M\frame_0066.jpg
CustomCNN,M,O,False,False,False,0.2462,True,data\M\frame_0067.jpg
CustomCNN,M,O,False,False,False,0.2287,True,data\M\frame_0068.jpg
CustomCNN,M,O,False,False,False,0.2122,True,data\M\frame_0069.jpg
CustomCNN,M,O,False,False,False,0.2309,True,data\M\frame_0070.jpg
CustomCNN,M,O,False,False,False,0.2309,True,data\M\frame_0071.jpg
CustomCNN,M,O,False,False,False,0.2298,True,data\M\frame_0072.jpg
CustomCNN,M,O,False,False,False,0.2317,True,data\M\frame_0073.jpg
CustomCNN,M,O,False,False,False,0.245,True,data\M\frame_0074.jpg
CustomCNN,M,O,False,False,False,0.2238,True,data\M\frame_0075.jpg
CustomCNN,M,O,False,False,False,0.2226,True,data\M\frame_0076.jpg
CustomCNN,M,O,False,False,False,0.2313,True,data\M\frame_0077.jpg
CustomCNN,M,O,False,False,False,0.22,True,data\M\frame_0078.jpg
CustomCNN,M,O,False,False,False,0.2181,True,data\M\frame_0079.jpg
CustomCNN,M,Q,False,False,False,0.2605,True,data\M\frame_0080.jpg
CustomCNN,M,Q,False,False,False,0.2605,True,data\M\frame_0081.jpg
CustomCNN,M,Q,False,False,False,0.2254,True,data\M\frame_0082.jpg
CustomCNN,M,Q,False,False,False,0.2167,True,data\M\frame_0083.jpg
CustomCNN,M,O,False,False,False,0.2128,True,data\M\frame_0084.jpg
CustomCNN,M,Q,False,False,False,0.2246,True,data\M\frame_0085.jpg
CustomCNN,M,Q,False,False,False,0.2467,True,data\M\frame_0086.jpg
CustomCNN,M,Q,False,False,False,0.2539,True,data\M\frame_0087.jpg
CustomCNN,M,Q,False,False,False,0.261,True,data\M\frame_0088.jpg
CustomCNN,M,Q,False,False,False,0.2117,True,data\M\frame_0089.jpg
CustomCNN,M,Q,False,False,False,0.2777,True,data\M\frame_0090.jpg
CustomCNN,M,Q,False,False,False,0.2696,True,data\M\frame_0091.jpg
CustomCNN,M,Q,False,False,False,0.2975,True,data\M\frame_0092.jpg
CustomCNN,M,Q,False,False,False,0.3202,True,data\M\frame_0093.jpg
CustomCNN,M,Q,False,False,False,0.3383,True,data\M\frame_0094.jpg
CustomCNN,M,Q,False,False,False,0.3416,True,data\M\frame_0095.jpg
CustomCNN,M,Q,False,False,False,0.3032,True,data\M\frame_0096.jpg
CustomCNN,M,Q,False,False,False,0.3153,True,data\M\frame_0097.jpg
CustomCNN,M,Q,False,False,False,0.263,True,data\M\frame_0098.jpg
CustomCNN,M,Q,False,False,False,0.2458,True,data\M\frame_0099.jpg
CustomCNN,M,Q,False,False,False,0.2663,True,data\M\frame_0100.jpg
CustomCNN,M,Q,False,False,False,0.2564,True,data\M\frame_0101.jpg
CustomCNN,M,Q,False,False,False,0.261,True,data\M\frame_0102.jpg
CustomCNN,M,Q,False,False,False,0.2931,True,data\M\frame_0103.jpg
CustomCNN,M,Q,False,False,False,0.294,True,data\M\frame_0104.jpg
CustomCNN,M,Q,False,False,False,0.2352,True,data\M\frame_0105.jpg
CustomCNN,M,Q,False,False,False,0.3329,True,data\M\frame_0106.jpg
CustomCNN,M,Q,False,False,False,0.2839,True,data\M\frame_0107.jpg
CustomCNN,M,Q,False,False,False,0.2937,True,data\M\frame_0108.jpg
CustomCNN,M,Q,False,False,False,0.3226,True,data\M\frame_0109.jpg
CustomCNN,M,Q,False,False,False,0.3491,True,data\M\frame_0110.jpg
CustomCNN,M,Q,False,False,False,0.3013,True,data\M\frame_0111.jpg
CustomCNN,M,Q,False,False,False,0.3385,True,data\M\frame_0112.jpg
CustomCNN,M,Q,False,False,False,0.3465,True,data\M\frame_0113.jpg
CustomCNN,M,Q,False,False,False,0.2857,True,data\M\frame_0114.jpg
CustomCNN,M,Q,False,False,False,0.3164,True,data\M\frame_0115.jpg
CustomCNN,M,Q,False,False,False,0.2798,True,data\M\frame_0116.jpg
CustomCNN,M,Q,False,False,False,0.2827,True,data\M\frame_0117.jpg
CustomCNN,M,Q,False,False,False,0.2358,True,data\M\frame_0118.jpg
CustomCNN,M,Q,False,False,False,0.303,True,data\M\frame_0119.jpg
CustomCNN,M,Q,False,False,False,0.3032,True,data\M\frame_0120.jpg
CustomCNN,M,Q,False,False,False,0.281,True,data\M\frame_0121.jpg
CustomCNN,M,Q,False,False,False,0.3106,True,data\M\frame_0122.jpg
CustomCNN,M,Q,False,False,False,0.2411,True,data\M\frame_0123.jpg
CustomCNN,M,Q,False,False,False,0.2281,True,data\M\frame_0124.jpg
CustomCNN,M,Q,False,False,False,0.296,True,data\M\frame_0125.jpg
CustomCNN,M,Q,False,False,False,0.2413,True,data\M\frame_0126.jpg
CustomCNN,M,Q,False,False,False,0.2382,True,data\M\frame_0127.jpg
CustomCNN,M,Q,False,False,False,0.2193,True,data\M\frame_0128.jpg
CustomCNN,M,Q,False,False,False,0.3215,True,data\M\frame_0129.jpg
CustomCNN,M,Q,False,False,False,0.287,True,data\M\frame_0130.jpg
CustomCNN,M,Q,False,False,False,0.24,True,data\M\frame_0131.jpg
CustomCNN,M,Q,False,False,False,0.2408,True,data\M\frame_0132.jpg
CustomCNN,M,Q,False,False,False,0.2336,True,data\M\frame_0133.jpg
CustomCNN,M,Q,False,False,False,0.2306,True,data\M\frame_0134.jpg
CustomCNN,M,Q,False,False,False,0.2118,True,data\M\frame_0135.jpg
CustomCNN,M,Q,False,False,False,0.2226,True,data\M\frame_0136.jpg
CustomCNN,M,O,False,False,False,0.2161,True,data\M\frame_0137.jpg
CustomCNN,M,Q,False,False,False,0.2021,True,data\M\frame_0138.jpg
CustomCNN,M,O,False,False,False,0.2246,True,data\M\frame_0139.jpg
CustomCNN,M,Q,False,False,False,0.2403,True,data\M\frame_0140.jpg
CustomCNN,M,O,False,False,False,0.2292,True,data\M\frame_0141.jpg
CustomCNN,M,O,False,False,False,0.2294,True,data\M\frame_0142.jpg
CustomCNN,M,O,False,False,False,0.2536,True,data\M\frame_0143.jpg
CustomCNN,M,O,False,False,False,0.235,True,data\M\frame_0144.jpg
CustomCNN,M,O,False,False,False,0.2122,True,data\M\frame_0145.jpg
CustomCNN,M,O,False,False,False,0.2204,True,data\M\frame_0146.jpg
CustomCNN,M,O,False,False,False,0.2349,True,data\M\frame_0147.jpg
CustomCNN,M,O,False,False,False,0.2223,True,data\M\frame_0148.jpg
CustomCNN,M,Q,False,False,False,0.2248,True,data\M\frame_0149.jpg
CustomCNN,M,Q,False,False,False,0.2258,True,data\M\frame_0150.jpg
CustomCNN,mũ,Râu,False,False,False,0.2719,True,data\mu_\frame_0001.jpg
CustomCNN,mũ,Râu,False,False,True,0.3164,True,data\mu_\frame_0002.jpg
CustomCNN,mũ,Râu,False,False,True,0.3164,True,data\mu_\frame_0003.jpg
CustomCNN,mũ,Râu,False,False,False,0.3117,True,data\mu_\frame_0004.jpg
CustomCNN,mũ,Râu,False,False,False,0.3253,True,data\mu_\frame_0005.jpg
CustomCNN,mũ,Râu,False,False,False,0.3203,True,data\mu_\frame_0006.jpg
CustomCNN,mũ,Râu,False,False,False,0.3428,True,data\mu_\frame_0007.jpg
CustomCNN,mũ,Râu,False,False,False,0.3126,True,data\mu_\frame_0008.jpg
CustomCNN,mũ,Râu,False,False,False,0.3487,True,data\mu_\frame_0009.jpg
CustomCNN,mũ,Râu,False,False,False,0.3566,True,data\mu_\frame_0010.jpg
CustomCNN,mũ,Râu,False,False,False,0.3263,True,data\mu_\frame_0011.jpg
CustomCNN,mũ,Râu,False,False,False,0.339,True,data\mu_\frame_0012.jpg
CustomCNN,mũ,Râu,False,False,False,0.335,True,data\mu_\frame_0013.jpg
CustomCNN,mũ,Râu,False,False,False,0.335,True,data\mu_\frame_0014.jpg
CustomCNN,mũ,Râu,False,False,False,0.3184,True,data\mu_\frame_0015.jpg
CustomCNN,mũ,Râu,False,False,False,0.3239,True,data\mu_\frame_0016.jpg
CustomCNN,mũ,Râu,False,False,False,0.3165,True,data\mu_\frame_0017.jpg
CustomCNN,mũ,Râu,False,False,False,0.3367,True,data\mu_\frame_0018.jpg
CustomCNN,mũ,Râu,False,False,False,0.3238,True,data\mu_\frame_0019.jpg
CustomCNN,mũ,Râu,False,False,True,0.338,True,data\mu_\frame_0020.jpg
CustomCNN,mũ,Râu,False,False,True,0.3593,True,data\mu_\frame_0021.jpg
CustomCNN,mũ,Râu,False,False,True,0.3457,True,data\mu_\frame_0022.jpg
CustomCNN,mũ,Râu,False,False,False,0.3742,True,data\mu_\frame_0023.jpg
CustomCNN,mũ,Râu,False,False,False,0.3564,True,data\mu_\frame_0024.jpg
CustomCNN,mũ,Râu,False,False,True,0.4014,True,data\mu_\frame_0025.jpg
CustomCNN,mũ,Râu,False,False,True,0.3739,True,data\mu_\frame_0026.jpg
CustomCNN,mũ,Râu,False,False,True,0.3674,True,data\mu_\frame_0027.jpg
CustomCNN,mũ,Râu,False,False,False,0.3579,True,data\mu_\frame_0028.jpg
CustomCNN,mũ,Râu,False,False,False,0.3412,True,data\mu_\frame_0029.jpg
CustomCNN,mũ,Râu,False,False,False,0.3641,True,data\mu_\frame_0030.jpg
CustomCNN,mũ,Râu,False,False,False,0.3629,True,data\mu_\frame_0031.jpg
CustomCNN,mũ,Râu,False,False,False,0.3638,True,data\mu_\frame_0032.jpg
CustomCNN,mũ,Râu,False,False,False,0.3674,True,data\mu_\frame_0033.jpg
CustomCNN,mũ,Râu,False,False,False,0.3427,True,data\mu_\frame_0034.jpg
CustomCNN,mũ,Râu,False,False,False,0.3695,True,data\mu_\frame_0035.jpg
CustomCNN,mũ,Râu,False,False,False,0.3402,True,data\mu_\frame_0036.jpg
CustomCNN,mũ,Râu,False,False,False,0.3605,True,data\mu_\frame_0037.jpg
CustomCNN,mũ,Râu,False,False,False,0.3887,True,data\mu_\frame_0038.jpg
CustomCNN,mũ,Râu,False,False,False,0.2486,True,data\mu_\frame_0039.jpg
CustomCNN,mũ,Râu,False,False,False,0.2294,True,data\mu_\frame_0040.jpg
CustomCNN,mũ,Râu,False,False,False,0.2237,True,data\mu_\frame_0041.jpg
CustomCNN,mũ,Râu,False,False,False,0.2331,True,data\mu_\frame_0042.jpg
CustomCNN,mũ,Râu,False,False,False,0.2079,True,data\mu_\frame_0043.jpg
CustomCNN,mũ,Râu,False,False,False,0.176,True,data\mu_\frame_0044.jpg
CustomCNN,mũ,Râu,False,False,False,0.2248,True,data\mu_\frame_0045.jpg
CustomCNN,mũ,Râu,False,False,False,0.251,True,data\mu_\frame_0046.jpg
CustomCNN,mũ,Râu,False,False,False,0.1988,True,data\mu_\frame_0047.jpg
CustomCNN,mũ,Râu,False,False,False,0.2175,True,data\mu_\frame_0048.jpg
CustomCNN,mũ,Râu,False,False,False,0.195,True,data\mu_\frame_0049.jpg
CustomCNN,mũ,Râu,False,False,False,0.2564,True,data\mu_\frame_0050.jpg
CustomCNN,mũ,Râu,False,False,False,0.2255,True,data\mu_\frame_0051.jpg
CustomCNN,mũ,Râu,False,False,False,0.2143,True,data\mu_\frame_0052.jpg
CustomCNN,mũ,Râu,False,False,False,0.252,True,data\mu_\frame_0053.jpg
CustomCNN,mũ,Râu,False,False,False,0.2814,True,data\mu_\frame_0054.jpg
CustomCNN,mũ,Râu,False,False,False,0.3841,True,data\mu_\frame_0055.jpg
CustomCNN,mũ,Râu,False,False,False,0.4211,True,data\mu_\frame_0056.jpg
CustomCNN,mũ,Râu,False,False,False,0.3634,True,data\mu_\frame_0057.jpg
CustomCNN,mũ,Râu,False,False,False,0.3998,True,data\mu_\frame_0058.jpg
CustomCNN,mũ,Râu,False,False,False,0.4221,True,data\mu_\frame_0059.jpg
CustomCNN,mũ,Râu,False,False,False,0.3238,True,data\mu_\frame_0060.jpg
CustomCNN,mũ,Râu,False,False,False,0.3272,True,data\mu_\frame_0061.jpg
CustomCNN,mũ,Râu,False,False,False,0.3516,True,data\mu_\frame_0062.jpg
CustomCNN,mũ,Râu,False,False,False,0.3314,True,data\mu_\frame_0063.jpg
CustomCNN,mũ,Râu,False,False,False,0.314,True,data\mu_\frame_0064.jpg
CustomCNN,mũ,Râu,False,False,False,0.2988,True,data\mu_\frame_0065.jpg
CustomCNN,mũ,Râu,False,False,False,0.3144,True,data\mu_\frame_0066.jpg
CustomCNN,mũ,Râu,False,False,False,0.3436,True,data\mu_\frame_0067.jpg
CustomCNN,mũ,Râu,False,False,False,0.2821,True,data\mu_\frame_0068.jpg
CustomCNN,mũ,Râu,False,False,False,0.2759,True,data\mu_\frame_0069.jpg
CustomCNN,mũ,Râu,False,False,False,0.3052,True,data\mu_\frame_0070.jpg
CustomCNN,mũ,Râu,False,False,False,0.2451,True,data\mu_\frame_0071.jpg
CustomCNN,mũ,Râu,False,False,False,0.2871,True,data\mu_\frame_0072.jpg
CustomCNN,mũ,Râu,False,False,False,0.2387,True,data\mu_\frame_0073.jpg
CustomCNN,mũ,Râu,False,False,False,0.2333,True,data\mu_\frame_0074.jpg
CustomCNN,mũ,Râu,False,False,False,0.2903,True,data\mu_\frame_0075.jpg
CustomCNN,mũ,Râu,False,False,False,0.244,True,data\mu_\frame_0076.jpg
CustomCNN,mũ,Râu,False,False,False,0.2671,True,data\mu_\frame_0077.jpg
CustomCNN,mũ,Râu,False,False,False,0.2646,True,data\mu_\frame_0078.jpg
CustomCNN,mũ,Râu,False,False,False,0.2288,True,data\mu_\frame_0079.jpg
CustomCNN,mũ,Râu,False,False,False,0.2509,True,data\mu_\frame_0080.jpg
CustomCNN,mũ,Râu,False,False,False,0.2421,True,data\mu_\frame_0081.jpg
CustomCNN,mũ,Râu,False,False,False,0.1944,True,data\mu_\frame_0082.jpg
CustomCNN,mũ,Râu,False,False,False,0.2265,True,data\mu_\frame_0083.jpg
CustomCNN,mũ,Râu,False,False,False,0.206,True,data\mu_\frame_0084.jpg
CustomCNN,mũ,Râu,False,False,False,0.2258,True,data\mu_\frame_0085.jpg
CustomCNN,mũ,Râu,False,False,False,0.2681,True,data\mu_\frame_0086.jpg
CustomCNN,mũ,Râu,False,False,False,0.2643,True,data\mu_\frame_0087.jpg
CustomCNN,mũ,Râu,False,False,False,0.3261,True,data\mu_\frame_0088.jpg
CustomCNN,mũ,Râu,False,False,False,0.3187,True,data\mu_\frame_0089.jpg
CustomCNN,mũ,Râu,False,False,False,0.303,True,data\mu_\frame_0090.jpg
CustomCNN,mũ,Râu,False,False,False,0.2844,True,data\mu_\frame_0091.jpg
CustomCNN,mũ,Râu,False,False,False,0.3363,True,data\mu_\frame_0092.jpg
CustomCNN,mũ,Râu,False,False,False,0.3227,True,data\mu_\frame_0093.jpg
CustomCNN,mũ,Râu,False,False,False,0.3505,True,data\mu_\frame_0094.jpg
CustomCNN,mũ,Râu,False,False,False,0.3281,True,data\mu_\frame_0095.jpg
CustomCNN,mũ,Râu,False,False,False,0.3111,True,data\mu_\frame_0096.jpg
CustomCNN,mũ,Râu,False,False,False,0.3101,True,data\mu_\frame_0097.jpg
CustomCNN,mũ,Râu,False,False,False,0.33,True,data\mu_\frame_0098.jpg
CustomCNN,mũ,Râu,False,False,False,0.3577,True,data\mu_\frame_0099.jpg
CustomCNN,mũ,Râu,False,False,False,0.3398,True,data\mu_\frame_0100.jpg
CustomCNN,mũ,Râu,False,False,False,0.3446,True,data\mu_\frame_0101.jpg
CustomCNN,mũ,Râu,False,False,False,0.3274,True,data\mu_\frame_0102.jpg
CustomCNN,mũ,Râu,False,False,False,0.3045,True,data\mu_\frame_0103.jpg
CustomCNN,mũ,Râu,False,False,False,0.3188,True,data\mu_\frame_0104.jpg
CustomCNN,mũ,Râu,False,False,False,0.3205,True,data\mu_\frame_0105.jpg
CustomCNN,mũ,Râu,False,False,False,0.3176,True,data\mu_\frame_0106.jpg
CustomCNN,mũ,Râu,False,False,False,0.3266,True,data\mu_\frame_0107.jpg
CustomCNN,mũ,Râu,False,False,False,0.3439,True,data\mu_\frame_0108.jpg
CustomCNN,mũ,Râu,False,False,False,0.3312,True,data\mu_\frame_0109.jpg
CustomCNN,mũ,Râu,False,False,False,0.3015,True,data\mu_\frame_0110.jpg
CustomCNN,mũ,Râu,False,False,False,0.3043,True,data\mu_\frame_0111.jpg
CustomCNN,mũ,Râu,False,False,False,0.2867,True,data\mu_\frame_0112.jpg
CustomCNN,mũ,Râu,False,False,False,0.2715,True,data\mu_\frame_0113.jpg
CustomCNN,mũ,Râu,False,False,False,0.3031,True,data\mu_\frame_0114.jpg
CustomCNN,mũ,Râu,False,False,False,0.2752,True,data\mu_\frame_0115.jpg
CustomCNN,mũ,Râu,False,False,False,0.3296,True,data\mu_\frame_0116.jpg
CustomCNN,mũ,Râu,False,False,False,0.3046,True,data\mu_\frame_0117.jpg
CustomCNN,mũ,Râu,False,False,False,0.2726,True,data\mu_\frame_0118.jpg
CustomCNN,mũ,Râu,False,False,False,0.342,True,data\mu_\frame_0119.jpg
CustomCNN,mũ,Râu,False,False,False,0.3036,True,data\mu_\frame_0120.jpg
CustomCNN,mũ,Râu,False,False,False,0.3493,True,data\mu_\frame_0121.jpg
CustomCNN,mũ,Râu,False,False,False,0.3078,True,data\mu_\frame_0122.jpg
CustomCNN,mũ,Râu,False,False,False,0.2787,True,data\mu_\frame_0123.jpg
CustomCNN,mũ,Râu,False,False,False,0.2638,True,data\mu_\frame_0124.jpg
CustomCNN,mũ,Râu,False,False,False,0.2922,True,data\mu_\frame_0125.jpg
CustomCNN,mũ,Râu,False,False,False,0.28,True,data\mu_\frame_0126.jpg
CustomCNN,mũ,Râu,False,False,False,0.2878,True,data\mu_\frame_0127.jpg
CustomCNN,mũ,Râu,False,False,False,0.2911,True,data\mu_\frame_0128.jpg
CustomCNN,mũ,Râu,False,False,False,0.2825,True,data\mu_\frame_0129.jpg
CustomCNN,mũ,Râu,False,False,False,0.2937,True,data\mu_\frame_0130.jpg
CustomCNN,mũ,Râu,False,False,False,0.2864,True,data\mu_\frame_0131.jpg
CustomCNN,mũ,Râu,False,False,False,0.2934,True,data\mu_\frame_0132.jpg
CustomCNN,mũ,Râu,False,False,False,0.3183,True,data\mu_\frame_0133.jpg
CustomCNN,mũ,Râu,False,False,False,0.3062,True,data\mu_\frame_0134.jpg
CustomCNN,mũ,Râu,False,False,False,0.3155,True,data\mu_\frame_0135.jpg
CustomCNN,mũ,Râu,False,False,False,0.2794,True,data\mu_\frame_0136.jpg
CustomCNN,mũ,Râu,False,False,False,0.3457,True,data\mu_\frame_0137.jpg
CustomCNN,mũ,Râu,False,False,True,0.3448,True,data\mu_\frame_0138.jpg
CustomCNN,mũ,Râu,False,False,False,0.3235,True,data\mu_\frame_0139.jpg
CustomCNN,mũ,Râu,False,False,False,0.3094,True,data\mu_\frame_0140.jpg
CustomCNN,mũ,Râu,False,False,True,0.3623,True,data\mu_\frame_0141.jpg
CustomCNN,mũ,Râu,False,False,False,0.2836,True,data\mu_\frame_0142.jpg
CustomCNN,mũ,Râu,False,False,False,0.3049,True,data\mu_\frame_0143.jpg
CustomCNN,mũ,Râu,False,False,False,0.3225,True,data\mu_\frame_0144.jpg
CustomCNN,mũ,Râu,False,False,False,0.3427,True,data\mu_\frame_0145.jpg
CustomCNN,mũ,Râu,False,False,False,0.3428,True,data\mu_\frame_0146.jpg
CustomCNN,mũ,Râu,False,False,False,0.3826,True,data\mu_\frame_0147.jpg
CustomCNN,mũ,Râu,False,False,False,0.291,True,data\mu_\frame_0148.jpg
CustomCNN,mũ,Râu,False,False,False,0.2793,True,data\mu_\frame_0149.jpg
CustomCNN,mũ,Râu,False,False,False,0.3107,True,data\mu_\frame_0150.jpg
CustomCNN,N,,False,False,False,0.0,False,data\N\frame_0001.jpg
CustomCNN,N,O,False,False,False,0.2505,True,data\N\frame_0002.jpg
CustomCNN,N,,False,False,False,0.0,False,data\N\frame_0003.jpg
CustomCNN,N,Q,False,False,False,0.207,True,data\N\frame_0004.jpg
CustomCNN,N,O,False,False,True,0.3421,True,data\N\frame_0005.jpg
CustomCNN,N,O,False,False,False,0.2321,True,data\N\frame_0006.jpg
CustomCNN,N,,False,False,False,0.0,False,data\N\frame_0007.jpg
CustomCNN,N,,False,False,False,0.0,False,data\N\frame_0008.jpg
CustomCNN,N,O,False,False,False,0.2485,True,data\N\frame_0009.jpg
CustomCNN,N,O,False,False,False,0.2485,True,data\N\frame_0010.jpg
CustomCNN,N,O,False,False,False,0.2557,True,data\N\frame_0011.jpg
CustomCNN,N,O,False,False,False,0.3131,True,data\N\frame_0012.jpg
CustomCNN,N,O,False,False,False,0.2003,True,data\N\frame_0013.jpg
CustomCNN,N,O,False,False,False,0.2392,True,data\N\frame_0014.jpg
CustomCNN,N,O,False,False,False,0.2543,True,data\N\frame_0015.jpg
CustomCNN,N,O,False,False,False,0.232,True,data\N\frame_0016.jpg
CustomCNN,N,O,False,False,False,0.2067,True,data\N\frame_0017.jpg
CustomCNN,N,O,False,False,False,0.215,True,data\N\frame_0018.jpg
CustomCNN,N,O,False,False,False,0.2176,True,data\N\frame_0019.jpg
CustomCNN,N,O,False,False,False,0.2723,True,data\N\frame_0020.jpg
CustomCNN,N,O,False,False,False,0.2723,True,data\N\frame_0021.jpg
CustomCNN,N,O,False,False,False,0.1852,True,data\N\frame_0022.jpg
CustomCNN,N,O,False,False,False,0.1777,True,data\N\frame_0023.jpg
CustomCNN,N,O,False,False,False,0.2357,True,data\N\frame_0024.jpg
CustomCNN,N,O,False,False,False,0.1937,True,data\N\frame_0025.jpg
CustomCNN,N,O,False,False,False,0.223,True,data\N\frame_0026.jpg
CustomCNN,N,O,False,False,False,0.1908,True,data\N\frame_0027.jpg
CustomCNN,N,O,False,False,False,0.2721,True,data\N\frame_0028.jpg
CustomCNN,N,O,False,False,False,0.2212,True,data\N\frame_0029.jpg
CustomCNN,N,,False,False,False,0.0,False,data\N\frame_0030.jpg
CustomCNN,N,O,False,False,False,0.2223,True,data\N\frame_0031.jpg
CustomCNN,N,O,False,False,False,0.2223,True,data\N\frame_0032.jpg
CustomCNN,N,O,False,False,False,0.2631,True,data\N\frame_0033.jpg
CustomCNN,N,O,False,False,False,0.2981,True,data\N\frame_0034.jpg
CustomCNN,N,,False,False,False,0.0,False,data\N\frame_0035.jpg
CustomCNN,N,O,False,False,False,0.2109,True,data\N\frame_0036.jpg
CustomCNN,N,O,False,False,False,0.1924,True,data\N\frame_0037.jpg
CustomCNN,N,,False,False,False,0.0,False,data\N\frame_0038.jpg
CustomCNN,N,O,False,False,False,0.3061,True,data\N\frame_0039.jpg
CustomCNN,N,O,False,False,False,0.2993,True,data\N\frame_0040.jpg
CustomCNN,N,O,False,False,False,0.2349,True,data\N\frame_0041.jpg
CustomCNN,N,,False,False,False,0.0,False,data\N\frame_0042.jpg
CustomCNN,N,,False,False,False,0.0,False,data\N\frame_0043.jpg
CustomCNN,N,O,False,False,False,0.2554,True,data\N\frame_0044.jpg
CustomCNN,N,O,False,False,False,0.2312,True,data\N\frame_0045.jpg
CustomCNN,N,O,False,False,False,0.2257,True,data\N\frame_0046.jpg
CustomCNN,N,O,False,False,False,0.2681,True,data\N\frame_0047.jpg
CustomCNN,N,O,False,False,False,0.237,True,data\N\frame_0048.jpg
CustomCNN,N,O,False,False,False,0.3324,True,data\N\frame_0049.jpg
CustomCNN,N,O,False,False,False,0.2848,True,data\N\frame_0050.jpg
CustomCNN,N,O,False,False,False,0.2743,True,data\N\frame_0051.jpg
CustomCNN,N,O,False,False,False,0.3974,True,data\N\frame_0052.jpg
CustomCNN,N,O,False,False,False,0.2702,True,data\N\frame_0053.jpg
CustomCNN,N,O,False,False,False,0.2702,True,data\N\frame_0054.jpg
CustomCNN,N,O,False,False,False,0.2427,True,data\N\frame_0055.jpg
CustomCNN,N,O,False,False,False,0.2252,True,data\N\frame_0056.jpg
CustomCNN,N,O,False,False,False,0.1827,True,data\N\frame_0057.jpg
CustomCNN,N,O,False,False,False,0.2063,True,data\N\frame_0058.jpg
CustomCNN,N,O,False,False,False,0.247,True,data\N\frame_0059.jpg
CustomCNN,N,O,False,False,False,0.2231,True,data\N\frame_0060.jpg
CustomCNN,N,O,False,False,False,0.1689,True,data\N\frame_0061.jpg
CustomCNN,N,O,False,False,False,0.1676,True,data\N\frame_0062.jpg
CustomCNN,N,O,False,False,False,0.1997,True,data\N\frame_0063.jpg
CustomCNN,N,O,False,False,False,0.2014,True,data\N\frame_0064.jpg
CustomCNN,N,O,False,False,False,0.1551,True,data\N\frame_0065.jpg
CustomCNN,N,O,False,False,False,0.1881,True,data\N\frame_0066.jpg
CustomCNN,N,O,False,False,False,0.1958,True,data\N\frame_0067.jpg
CustomCNN,N,O,False,False,False,0.1647,True,data\N\frame_0068.jpg
CustomCNN,N,O,False,False,False,0.1676,True,data\N\frame_0069.jpg
CustomCNN,N,O,False,False,False,0.1763,True,data\N\frame_0070.jpg
CustomCNN,N,O,False,False,False,0.1595,True,data\N\frame_0071.jpg
CustomCNN,N,O,False,False,False,0.1723,True,data\N\frame_0072.jpg
CustomCNN,N,O,False,False,False,0.1887,True,data\N\frame_0073.jpg
CustomCNN,N,O,False,False,False,0.1705,True,data\N\frame_0074.jpg
CustomCNN,N,O,False,False,False,0.1977,True,data\N\frame_0075.jpg
CustomCNN,N,O,False,False,False,0.1807,True,data\N\frame_0076.jpg
CustomCNN,N,O,False,False,False,0.194,True,data\N\frame_0077.jpg
CustomCNN,N,O,False,False,False,0.2503,True,data\N\frame_0078.jpg
CustomCNN,N,O,False,False,False,0.204,True,data\N\frame_0079.jpg
CustomCNN,N,O,False,False,False,0.3196,True,data\N\frame_0080.jpg
CustomCNN,N,O,False,False,False,0.3782,True,data\N\frame_0081.jpg
CustomCNN,N,O,False,False,False,0.3963,True,data\N\frame_0082.jpg
CustomCNN,N,O,False,False,False,0.3913,True,data\N\frame_0083.jpg
CustomCNN,N,O,False,False,False,0.3672,True,data\N\frame_0084.jpg
CustomCNN,N,O,False,False,False,0.3048,True,data\N\frame_0085.jpg
CustomCNN,N,O,False,False,False,0.3755,True,data\N\frame_0086.jpg
CustomCNN,N,O,False,False,False,0.2868,True,data\N\frame_0087.jpg
CustomCNN,N,O,False,False,False,0.3712,True,data\N\frame_0088.jpg
CustomCNN,N,O,False,False,False,0.384,True,data\N\frame_0089.jpg
CustomCNN,N,O,False,False,False,0.3601,True,data\N\frame_0090.jpg
CustomCNN,N,O,False,False,False,0.367,True,data\N\frame_0091.jpg
CustomCNN,N,O,False,False,False,0.35,True,data\N\frame_0092.jpg
CustomCNN,N,O,False,False,False,0.4022,True,data\N\frame_0093.jpg
CustomCNN,N,O,False,False,False,0.3741,True,data\N\frame_0094.jpg
CustomCNN,N,O,False,False,False,0.3962,True,data\N\frame_0095.jpg
CustomCNN,N,O,False,False,False,0.2846,True,data\N\frame_0096.jpg
CustomCNN,N,O,False,False,False,0.3208,True,data\N\frame_0097.jpg
CustomCNN,N,O,False,False,False,0.3331,True,data\N\frame_0098.jpg
CustomCNN,N,O,False,False,False,0.33,True,data\N\frame_0099.jpg
CustomCNN,N,O,False,False,False,0.3848,True,data\N\frame_0100.jpg
CustomCNN,N,O,False,False,False,0.3724,True,data\N\frame_0101.jpg
CustomCNN,N,O,False,False,False,0.3387,True,data\N\frame_0102.jpg
CustomCNN,N,O,False,False,False,0.3618,True,data\N\frame_0103.jpg
CustomCNN,N,O,False,False,False,0.34,True,data\N\frame_0104.jpg
CustomCNN,N,O,False,False,False,0.285,True,data\N\frame_0105.jpg
CustomCNN,N,O,False,False,False,0.2569,True,data\N\frame_0106.jpg
CustomCNN,N,O,False,False,False,0.2937,True,data\N\frame_0107.jpg
CustomCNN,N,O,False,False,False,0.227,True,data\N\frame_0108.jpg
CustomCNN,N,O,False,False,False,0.2796,True,data\N\frame_0109.jpg
CustomCNN,N,O,False,False,False,0.2555,True,data\N\frame_0110.jpg
CustomCNN,N,O,False,False,False,0.325,True,data\N\frame_0111.jpg
CustomCNN,N,O,False,False,False,0.312,True,data\N\frame_0112.jpg
CustomCNN,N,O,False,False,False,0.2093,True,data\N\frame_0113.jpg
CustomCNN,N,Q,False,False,False,0.1996,True,data\N\frame_0114.jpg
CustomCNN,N,O,False,False,False,0.1965,True,data\N\frame_0115.jpg
CustomCNN,N,O,False,False,False,0.2459,True,data\N\frame_0116.jpg
CustomCNN,N,O,False,False,False,0.1981,True,data\N\frame_0117.jpg
CustomCNN,N,O,False,False,False,0.2027,True,data\N\frame_0118.jpg
CustomCNN,N,Q,False,False,False,0.1872,True,data\N\frame_0119.jpg
CustomCNN,N,O,False,False,False,0.169,True,data\N\frame_0120.jpg
CustomCNN,N,O,False,False,False,0.2063,True,data\N\frame_0121.jpg
CustomCNN,N,O,False,False,False,0.1944,True,data\N\frame_0122.jpg
CustomCNN,N,Q,False,False,False,0.164,True,data\N\frame_0123.jpg
CustomCNN,N,O,False,False,False,0.1974,True,data\N\frame_0124.jpg
CustomCNN,N,O,False,False,False,0.1832,True,data\N\frame_0125.jpg
CustomCNN,N,O,False,False,False,0.1633,True,data\N\frame_0126.jpg
CustomCNN,N,O,False,False,False,0.1808,True,data\N\frame_0127.jpg
CustomCNN,N,O,False,False,False,0.2056,True,data\N\frame_0128.jpg
CustomCNN,N,O,False,False,False,0.2138,True,data\N\frame_0129.jpg
CustomCNN,N,O,False,False,False,0.2054,True,data\N\frame_0130.jpg
CustomCNN,N,O,False,False,False,0.1913,True,data\N\frame_0131.jpg
CustomCNN,N,O,False,False,False,0.1836,True,data\N\frame_0132.jpg
CustomCNN,N,O,False,False,False,0.2404,True,data\N\frame_0133.jpg
CustomCNN,N,O,False,False,False,0.2059,True,data\N\frame_0134.jpg
CustomCNN,N,O,False,False,False,0.1807,True,data\N\frame_0135.jpg
CustomCNN,N,O,False,False,False,0.1892,True,data\N\frame_0136.jpg
CustomCNN,N,O,False,False,False,0.1643,True,data\N\frame_0137.jpg
CustomCNN,N,O,False,False,False,0.2342,True,data\N\frame_0138.jpg
CustomCNN,N,O,False,False,False,0.2176,True,data\N\frame_0139.jpg
CustomCNN,N,O,False,False,False,0.2068,True,data\N\frame_0140.jpg
CustomCNN,N,O,False,False,False,0.2019,True,data\N\frame_0141.jpg
CustomCNN,N,O,False,False,False,0.1734,True,data\N\frame_0142.jpg
CustomCNN,N,O,False,False,False,0.1982,True,data\N\frame_0143.jpg
CustomCNN,N,O,False,False,False,0.1784,True,data\N\frame_0144.jpg
CustomCNN,N,O,False,False,False,0.2328,True,data\N\frame_0145.jpg
CustomCNN,N,O,False,False,False,0.2288,True,data\N\frame_0146.jpg
CustomCNN,N,O,False,False,False,0.2284,True,data\N\frame_0147.jpg
CustomCNN,N,O,False,False,False,0.2268,True,data\N\frame_0148.jpg
CustomCNN,N,O,False,False,False,0.2319,True,data\N\frame_0149.jpg
CustomCNN,N,O,False,False,False,0.2303,True,data\N\frame_0150.jpg
CustomCNN,O,O,True,True,True,0.1779,True,data\O\frame_0001.jpg
CustomCNN,O,O,True,True,True,0.1716,True,data\O\frame_0002.jpg
CustomCNN,O,O,True,True,True,0.1511,True,data\O\frame_0003.jpg
CustomCNN,O,O,True,True,True,0.1709,True,data\O\frame_0004.jpg
CustomCNN,O,O,True,True,True,0.1751,True,data\O\frame_0005.jpg
CustomCNN,O,O,True,True,True,0.2592,True,data\O\frame_0006.jpg
CustomCNN,O,O,True,True,True,0.2689,True,data\O\frame_0007.jpg
CustomCNN,O,O,True,True,True,0.2145,True,data\O\frame_0008.jpg
CustomCNN,O,O,True,True,True,0.2011,True,data\O\frame_0009.jpg
CustomCNN,O,O,True,True,True,0.1553,True,data\O\frame_0010.jpg
CustomCNN,O,O,True,True,True,0.1592,True,data\O\frame_0011.jpg
CustomCNN,O,O,True,True,True,0.1639,True,data\O\frame_0012.jpg
CustomCNN,O,O,True,True,True,0.1469,True,data\O\frame_0013.jpg
CustomCNN,O,Râu,False,True,True,0.1538,True,data\O\frame_0014.jpg
CustomCNN,O,O,True,True,True,0.1476,True,data\O\frame_0015.jpg
CustomCNN,O,O,True,True,True,0.1903,True,data\O\frame_0016.jpg
CustomCNN,O,O,True,True,True,0.207,True,data\O\frame_0017.jpg
CustomCNN,O,O,True,True,True,0.2428,True,data\O\frame_0018.jpg
CustomCNN,O,O,True,True,True,0.2483,True,data\O\frame_0019.jpg
CustomCNN,O,O,True,True,True,0.2368,True,data\O\frame_0020.jpg
CustomCNN,O,O,True,True,True,0.2733,True,data\O\frame_0021.jpg
CustomCNN,O,O,True,True,True,0.2986,True,data\O\frame_0022.jpg
CustomCNN,O,O,True,True,True,0.2763,True,data\O\frame_0023.jpg
CustomCNN,O,O,True,True,True,0.2673,True,data\O\frame_0024.jpg
CustomCNN,O,O,True,True,True,0.2413,True,data\O\frame_0025.jpg
CustomCNN,O,O,True,True,True,0.2418,True,data\O\frame_0026.jpg
CustomCNN,O,O,True,True,True,0.2607,True,data\O\frame_0027.jpg
CustomCNN,O,O,True,True,True,0.2422,True,data\O\frame_0028.jpg
CustomCNN,O,O,True,True,True,0.2123,True,data\O\frame_0029.jpg
CustomCNN,O,O,True,True,True,0.2347,True,data\O\frame_0030.jpg
CustomCNN,O,O,True,True,True,0.2832,True,data\O\frame_0031.jpg
CustomCNN,O,O,True,True,True,0.2429,True,data\O\frame_0032.jpg
CustomCNN,O,O,True,True,True,0.2301,True,data\O\frame_0033.jpg
CustomCNN,O,O,True,True,True,0.2358,True,data\O\frame_0034.jpg
CustomCNN,O,O,True,True,True,0.2523,True,data\O\frame_0035.jpg
CustomCNN,O,O,True,True,True,0.2637,True,data\O\frame_0036.jpg
CustomCNN,O,O,True,True,True,0.2613,True,data\O\frame_0037.jpg
CustomCNN,O,O,True,True,True,0.2701,True,data\O\frame_0038.jpg
CustomCNN,O,O,True,True,True,0.2554,True,data\O\frame_0039.jpg
CustomCNN,O,O,True,True,True,0.271,True,data\O\frame_0040.jpg
CustomCNN,O,O,True,True,True,0.2773,True,data\O\frame_0041.jpg
CustomCNN,O,O,True,True,True,0.261,True,data\O\frame_0042.jpg
CustomCNN,O,O,True,True,True,0.2997,True,data\O\frame_0043.jpg
CustomCNN,O,O,True,True,True,0.2912,True,data\O\frame_0044.jpg
CustomCNN,O,O,True,True,True,0.3055,True,data\O\frame_0045.jpg
CustomCNN,O,O,True,True,True,0.2967,True,data\O\frame_0046.jpg
CustomCNN,O,O,True,True,True,0.2416,True,data\O\frame_0047.jpg
CustomCNN,O,O,True,True,True,0.2883,True,data\O\frame_0048.jpg
CustomCNN,O,O,True,True,True,0.2432,True,data\O\frame_0049.jpg
CustomCNN,O,O,True,True,True,0.2876,True,data\O\frame_0050.jpg
CustomCNN,O,O,True,True,True,0.2368,True,data\O\frame_0051.jpg
CustomCNN,O,O,True,True,True,0.2373,True,data\O\frame_0052.jpg
CustomCNN,O,O,True,True,True,0.2374,True,data\O\frame_0053.jpg
CustomCNN,O,O,True,True,True,0.2386,True,data\O\frame_0054.jpg
CustomCNN,O,O,True,True,True,0.2386,True,data\O\frame_0055.jpg
CustomCNN,O,O,True,True,True,0.2395,True,data\O\frame_0056.jpg
CustomCNN,O,O,True,True,True,0.2333,True,data\O\frame_0057.jpg
CustomCNN,O,O,True,True,True,0.2635,True,data\O\frame_0058.jpg
CustomCNN,O,O,True,True,True,0.2163,True,data\O\frame_0059.jpg
CustomCNN,O,O,True,True,True,0.2402,True,data\O\frame_0060.jpg
CustomCNN,O,O,True,True,True,0.2951,True,data\O\frame_0061.jpg
CustomCNN,O,O,True,True,True,0.2274,True,data\O\frame_0062.jpg
CustomCNN,O,O,True,True,True,0.2846,True,data\O\frame_0063.jpg
CustomCNN,O,O,True,True,True,0.3007,True,data\O\frame_0064.jpg
CustomCNN,O,O,True,True,True,0.3127,True,data\O\frame_0065.jpg
CustomCNN,O,O,True,True,True,0.3127,True,data\O\frame_0066.jpg
CustomCNN,O,O,True,True,True,0.3115,True,data\O\frame_0067.jpg
CustomCNN,O,O,True,True,True,0.2398,True,data\O\frame_0068.jpg
CustomCNN,O,O,True,True,True,0.2319,True,data\O\frame_0069.jpg
CustomCNN,O,O,True,True,True,0.2459,True,data\O\frame_0070.jpg
CustomCNN,O,O,True,True,True,0.2977,True,data\O\frame_0071.jpg
CustomCNN,O,O,True,True,True,0.277,True,data\O\frame_0072.jpg
CustomCNN,O,O,True,True,True,0.3217,True,data\O\frame_0073.jpg
CustomCNN,O,O,True,True,True,0.3103,True,data\O\frame_0074.jpg
CustomCNN,O,O,True,True,True,0.2874,True,data\O\frame_0075.jpg
CustomCNN,O,O,True,True,True,0.2945,True,data\O\frame_0076.jpg
CustomCNN,O,O,True,True,True,0.2691,True,data\O\frame_0077.jpg
CustomCNN,O,O,True,True,True,0.3165,True,data\O\frame_0078.jpg
CustomCNN,O,O,True,True,True,0.3022,True,data\O\frame_0079.jpg
CustomCNN,O,O,True,True,True,0.3158,True,data\O\frame_0080.jpg
CustomCNN,O,O,True,True,True,0.3397,True,data\O\frame_0081.jpg
CustomCNN,O,O,True,True,True,0.3033,True,data\O\frame_0082.jpg
CustomCNN,O,O,True,True,True,0.3376,True,data\O\frame_0083.jpg
CustomCNN,O,O,True,True,True,0.3804,True,data\O\frame_0084.jpg
CustomCNN,O,O,True,True,True,0.3967,True,data\O\frame_0085.jpg
CustomCNN,O,O,True,True,True,0.3531,True,data\O\frame_0086.jpg
CustomCNN,O,O,True,True,True,0.3531,True,data\O\frame_0087.jpg
CustomCNN,O,O,True,True,True,0.4224,True,data\O\frame_0088.jpg
CustomCNN,O,O,True,True,True,0.381,True,data\O\frame_0089.jpg
CustomCNN,O,O,True,True,True,0.3108,True,data\O\frame_0090.jpg
CustomCNN,O,O,True,True,True,0.2898,True,data\O\frame_0091.jpg
CustomCNN,O,O,True,True,True,0.2783,True,data\O\frame_0092.jpg
CustomCNN,O,O,True,True,True,0.2723,True,data\O\frame_0093.jpg
CustomCNN,O,O,True,True,True,0.2745,True,data\O\frame_0094.jpg
CustomCNN,O,O,True,True,True,0.2653,True,data\O\frame_0095.jpg
CustomCNN,O,O,True,True,True,0.2632,True,data\O\frame_0096.jpg
CustomCNN,O,O,True,True,True,0.2997,True,data\O\frame_0097.jpg
CustomCNN,O,O,True,True,True,0.2997,True,data\O\frame_0098.jpg
CustomCNN,O,O,True,True,True,0.3324,True,data\O\frame_0099.jpg
CustomCNN,O,O,True,True,True,0.3195,True,data\O\frame_0100.jpg
CustomCNN,O,O,True,True,True,0.2598,True,data\O\frame_0101.jpg
CustomCNN,O,O,True,True,True,0.2473,True,data\O\frame_0102.jpg
CustomCNN,O,O,True,True,True,0.248,True,data\O\frame_0103.jpg
CustomCNN,O,O,True,True,True,0.3746,True,data\O\frame_0104.jpg
CustomCNN,O,O,True,True,True,0.2717,True,data\O\frame_0105.jpg
CustomCNN,O,O,True,True,True,0.2441,True,data\O\frame_0106.jpg
CustomCNN,O,O,True,True,True,0.2853,True,data\O\frame_0107.jpg
CustomCNN,O,O,True,True,True,0.2825,True,data\O\frame_0108.jpg
CustomCNN,O,O,True,True,True,0.2825,True,data\O\frame_0109.jpg
CustomCNN,O,O,True,True,True,0.2575,True,data\O\frame_0110.jpg
CustomCNN,O,O,True,True,True,0.2636,True,data\O\frame_0111.jpg
CustomCNN,O,O,True,True,True,0.2775,True,data\O\frame_0112.jpg
CustomCNN,O,O,True,True,True,0.2415,True,data\O\frame_0113.jpg
CustomCNN,O,O,True,True,True,0.2719,True,data\O\frame_0114.jpg
CustomCNN,O,O,True,True,True,0.2962,True,data\O\frame_0115.jpg
CustomCNN,O,O,True,True,True,0.2433,True,data\O\frame_0116.jpg
CustomCNN,O,O,True,True,True,0.2567,True,data\O\frame_0117.jpg
CustomCNN,O,O,True,True,True,0.2371,True,data\O\frame_0118.jpg
CustomCNN,O,O,True,True,True,0.2302,True,data\O\frame_0119.jpg
CustomCNN,O,O,True,True,True,0.2302,True,data\O\frame_0120.jpg
CustomCNN,O,O,True,True,True,0.3017,True,data\O\frame_0121.jpg
CustomCNN,O,O,True,True,True,0.2771,True,data\O\frame_0122.jpg
CustomCNN,O,O,True,True,True,0.2777,True,data\O\frame_0123.jpg
CustomCNN,O,O,True,True,True,0.239,True,data\O\frame_0124.jpg
CustomCNN,O,O,True,True,True,0.2224,True,data\O\frame_0125.jpg
CustomCNN,O,O,True,True,True,0.2374,True,data\O\frame_0126.jpg
CustomCNN,O,O,True,True,True,0.2115,True,data\O\frame_0127.jpg
CustomCNN,O,O,True,True,True,0.2663,True,data\O\frame_0128.jpg
CustomCNN,O,O,True,True,True,0.2342,True,data\O\frame_0129.jpg
CustomCNN,O,O,True,True,True,0.2692,True,data\O\frame_0130.jpg
CustomCNN,O,O,True,True,True,0.2692,True,data\O\frame_0131.jpg
CustomCNN,O,O,True,True,True,0.2858,True,data\O\frame_0132.jpg
CustomCNN,O,O,True,True,True,0.252,True,data\O\frame_0133.jpg
CustomCNN,O,O,True,True,True,0.2373,True,data\O\frame_0134.jpg
CustomCNN,O,O,True,True,True,0.2645,True,data\O\frame_0135.jpg
CustomCNN,O,O,True,True,True,0.2586,True,data\O\frame_0136.jpg
CustomCNN,O,O,True,True,True,0.2775,True,data\O\frame_0137.jpg
CustomCNN,O,O,True,True,True,0.266,True,data\O\frame_0138.jpg
CustomCNN,O,O,True,True,True,0.2583,True,data\O\frame_0139.jpg
CustomCNN,O,O,True,True,True,0.2498,True,data\O\frame_0140.jpg
CustomCNN,O,O,True,True,True,0.2681,True,data\O\frame_0141.jpg
CustomCNN,O,O,True,True,True,0.2681,True,data\O\frame_0142.jpg
CustomCNN,O,O,True,True,True,0.312,True,data\O\frame_0143.jpg
CustomCNN,O,O,True,True,True,0.2843,True,data\O\frame_0144.jpg
CustomCNN,O,O,True,True,True,0.2966,True,data\O\frame_0145.jpg
CustomCNN,O,O,True,True,True,0.3216,True,data\O\frame_0146.jpg
CustomCNN,O,O,True,True,True,0.2573,True,data\O\frame_0147.jpg
CustomCNN,O,O,True,True,True,0.2592,True,data\O\frame_0148.jpg
CustomCNN,O,O,True,True,True,0.3011,True,data\O\frame_0149.jpg
CustomCNN,O,O,True,True,True,0.3521,True,data\O\frame_0150.jpg
CustomCNN,P,O,False,False,False,0.1251,True,data\P\frame_0001.jpg
CustomCNN,P,O,False,False,False,0.125,True,data\P\frame_0002.jpg
CustomCNN,P,O,False,False,False,0.1162,True,data\P\frame_0003.jpg
CustomCNN,P,Q,False,False,False,0.1164,True,data\P\frame_0004.jpg
CustomCNN,P,O,False,False,False,0.1346,True,data\P\frame_0005.jpg
CustomCNN,P,S,False,False,False,0.1005,True,data\P\frame_0006.jpg
CustomCNN,P,O,False,False,False,0.1085,True,data\P\frame_0007.jpg
CustomCNN,P,O,False,False,False,0.1159,True,data\P\frame_0008.jpg
CustomCNN,P,O,False,False,False,0.119,True,data\P\frame_0009.jpg
CustomCNN,P,O,False,False,False,0.1092,True,data\P\frame_0010.jpg
CustomCNN,P,O,False,False,False,0.1058,True,data\P\frame_0011.jpg
CustomCNN,P,O,False,False,False,0.1094,True,data\P\frame_0012.jpg
CustomCNN,P,O,False,False,False,0.118,True,data\P\frame_0013.jpg
CustomCNN,P,O,False,False,False,0.1273,True,data\P\frame_0014.jpg
CustomCNN,P,O,False,False,False,0.1231,True,data\P\frame_0015.jpg
CustomCNN,P,O,False,False,False,0.1247,True,data\P\frame_0016.jpg
CustomCNN,P,O,False,False,False,0.1456,True,data\P\frame_0017.jpg
CustomCNN,P,O,False,False,False,0.1177,True,data\P\frame_0018.jpg
CustomCNN,P,O,False,False,False,0.1219,True,data\P\frame_0019.jpg
CustomCNN,P,O,False,False,False,0.1093,True,data\P\frame_0020.jpg
CustomCNN,P,Q,False,False,False,0.1269,True,data\P\frame_0021.jpg
CustomCNN,P,O,False,False,False,0.1239,True,data\P\frame_0022.jpg
CustomCNN,P,O,False,False,False,0.1209,True,data\P\frame_0023.jpg
CustomCNN,P,O,False,False,False,0.1215,True,data\P\frame_0024.jpg
CustomCNN,P,Q,False,False,False,0.1143,True,data\P\frame_0025.jpg
CustomCNN,P,O,False,False,False,0.1222,True,data\P\frame_0026.jpg
CustomCNN,P,O,False,False,False,0.1197,True,data\P\frame_0027.jpg
CustomCNN,P,O,False,False,False,0.1201,True,data\P\frame_0028.jpg
CustomCNN,P,Q,False,False,False,0.116,True,data\P\frame_0029.jpg
CustomCNN,P,O,False,False,False,0.1299,True,data\P\frame_0030.jpg
CustomCNN,P,Q,False,False,False,0.1168,True,data\P\frame_0031.jpg
CustomCNN,P,Q,False,False,False,0.1329,True,data\P\frame_0032.jpg
CustomCNN,P,Q,False,False,False,0.1355,True,data\P\frame_0033.jpg
CustomCNN,P,Q,False,False,False,0.1248,True,data\P\frame_0034.jpg
CustomCNN,P,Q,False,False,False,0.1216,True,data\P\frame_0035.jpg
CustomCNN,P,Q,False,False,False,0.1204,True,data\P\frame_0036.jpg
CustomCNN,P,Q,False,False,False,0.1293,True,data\P\frame_0037.jpg
CustomCNN,P,O,False,False,False,0.1146,True,data\P\frame_0038.jpg
CustomCNN,P,Q,False,False,False,0.1222,True,data\P\frame_0039.jpg
CustomCNN,P,O,False,False,False,0.1252,True,data\P\frame_0040.jpg
CustomCNN,P,O,False,False,False,0.1348,True,data\P\frame_0041.jpg
CustomCNN,P,O,False,False,False,0.142,True,data\P\frame_0042.jpg
CustomCNN,P,Q,False,False,False,0.1135,True,data\P\frame_0043.jpg
CustomCNN,P,O,False,False,False,0.1141,True,data\P\frame_0044.jpg
CustomCNN,P,O,False,False,False,0.1342,True,data\P\frame_0045.jpg
CustomCNN,P,O,False,False,False,0.1233,True,data\P\frame_0046.jpg
CustomCNN,P,O,False,False,False,0.12,True,data\P\frame_0047.jpg
CustomCNN,P,O,False,False,False,0.1343,True,data\P\frame_0048.jpg
CustomCNN,P,O,False,False,False,0.1344,True,data\P\frame_0049.jpg
CustomCNN,P,O,False,False,False,0.149,True,data\P\frame_0050.jpg
CustomCNN,P,O,False,False,False,0.1229,True,data\P\frame_0051.jpg
CustomCNN,P,O,False,False,False,0.1257,True,data\P\frame_0052.jpg
CustomCNN,P,O,False,False,False,0.1245,True,data\P\frame_0053.jpg
CustomCNN,P,O,False,False,False,0.1202,True,data\P\frame_0054.jpg
CustomCNN,P,O,False,False,False,0.1407,True,data\P\frame_0055.jpg
CustomCNN,P,O,False,False,False,0.1301,True,data\P\frame_0056.jpg
CustomCNN,P,O,False,False,False,0.1386,True,data\P\frame_0057.jpg
CustomCNN,P,O,False,False,False,0.1453,True,data\P\frame_0058.jpg
CustomCNN,P,O,False,False,False,0.1411,True,data\P\frame_0059.jpg
CustomCNN,P,O,False,False,False,0.155,True,data\P\frame_0060.jpg
CustomCNN,P,O,False,False,False,0.1432,True,data\P\frame_0061.jpg
CustomCNN,P,O,False,False,False,0.1486,True,data\P\frame_0062.jpg
CustomCNN,P,O,False,False,False,0.1264,True,data\P\frame_0063.jpg
CustomCNN,P,O,False,False,False,0.1452,True,data\P\frame_0064.jpg
CustomCNN,P,O,False,False,False,0.1415,True,data\P\frame_0065.jpg
CustomCNN,P,O,False,False,False,0.1547,True,data\P\frame_0066.jpg
CustomCNN,P,O,False,False,False,0.1632,True,data\P\frame_0067.jpg
CustomCNN,P,O,False,False,False,0.1512,True,data\P\frame_0068.jpg
CustomCNN,P,O,False,False,False,0.1628,True,data\P\frame_0069.jpg
CustomCNN,P,O,False,False,False,0.1465,True,data\P\frame_0070.jpg
CustomCNN,P,O,False,False,False,0.1438,True,data\P\frame_0071.jpg
CustomCNN,P,O,False,False,False,0.1731,True,data\P\frame_0072.jpg
CustomCNN,P,O,False,False,False,0.1569,True,data\P\frame_0073.jpg
CustomCNN,P,O,False,False,False,0.1577,True,data\P\frame_0074.jpg
CustomCNN,P,O,False,False,False,0.1468,True,data\P\frame_0075.jpg
CustomCNN,P,O,False,False,False,0.1426,True,data\P\frame_0076.jpg
CustomCNN,P,O,False,False,False,0.156,True,data\P\frame_0077.jpg
CustomCNN,P,O,False,False,False,0.1341,True,data\P\frame_0078.jpg
CustomCNN,P,O,False,False,False,0.167,True,data\P\frame_0079.jpg
CustomCNN,P,O,False,False,False,0.1607,True,data\P\frame_0080.jpg
CustomCNN,P,O,False,False,False,0.1302,True,data\P\frame_0081.jpg
CustomCNN,P,O,False,False,False,0.137,True,data\P\frame_0082.jpg
CustomCNN,P,O,False,False,False,0.1389,True,data\P\frame_0083.jpg
CustomCNN,P,O,False,False,False,0.1391,True,data\P\frame_0084.jpg
CustomCNN,P,O,False,False,False,0.1356,True,data\P\frame_0085.jpg
CustomCNN,P,O,False,False,False,0.1372,True,data\P\frame_0086.jpg
CustomCNN,P,O,False,False,False,0.1564,True,data\P\frame_0087.jpg
CustomCNN,P,O,False,False,False,0.1448,True,data\P\frame_0088.jpg
CustomCNN,P,O,False,False,False,0.1537,True,data\P\frame_0089.jpg
CustomCNN,P,O,False,False,False,0.142,True,data\P\frame_0090.jpg
CustomCNN,P,O,False,False,False,0.1451,True,data\P\frame_0091.jpg
CustomCNN,P,O,False,False,False,0.1438,True,data\P\frame_0092.jpg
CustomCNN,P,O,False,False,False,0.1417,True,data\P\frame_0093.jpg
CustomCNN,P,O,False,False,False,0.1268,True,data\P\frame_0094.jpg
CustomCNN,P,O,False,False,False,0.141,True,data\P\frame_0095.jpg
CustomCNN,P,O,False,False,False,0.1164,True,data\P\frame_0096.jpg
CustomCNN,P,O,False,False,False,0.124,True,data\P\frame_0097.jpg
CustomCNN,P,O,False,False,False,0.1265,True,data\P\frame_0098.jpg
CustomCNN,P,O,False,False,False,0.14,True,data\P\frame_0099.jpg
CustomCNN,P,O,False,False,False,0.1294,True,data\P\frame_0100.jpg
CustomCNN,P,O,False,False,False,0.131,True,data\P\frame_0101.jpg
CustomCNN,P,O,False,False,False,0.136,True,data\P\frame_0102.jpg
CustomCNN,P,O,False,False,False,0.1519,True,data\P\frame_0103.jpg
CustomCNN,P,O,False,False,False,0.1315,True,data\P\frame_0104.jpg
CustomCNN,P,O,False,False,False,0.1469,True,data\P\frame_0105.jpg
CustomCNN,P,O,False,False,False,0.1231,True,data\P\frame_0106.jpg
CustomCNN,P,O,False,False,False,0.1492,True,data\P\frame_0107.jpg
CustomCNN,P,O,False,False,False,0.1528,True,data\P\frame_0108.jpg
CustomCNN,P,O,False,False,False,0.1602,True,data\P\frame_0109.jpg
CustomCNN,P,O,False,False,False,0.1457,True,data\P\frame_0110.jpg
CustomCNN,P,O,False,False,False,0.1393,True,data\P\frame_0111.jpg
CustomCNN,P,O,False,False,False,0.14,True,data\P\frame_0112.jpg
CustomCNN,P,O,False,False,False,0.1584,True,data\P\frame_0113.jpg
CustomCNN,P,O,False,False,False,0.1328,True,data\P\frame_0114.jpg
CustomCNN,P,O,False,False,False,0.1253,True,data\P\frame_0115.jpg
CustomCNN,P,O,False,False,False,0.1371,True,data\P\frame_0116.jpg
CustomCNN,P,O,False,False,False,0.1559,True,data\P\frame_0117.jpg
CustomCNN,P,O,False,False,False,0.155,True,data\P\frame_0118.jpg
CustomCNN,P,O,False,False,False,0.1458,True,data\P\frame_0119.jpg
CustomCNN,P,O,False,False,False,0.1457,True,data\P\frame_0120.jpg
CustomCNN,P,O,False,False,False,0.1464,True,data\P\frame_0121.jpg
CustomCNN,P,O,False,False,False,0.1633,True,data\P\frame_0122.jpg
CustomCNN,P,O,False,False,False,0.1474,True,data\P\frame_0123.jpg
CustomCNN,P,O,False,False,False,0.1398,True,data\P\frame_0124.jpg
CustomCNN,P,O,False,False,False,0.1474,True,data\P\frame_0125.jpg
CustomCNN,P,O,False,False,False,0.1467,True,data\P\frame_0126.jpg
CustomCNN,P,O,False,False,False,0.1388,True,data\P\frame_0127.jpg
CustomCNN,P,O,False,False,False,0.1527,True,data\P\frame_0128.jpg
CustomCNN,P,O,False,False,False,0.1298,True,data\P\frame_0129.jpg
CustomCNN,P,O,False,False,False,0.1288,True,data\P\frame_0130.jpg
CustomCNN,P,O,False,False,False,0.1523,True,data\P\frame_0131.jpg
CustomCNN,P,O,False,False,False,0.1432,True,data\P\frame_0132.jpg
CustomCNN,P,O,False,False,False,0.1357,True,data\P\frame_0133.jpg
CustomCNN,P,O,False,False,False,0.1306,True,data\P\frame_0134.jpg
CustomCNN,P,Q,False,False,False,0.1445,True,data\P\frame_0135.jpg
CustomCNN,P,O,False,False,False,0.1292,True,data\P\frame_0136.jpg
CustomCNN,P,O,False,False,False,0.1301,True,data\P\frame_0137.jpg
CustomCNN,P,O,False,False,False,0.1453,True,data\P\frame_0138.jpg
CustomCNN,P,O,False,False,False,0.154,True,data\P\frame_0139.jpg
CustomCNN,P,O,False,False,False,0.1475,True,data\P\frame_0140.jpg
CustomCNN,P,O,False,False,False,0.1426,True,data\P\frame_0141.jpg
CustomCNN,P,O,False,False,False,0.1363,True,data\P\frame_0142.jpg
CustomCNN,P,O,False,False,False,0.1467,True,data\P\frame_0143.jpg
CustomCNN,P,O,False,False,False,0.1309,True,data\P\frame_0144.jpg
CustomCNN,P,O,False,False,False,0.1431,True,data\P\frame_0145.jpg
CustomCNN,P,O,False,False,False,0.1469,True,data\P\frame_0146.jpg
CustomCNN,P,O,False,False,False,0.1469,True,data\P\frame_0147.jpg
CustomCNN,P,O,False,False,False,0.142,True,data\P\frame_0148.jpg
CustomCNN,P,O,False,False,False,0.1432,True,data\P\frame_0149.jpg
CustomCNN,P,O,False,False,False,0.1428,True,data\P\frame_0150.jpg
CustomCNN,Q,,False,False,False,0.0,False,data\Q\frame_0001.jpg
CustomCNN,Q,,False,False,False,0.0,False,data\Q\frame_0002.jpg
CustomCNN,Q,,False,False,False,0.0,False,data\Q\frame_0003.jpg
CustomCNN,Q,Q,True,True,True,0.2462,True,data\Q\frame_0004.jpg
CustomCNN,Q,O,False,True,True,0.2623,True,data\Q\frame_0005.jpg
CustomCNN,Q,Râu,False,False,True,0.2074,True,data\Q\frame_0006.jpg
CustomCNN,Q,Râu,False,False,True,0.2191,True,data\Q\frame_0007.jpg
CustomCNN,Q,O,False,False,True,0.1654,True,data\Q\frame_0008.jpg
CustomCNN,Q,,False,False,False,0.0,False,data\Q\frame_0009.jpg
CustomCNN,Q,O,False,True,True,0.1616,True,data\Q\frame_0010.jpg
CustomCNN,Q,Râu,False,True,True,0.1609,True,data\Q\frame_0011.jpg
CustomCNN,Q,Râu,False,False,True,0.1752,True,data\Q\frame_0012.jpg
CustomCNN,Q,Râu,False,True,True,0.1635,True,data\Q\frame_0013.jpg
CustomCNN,Q,Râu,False,False,True,0.1837,True,data\Q\frame_0014.jpg
CustomCNN,Q,Râu,False,False,True,0.1757,True,data\Q\frame_0015.jpg
CustomCNN,Q,O,False,False,True,0.1725,True,data\Q\frame_0016.jpg
CustomCNN,Q,O,False,False,True,0.2044,True,data\Q\frame_0017.jpg
CustomCNN,Q,Râu,False,False,True,0.1746,True,data\Q\frame_0018.jpg
CustomCNN,Q,Râu,False,False,True,0.1557,True,data\Q\frame_0019.jpg
CustomCNN,Q,Râu,False,False,True,0.1503,True,data\Q\frame_0020.jpg
CustomCNN,Q,O,False,False,True,0.1568,True,data\Q\frame_0021.jpg
CustomCNN,Q,,False,False,False,0.0,False,data\Q\frame_0022.jpg
CustomCNN,Q,,False,False,False,0.0,False,data\Q\frame_0023.jpg
CustomCNN,Q,O,False,True,True,0.1884,True,data\Q\frame_0024.jpg
CustomCNN,Q,,False,False,False,0.0,False,data\Q\frame_0025.jpg
CustomCNN,Q,,False,False,False,0.0,False,data\Q\frame_0026.jpg
CustomCNN,Q,,False,False,False,0.0,False,data\Q\frame_0027.jpg
CustomCNN,Q,,False,False,False,0.0,False,data\Q\frame_0028.jpg
CustomCNN,Q,,False,False,False,0.0,False,data\Q\frame_0029.jpg
CustomCNN,Q,Q,True,True,True,0.1723,True,data\Q\frame_0030.jpg
CustomCNN,Q,O,False,True,True,0.3219,True,data\Q\frame_0031.jpg
CustomCNN,Q,,False,False,False,0.0,False,data\Q\frame_0032.jpg
CustomCNN,Q,,False,False,False,0.0,False,data\Q\frame_0033.jpg
CustomCNN,Q,Q,True,True,True,0.245,True,data\Q\frame_0034.jpg
CustomCNN,Q,Q,True,True,True,0.1933,True,data\Q\frame_0035.jpg
CustomCNN,Q,,False,False,False,0.0,False,data\Q\frame_0036.jpg
CustomCNN,Q,,False,False,False,0.0,False,data\Q\frame_0037.jpg
CustomCNN,Q,O,False,False,True,0.2636,True,data\Q\frame_0038.jpg
CustomCNN,Q,,False,False,False,0.0,False,data\Q\frame_0039.jpg
CustomCNN,Q,Râu,False,True,True,0.2502,True,data\Q\frame_0040.jpg
CustomCNN,Q,,False,False,False,0.0,False,data\Q\frame_0041.jpg
CustomCNN,Q,O,False,True,True,0.2891,True,data\Q\frame_0042.jpg
CustomCNN,Q,,False,False,False,0.0,False,data\Q\frame_0043.jpg
CustomCNN,Q,Q,True,True,True,0.2194,True,data\Q\frame_0044.jpg
CustomCNN,Q,,False,False,False,0.0,False,data\Q\frame_0045.jpg
CustomCNN,Q,,False,False,False,0.0,False,data\Q\frame_0046.jpg
CustomCNN,Q,,False,False,False,0.0,False,data\Q\frame_0047.jpg
CustomCNN,Q,,False,False,False,0.0,False,data\Q\frame_0048.jpg
CustomCNN,Q,,False,False,False,0.0,False,data\Q\frame_0049.jpg
CustomCNN,Q,,False,False,False,0.0,False,data\Q\frame_0050.jpg
CustomCNN,Q,,False,False,False,0.0,False,data\Q\frame_0051.jpg
CustomCNN,Q,,False,False,False,0.0,False,data\Q\frame_0052.jpg
CustomCNN,Q,,False,False,False,0.0,False,data\Q\frame_0053.jpg
CustomCNN,Q,,False,False,False,0.0,False,data\Q\frame_0054.jpg
CustomCNN,Q,,False,False,False,0.0,False,data\Q\frame_0055.jpg
CustomCNN,Q,,False,False,False,0.0,False,data\Q\frame_0056.jpg
CustomCNN,Q,Q,True,True,True,0.2925,True,data\Q\frame_0057.jpg
CustomCNN,Q,Q,True,True,True,0.2439,True,data\Q\frame_0058.jpg
CustomCNN,Q,,False,False,False,0.0,False,data\Q\frame_0059.jpg
CustomCNN,Q,Râu,False,False,True,0.1896,True,data\Q\frame_0060.jpg
CustomCNN,Q,,False,False,False,0.0,False,data\Q\frame_0061.jpg
CustomCNN,Q,O,False,False,True,0.1853,True,data\Q\frame_0062.jpg
CustomCNN,Q,O,False,False,True,0.1556,True,data\Q\frame_0063.jpg
CustomCNN,Q,O,False,True,True,0.1731,True,data\Q\frame_0064.jpg
CustomCNN,Q,Râu,False,False,True,0.1768,True,data\Q\frame_0065.jpg
CustomCNN,Q,Râu,False,False,True,0.1624,True,data\Q\frame_0066.jpg
CustomCNN,Q,Râu,False,False,True,0.1779,True,data\Q\frame_0067.jpg
CustomCNN,Q,Râu,False,False,True,0.16,True,data\Q\frame_0068.jpg
CustomCNN,Q,Râu,False,False,True,0.1698,True,data\Q\frame_0069.jpg
CustomCNN,Q,Râu,False,False,True,0.1729,True,data\Q\frame_0070.jpg
CustomCNN,Q,Râu,False,False,True,0.1589,True,data\Q\frame_0071.jpg
CustomCNN,Q,Râu,False,False,True,0.1661,True,data\Q\frame_0072.jpg
CustomCNN,Q,Râu,False,False,True,0.1782,True,data\Q\frame_0073.jpg
CustomCNN,Q,Râu,False,False,True,0.1589,True,data\Q\frame_0074.jpg
CustomCNN,Q,O,False,True,True,0.164,True,data\Q\frame_0075.jpg
CustomCNN,Q,Râu,False,False,True,0.174,True,data\Q\frame_0076.jpg
CustomCNN,Q,Râu,False,False,True,0.1823,True,data\Q\frame_0077.jpg
CustomCNN,Q,Râu,False,False,True,0.155,True,data\Q\frame_0078.jpg
CustomCNN,Q,Râu,False,False,False,0.1599,True,data\Q\frame_0079.jpg
CustomCNN,Q,Râu,False,False,False,0.1645,True,data\Q\frame_0080.jpg
CustomCNN,Q,Râu,False,False,True,0.1471,True,data\Q\frame_0081.jpg
CustomCNN,Q,Râu,False,False,True,0.1642,True,data\Q\frame_0082.jpg
CustomCNN,Q,O,False,True,True,0.2177,True,data\Q\frame_0083.jpg
CustomCNN,Q,Q,True,True,True,0.2028,True,data\Q\frame_0084.jpg
CustomCNN,Q,O,False,True,True,0.2007,True,data\Q\frame_0085.jpg
CustomCNN,Q,O,False,True,True,0.2002,True,data\Q\frame_0086.jpg
CustomCNN,Q,,False,False,False,0.0,False,data\Q\frame_0087.jpg
CustomCNN,Q,O,False,True,True,0.1673,True,data\Q\frame_0088.jpg
CustomCNN,Q,O,False,False,True,0.1743,True,data\Q\frame_0089.jpg
CustomCNN,Q,Q,True,True,True,0.2051,True,data\Q\frame_0090.jpg
CustomCNN,Q,O,False,False,True,0.1908,True,data\Q\frame_0091.jpg
CustomCNN,Q,,False,False,False,0.0,False,data\Q\frame_0092.jpg
CustomCNN,Q,,False,False,False,0.0,False,data\Q\frame_0093.jpg
CustomCNN,Q,,False,False,False,0.0,False,data\Q\frame_0094.jpg
CustomCNN,Q,O,False,True,True,0.2414,True,data\Q\frame_0095.jpg
CustomCNN,Q,,False,False,False,0.0,False,data\Q\frame_0096.jpg
CustomCNN,Q,Q,True,True,True,0.2028,True,data\Q\frame_0097.jpg
CustomCNN,Q,Q,True,True,True,0.2028,True,data\Q\frame_0098.jpg
CustomCNN,Q,,False,False,False,0.0,False,data\Q\frame_0099.jpg
CustomCNN,Q,Q,True,True,True,0.2598,True,data\Q\frame_0100.jpg
CustomCNN,Q,,False,False,False,0.0,False,data\Q\frame_0101.jpg
CustomCNN,Q,,False,False,False,0.0,False,data\Q\frame_0102.jpg
CustomCNN,Q,Q,True,True,True,0.2686,True,data\Q\frame_0103.jpg
CustomCNN,Q,,False,False,False,0.0,False,data\Q\frame_0104.jpg
CustomCNN,Q,,False,False,False,0.0,False,data\Q\frame_0105.jpg
CustomCNN,Q,,False,False,False,0.0,False,data\Q\frame_0106.jpg
CustomCNN,Q,,False,False,False,0.0,False,data\Q\frame_0107.jpg
CustomCNN,Q,,False,False,False,0.0,False,data\Q\frame_0108.jpg
CustomCNN,Q,,False,False,False,0.0,False,data\Q\frame_0109.jpg
CustomCNN,Q,,False,False,False,0.0,False,data\Q\frame_0110.jpg
CustomCNN,Q,,False,False,False,0.0,False,data\Q\frame_0111.jpg
CustomCNN,Q,,False,False,False,0.0,False,data\Q\frame_0112.jpg
CustomCNN,Q,,False,False,False,0.0,False,data\Q\frame_0113.jpg
CustomCNN,Q,,False,False,False,0.0,False,data\Q\frame_0114.jpg
CustomCNN,Q,,False,False,False,0.0,False,data\Q\frame_0115.jpg
CustomCNN,Q,,False,False,False,0.0,False,data\Q\frame_0116.jpg
CustomCNN,Q,,False,False,False,0.0,False,data\Q\frame_0117.jpg
CustomCNN,Q,,False,False,False,0.0,False,data\Q\frame_0118.jpg
CustomCNN,Q,,False,False,False,0.0,False,data\Q\frame_0119.jpg
CustomCNN,Q,,False,False,False,0.0,False,data\Q\frame_0120.jpg
CustomCNN,Q,,False,False,False,0.0,False,data\Q\frame_0121.jpg
CustomCNN,Q,,False,False,False,0.0,False,data\Q\frame_0122.jpg
CustomCNN,Q,O,False,False,True,0.2018,True,data\Q\frame_0123.jpg
CustomCNN,Q,O,False,True,True,0.2501,True,data\Q\frame_0124.jpg
CustomCNN,Q,Râu,False,False,True,0.211,True,data\Q\frame_0125.jpg
CustomCNN,Q,O,False,True,True,0.2485,True,data\Q\frame_0126.jpg
CustomCNN,Q,,False,False,False,0.0,False,data\Q\frame_0127.jpg
CustomCNN,Q,,False,False,False,0.0,False,data\Q\frame_0128.jpg
CustomCNN,Q,Râu,False,False,True,0.2335,True,data\Q\frame_0129.jpg
CustomCNN,Q,Râu,False,False,True,0.2126,True,data\Q\frame_0130.jpg
CustomCNN,Q,Râu,False,False,True,0.2126,True,data\Q\frame_0131.jpg
CustomCNN,Q,Râu,False,False,True,0.1858,True,data\Q\frame_0132.jpg
CustomCNN,Q,,False,False,False,0.0,False,data\Q\frame_0133.jpg
CustomCNN,Q,,False,False,False,0.0,False,data\Q\frame_0134.jpg
CustomCNN,Q,,False,False,False,0.0,False,data\Q\frame_0135.jpg
CustomCNN,Q,O,False,False,True,0.1675,True,data\Q\frame_0136.jpg
CustomCNN,Q,Râu,False,False,True,0.2078,True,data\Q\frame_0137.jpg
CustomCNN,Q,Râu,False,False,True,0.2034,True,data\Q\frame_0138.jpg
CustomCNN,Q,O,False,True,True,0.1816,True,data\Q\frame_0139.jpg
CustomCNN,Q,Q,True,True,True,0.1823,True,data\Q\frame_0140.jpg
CustomCNN,Q,Râu,False,False,True,0.2035,True,data\Q\frame_0141.jpg
CustomCNN,Q,Râu,False,False,True,0.2035,True,data\Q\frame_0142.jpg
CustomCNN,Q,,False,False,False,0.0,False,data\Q\frame_0143.jpg
CustomCNN,Q,Râu,False,False,True,0.2318,True,data\Q\frame_0144.jpg
CustomCNN,Q,O,False,False,True,0.1676,True,data\Q\frame_0145.jpg
CustomCNN,Q,,False,False,False,0.0,False,data\Q\frame_0146.jpg
CustomCNN,Q,Râu,False,False,True,0.1905,True,data\Q\frame_0147.jpg
CustomCNN,Q,,False,False,False,0.0,False,data\Q\frame_0148.jpg
CustomCNN,Q,Râu,False,False,True,0.1707,True,data\Q\frame_0149.jpg
CustomCNN,Q,,False,False,False,0.0,False,data\Q\frame_0150.jpg
CustomCNN,R,C,False,False,False,0.2028,True,data\R\frame_0001.jpg
CustomCNN,R,C,False,False,False,0.2028,True,data\R\frame_0002.jpg
CustomCNN,R,C,False,True,True,0.1588,True,data\R\frame_0003.jpg
CustomCNN,R,C,False,True,True,0.1609,True,data\R\frame_0004.jpg
CustomCNN,R,C,False,True,True,0.1474,True,data\R\frame_0005.jpg
CustomCNN,R,C,False,True,True,0.143,True,data\R\frame_0006.jpg
CustomCNN,R,C,False,False,True,0.159,True,data\R\frame_0007.jpg
CustomCNN,R,C,False,True,True,0.1734,True,data\R\frame_0008.jpg
CustomCNN,R,C,False,False,False,0.1842,True,data\R\frame_0009.jpg
CustomCNN,R,C,False,False,False,0.1532,True,data\R\frame_0010.jpg
CustomCNN,R,C,False,False,True,0.1442,True,data\R\frame_0011.jpg
CustomCNN,R,C,False,False,True,0.1702,True,data\R\frame_0012.jpg
CustomCNN,R,C,False,False,True,0.1702,True,data\R\frame_0013.jpg
CustomCNN,R,C,False,True,True,0.1718,True,data\R\frame_0014.jpg
CustomCNN,R,C,False,False,False,0.1905,True,data\R\frame_0015.jpg
CustomCNN,R,C,False,False,False,0.1821,True,data\R\frame_0016.jpg
CustomCNN,R,C,False,False,False,0.1691,True,data\R\frame_0017.jpg
CustomCNN,R,C,False,True,True,0.211,True,data\R\frame_0018.jpg
CustomCNN,R,C,False,True,True,0.1619,True,data\R\frame_0019.jpg
CustomCNN,R,C,False,False,False,0.205,True,data\R\frame_0020.jpg
CustomCNN,R,C,False,True,True,0.1498,True,data\R\frame_0021.jpg
CustomCNN,R,C,False,True,True,0.1691,True,data\R\frame_0022.jpg
CustomCNN,R,C,False,False,True,0.1899,True,data\R\frame_0023.jpg
CustomCNN,R,C,False,False,True,0.1899,True,data\R\frame_0024.jpg
CustomCNN,R,C,False,True,True,0.2184,True,data\R\frame_0025.jpg
CustomCNN,R,C,False,False,True,0.1913,True,data\R\frame_0026.jpg
CustomCNN,R,C,False,False,True,0.1331,True,data\R\frame_0027.jpg
CustomCNN,R,C,False,False,True,0.1364,True,data\R\frame_0028.jpg
CustomCNN,R,C,False,True,True,0.1601,True,data\R\frame_0029.jpg
CustomCNN,R,C,False,False,False,0.1405,True,data\R\frame_0030.jpg
CustomCNN,R,C,False,False,True,0.1731,True,data\R\frame_0031.jpg
CustomCNN,R,C,False,False,True,0.1428,True,data\R\frame_0032.jpg
CustomCNN,R,C,False,False,False,0.1865,True,data\R\frame_0033.jpg
CustomCNN,R,C,False,True,True,0.1383,True,data\R\frame_0034.jpg
CustomCNN,R,C,False,True,True,0.1383,True,data\R\frame_0035.jpg
CustomCNN,R,C,False,True,True,0.102,True,data\R\frame_0036.jpg
CustomCNN,R,C,False,False,True,0.1115,True,data\R\frame_0037.jpg
CustomCNN,R,C,False,True,True,0.1079,True,data\R\frame_0038.jpg
CustomCNN,R,C,False,False,True,0.0951,True,data\R\frame_0039.jpg
CustomCNN,R,C,False,False,False,0.1151,True,data\R\frame_0040.jpg
CustomCNN,R,C,False,False,False,0.0985,True,data\R\frame_0041.jpg
CustomCNN,R,C,False,True,True,0.1286,True,data\R\frame_0042.jpg
CustomCNN,R,C,False,True,True,0.1186,True,data\R\frame_0043.jpg
CustomCNN,R,C,False,True,True,0.1384,True,data\R\frame_0044.jpg
CustomCNN,R,C,False,False,False,0.1137,True,data\R\frame_0045.jpg
CustomCNN,R,C,False,False,False,0.1137,True,data\R\frame_0046.jpg
CustomCNN,R,C,False,True,True,0.1369,True,data\R\frame_0047.jpg
CustomCNN,R,C,False,True,True,0.0918,True,data\R\frame_0048.jpg
CustomCNN,R,C,False,True,True,0.1364,True,data\R\frame_0049.jpg
CustomCNN,R,C,False,True,True,0.1108,True,data\R\frame_0050.jpg
CustomCNN,R,C,False,True,True,0.1331,True,data\R\frame_0051.jpg
CustomCNN,R,C,False,True,True,0.1196,True,data\R\frame_0052.jpg
CustomCNN,R,C,False,True,True,0.1663,True,data\R\frame_0053.jpg
CustomCNN,R,C,False,False,True,0.1191,True,data\R\frame_0054.jpg
CustomCNN,R,C,False,True,True,0.1382,True,data\R\frame_0055.jpg
CustomCNN,R,C,False,True,True,0.1508,True,data\R\frame_0056.jpg
CustomCNN,R,C,False,True,True,0.1508,True,data\R\frame_0057.jpg
CustomCNN,R,C,False,False,False,0.168,True,data\R\frame_0058.jpg
CustomCNN,R,C,False,False,False,0.1643,True,data\R\frame_0059.jpg
CustomCNN,R,C,False,True,True,0.1963,True,data\R\frame_0060.jpg
CustomCNN,R,C,False,False,True,0.1494,True,data\R\frame_0061.jpg
CustomCNN,R,C,False,True,True,0.2037,True,data\R\frame_0062.jpg
CustomCNN,R,C,False,True,True,0.1319,True,data\R\frame_0063.jpg
CustomCNN,R,C,False,False,True,0.1517,True,data\R\frame_0064.jpg
CustomCNN,R,C,False,True,True,0.1279,True,data\R\frame_0065.jpg
CustomCNN,R,C,False,False,True,0.1026,True,data\R\frame_0066.jpg
CustomCNN,R,C,False,True,True,0.1182,True,data\R\frame_0067.jpg
CustomCNN,R,C,False,True,True,0.1182,True,data\R\frame_0068.jpg
CustomCNN,R,C,False,False,False,0.1154,True,data\R\frame_0069.jpg
CustomCNN,R,C,False,False,False,0.1438,True,data\R\frame_0070.jpg
CustomCNN,R,C,False,True,True,0.1431,True,data\R\frame_0071.jpg
CustomCNN,R,C,False,True,True,0.1298,True,data\R\frame_0072.jpg
CustomCNN,R,C,False,True,True,0.1316,True,data\R\frame_0073.jpg
CustomCNN,R,C,False,True,True,0.1108,True,data\R\frame_0074.jpg
CustomCNN,R,C,False,True,True,0.1586,True,data\R\frame_0075.jpg
CustomCNN,R,C,False,False,False,0.1062,True,data\R\frame_0076.jpg
CustomCNN,R,C,False,False,False,0.1038,True,data\R\frame_0077.jpg
CustomCNN,R,C,False,False,False,0.1038,True,data\R\frame_0078.jpg
CustomCNN,R,C,False,True,True,0.1177,True,data\R\frame_0079.jpg
CustomCNN,R,C,False,True,True,0.13,True,data\R\frame_0080.jpg
CustomCNN,R,C,False,True,True,0.097,True,data\R\frame_0081.jpg
CustomCNN,R,C,False,True,True,0.1144,True,data\R\frame_0082.jpg
CustomCNN,R,C,False,True,True,0.1324,True,data\R\frame_0083.jpg
CustomCNN,R,C,False,True,True,0.1105,True,data\R\frame_0084.jpg
CustomCNN,R,C,False,False,True,0.1183,True,data\R\frame_0085.jpg
CustomCNN,R,C,False,False,False,0.1319,True,data\R\frame_0086.jpg
CustomCNN,R,C,False,False,False,0.1365,True,data\R\frame_0087.jpg
CustomCNN,R,C,False,False,True,0.1112,True,data\R\frame_0088.jpg
CustomCNN,R,C,False,False,True,0.1112,True,data\R\frame_0089.jpg
CustomCNN,R,C,False,False,False,0.12,True,data\R\frame_0090.jpg
CustomCNN,R,C,False,False,True,0.1004,True,data\R\frame_0091.jpg
CustomCNN,R,C,False,True,True,0.1278,True,data\R\frame_0092.jpg
CustomCNN,R,C,False,True,True,0.1049,True,data\R\frame_0093.jpg
CustomCNN,R,R,True,True,True,0.1012,True,data\R\frame_0094.jpg
CustomCNN,R,C,False,True,True,0.1175,True,data\R\frame_0095.jpg
CustomCNN,R,C,False,False,True,0.1505,True,data\R\frame_0096.jpg
CustomCNN,R,C,False,False,True,0.1183,True,data\R\frame_0097.jpg
CustomCNN,R,C,False,True,True,0.1202,True,data\R\frame_0098.jpg
CustomCNN,R,C,False,True,True,0.1151,True,data\R\frame_0099.jpg
CustomCNN,R,C,False,True,True,0.1151,True,data\R\frame_0100.jpg
CustomCNN,R,C,False,False,False,0.1293,True,data\R\frame_0101.jpg
CustomCNN,R,C,False,False,True,0.0931,True,data\R\frame_0102.jpg
CustomCNN,R,C,False,False,True,0.0971,True,data\R\frame_0103.jpg
CustomCNN,R,C,False,True,True,0.1173,True,data\R\frame_0104.jpg
CustomCNN,R,C,False,False,False,0.1138,True,data\R\frame_0105.jpg
CustomCNN,R,C,False,True,True,0.1279,True,data\R\frame_0106.jpg
CustomCNN,R,C,False,False,False,0.0971,True,data\R\frame_0107.jpg
CustomCNN,R,C,False,True,True,0.1305,True,data\R\frame_0108.jpg
CustomCNN,R,C,False,False,False,0.1008,True,data\R\frame_0109.jpg
CustomCNN,R,C,False,True,True,0.1184,True,data\R\frame_0110.jpg
CustomCNN,R,C,False,False,False,0.0986,True,data\R\frame_0111.jpg
CustomCNN,R,C,False,True,True,0.1119,True,data\R\frame_0112.jpg
CustomCNN,R,C,False,False,True,0.1043,True,data\R\frame_0113.jpg
CustomCNN,R,C,False,False,False,0.1053,True,data\R\frame_0114.jpg
CustomCNN,R,C,False,True,True,0.1062,True,data\R\frame_0115.jpg
CustomCNN,R,C,False,True,True,0.1168,True,data\R\frame_0116.jpg
CustomCNN,R,C,False,True,True,0.1208,True,data\R\frame_0117.jpg
CustomCNN,R,C,False,True,True,0.1245,True,data\R\frame_0118.jpg
CustomCNN,R,C,False,False,False,0.1029,True,data\R\frame_0119.jpg
CustomCNN,R,C,False,True,True,0.1498,True,data\R\frame_0120.jpg
CustomCNN,R,C,False,False,True,0.0987,True,data\R\frame_0121.jpg
CustomCNN,R,C,False,True,True,0.1174,True,data\R\frame_0122.jpg
CustomCNN,R,C,False,True,True,0.1092,True,data\R\frame_0123.jpg
CustomCNN,R,C,False,False,False,0.1173,True,data\R\frame_0124.jpg
CustomCNN,R,C,False,True,True,0.1126,True,data\R\frame_0125.jpg
CustomCNN,R,C,False,False,True,0.1055,True,data\R\frame_0126.jpg
CustomCNN,R,C,False,True,True,0.1486,True,data\R\frame_0127.jpg
CustomCNN,R,C,False,False,False,0.1316,True,data\R\frame_0128.jpg
CustomCNN,R,C,False,True,True,0.1511,True,data\R\frame_0129.jpg
CustomCNN,R,C,False,True,True,0.1656,True,data\R\frame_0130.jpg
CustomCNN,R,C,False,False,False,0.1435,True,data\R\frame_0131.jpg
CustomCNN,R,C,False,False,True,0.1886,True,data\R\frame_0132.jpg
CustomCNN,R,C,False,True,True,0.1121,True,data\R\frame_0133.jpg
CustomCNN,R,C,False,True,True,0.1257,True,data\R\frame_0134.jpg
CustomCNN,R,C,False,True,True,0.1059,True,data\R\frame_0135.jpg
CustomCNN,R,C,False,False,True,0.1325,True,data\R\frame_0136.jpg
CustomCNN,R,C,False,True,True,0.1169,True,data\R\frame_0137.jpg
CustomCNN,R,C,False,False,True,0.12,True,data\R\frame_0138.jpg
CustomCNN,R,C,False,False,True,0.1254,True,data\R\frame_0139.jpg
CustomCNN,R,C,False,True,True,0.1317,True,data\R\frame_0140.jpg
CustomCNN,R,C,False,False,False,0.1536,True,data\R\frame_0141.jpg
CustomCNN,R,C,False,False,False,0.1309,True,data\R\frame_0142.jpg
CustomCNN,R,C,False,True,True,0.135,True,data\R\frame_0143.jpg
CustomCNN,R,C,False,True,True,0.133,True,data\R\frame_0144.jpg
CustomCNN,R,C,False,True,True,0.1446,True,data\R\frame_0145.jpg
CustomCNN,R,C,False,True,True,0.1296,True,data\R\frame_0146.jpg
CustomCNN,R,C,False,False,False,0.1241,True,data\R\frame_0147.jpg
CustomCNN,R,C,False,False,False,0.0983,True,data\R\frame_0148.jpg
CustomCNN,R,C,False,False,False,0.1339,True,data\R\frame_0149.jpg
CustomCNN,R,C,False,True,True,0.1264,True,data\R\frame_0150.jpg
CustomCNN,Râu,Râu,True,True,True,0.2601,True,data\Rau\frame_0001.jpg
CustomCNN,Râu,Râu,True,True,True,0.2608,True,data\Rau\frame_0002.jpg
CustomCNN,Râu,Râu,True,True,True,0.24,True,data\Rau\frame_0003.jpg
CustomCNN,Râu,Râu,True,True,True,0.2468,True,data\Rau\frame_0004.jpg
CustomCNN,Râu,Râu,True,True,True,0.2365,True,data\Rau\frame_0005.jpg
CustomCNN,Râu,Râu,True,True,True,0.2442,True,data\Rau\frame_0006.jpg
CustomCNN,Râu,Râu,True,True,True,0.2501,True,data\Rau\frame_0007.jpg
CustomCNN,Râu,Râu,True,True,True,0.2501,True,data\Rau\frame_0008.jpg
CustomCNN,Râu,Râu,True,True,True,0.2364,True,data\Rau\frame_0009.jpg
CustomCNN,Râu,Râu,True,True,True,0.2392,True,data\Rau\frame_0010.jpg
CustomCNN,Râu,Râu,True,True,True,0.2433,True,data\Rau\frame_0011.jpg
CustomCNN,Râu,Râu,True,True,True,0.2485,True,data\Rau\frame_0012.jpg
CustomCNN,Râu,Râu,True,True,True,0.2334,True,data\Rau\frame_0013.jpg
CustomCNN,Râu,Râu,True,True,True,0.2467,True,data\Rau\frame_0014.jpg
CustomCNN,Râu,Râu,True,True,True,0.249,True,data\Rau\frame_0015.jpg
CustomCNN,Râu,Râu,True,True,True,0.2336,True,data\Rau\frame_0016.jpg
CustomCNN,Râu,Râu,True,True,True,0.2612,True,data\Rau\frame_0017.jpg
CustomCNN,Râu,Râu,True,True,True,0.2289,True,data\Rau\frame_0018.jpg
CustomCNN,Râu,Râu,True,True,True,0.2289,True,data\Rau\frame_0019.jpg
CustomCNN,Râu,Râu,True,True,True,0.2285,True,data\Rau\frame_0020.jpg
CustomCNN,Râu,Râu,True,True,True,0.2408,True,data\Rau\frame_0021.jpg
CustomCNN,Râu,Râu,True,True,True,0.2529,True,data\Rau\frame_0022.jpg
CustomCNN,Râu,Râu,True,True,True,0.2422,True,data\Rau\frame_0023.jpg
CustomCNN,Râu,Râu,True,True,True,0.2238,True,data\Rau\frame_0024.jpg
CustomCNN,Râu,Râu,True,True,True,0.2474,True,data\Rau\frame_0025.jpg
CustomCNN,Râu,Râu,True,True,True,0.2523,True,data\Rau\frame_0026.jpg
CustomCNN,Râu,Râu,True,True,True,0.2389,True,data\Rau\frame_0027.jpg
CustomCNN,Râu,Râu,True,True,True,0.2571,True,data\Rau\frame_0028.jpg
CustomCNN,Râu,Râu,True,True,True,0.2615,True,data\Rau\frame_0029.jpg
CustomCNN,Râu,Râu,True,True,True,0.2615,True,data\Rau\frame_0030.jpg
CustomCNN,Râu,Râu,True,True,True,0.2699,True,data\Rau\frame_0031.jpg
CustomCNN,Râu,Râu,True,True,True,0.2538,True,data\Rau\frame_0032.jpg
CustomCNN,Râu,Râu,True,True,True,0.2607,True,data\Rau\frame_0033.jpg
CustomCNN,Râu,Râu,True,True,True,0.2566,True,data\Rau\frame_0034.jpg
CustomCNN,Râu,Râu,True,True,True,0.2522,True,data\Rau\frame_0035.jpg
CustomCNN,Râu,Râu,True,True,True,0.2679,True,data\Rau\frame_0036.jpg
CustomCNN,Râu,Râu,True,True,True,0.2669,True,data\Rau\frame_0037.jpg
CustomCNN,Râu,Râu,True,True,True,0.253,True,data\Rau\frame_0038.jpg
CustomCNN,Râu,Râu,True,True,True,0.2629,True,data\Rau\frame_0039.jpg
CustomCNN,Râu,Râu,True,True,True,0.2552,True,data\Rau\frame_0040.jpg
CustomCNN,Râu,Râu,True,True,True,0.2552,True,data\Rau\frame_0041.jpg
CustomCNN,Râu,Râu,True,True,True,0.2471,True,data\Rau\frame_0042.jpg
CustomCNN,Râu,Râu,True,True,True,0.2576,True,data\Rau\frame_0043.jpg
CustomCNN,Râu,Râu,True,True,True,0.2283,True,data\Rau\frame_0044.jpg
CustomCNN,Râu,Râu,True,True,True,0.2141,True,data\Rau\frame_0045.jpg
CustomCNN,Râu,Râu,True,True,True,0.2254,True,data\Rau\frame_0046.jpg
CustomCNN,Râu,Râu,True,True,True,0.2603,True,data\Rau\frame_0047.jpg
CustomCNN,Râu,Râu,True,True,True,0.2391,True,data\Rau\frame_0048.jpg
CustomCNN,Râu,Râu,True,True,True,0.2199,True,data\Rau\frame_0049.jpg
CustomCNN,Râu,Râu,True,True,True,0.2136,True,data\Rau\frame_0050.jpg
CustomCNN,Râu,Râu,True,True,True,0.2259,True,data\Rau\frame_0051.jpg
CustomCNN,Râu,Râu,True,True,True,0.2259,True,data\Rau\frame_0052.jpg
CustomCNN,Râu,Râu,True,True,True,0.2101,True,data\Rau\frame_0053.jpg
CustomCNN,Râu,Râu,True,True,True,0.205,True,data\Rau\frame_0054.jpg
CustomCNN,Râu,Râu,True,True,True,0.2118,True,data\Rau\frame_0055.jpg
CustomCNN,Râu,Râu,True,True,True,0.2093,True,data\Rau\frame_0056.jpg
CustomCNN,Râu,Râu,True,True,True,0.2398,True,data\Rau\frame_0057.jpg
CustomCNN,Râu,Râu,True,True,True,0.2019,True,data\Rau\frame_0058.jpg
CustomCNN,Râu,Râu,True,True,True,0.2045,True,data\Rau\frame_0059.jpg
CustomCNN,Râu,Râu,True,True,True,0.1941,True,data\Rau\frame_0060.jpg
CustomCNN,Râu,Râu,True,True,True,0.2054,True,data\Rau\frame_0061.jpg
CustomCNN,Râu,Râu,True,True,True,0.1681,True,data\Rau\frame_0062.jpg
CustomCNN,Râu,Râu,True,True,True,0.1681,True,data\Rau\frame_0063.jpg
CustomCNN,Râu,Râu,True,True,True,0.1867,True,data\Rau\frame_0064.jpg
CustomCNN,Râu,Râu,True,True,True,0.1882,True,data\Rau\frame_0065.jpg
CustomCNN,Râu,Râu,True,True,True,0.1856,True,data\Rau\frame_0066.jpg
CustomCNN,Râu,Râu,True,True,True,0.1691,True,data\Rau\frame_0067.jpg
CustomCNN,Râu,Râu,True,True,True,0.1812,True,data\Rau\frame_0068.jpg
CustomCNN,Râu,Râu,True,True,True,0.1866,True,data\Rau\frame_0069.jpg
CustomCNN,Râu,Râu,True,True,True,0.1804,True,data\Rau\frame_0070.jpg
CustomCNN,Râu,Râu,True,True,True,0.1774,True,data\Rau\frame_0071.jpg
CustomCNN,Râu,Râu,True,True,True,0.1981,True,data\Rau\frame_0072.jpg
CustomCNN,Râu,Râu,True,True,True,0.1981,True,data\Rau\frame_0073.jpg
CustomCNN,Râu,Râu,True,True,True,0.1811,True,data\Rau\frame_0074.jpg
CustomCNN,Râu,Râu,True,True,True,0.1632,True,data\Rau\frame_0075.jpg
CustomCNN,Râu,Râu,True,True,True,0.1932,True,data\Rau\frame_0076.jpg
CustomCNN,Râu,Râu,True,True,True,0.1828,True,data\Rau\frame_0077.jpg
CustomCNN,Râu,Râu,True,True,True,0.186,True,data\Rau\frame_0078.jpg
CustomCNN,Râu,Râu,True,True,True,0.1915,True,data\Rau\frame_0079.jpg
CustomCNN,Râu,Râu,True,True,True,0.2023,True,data\Rau\frame_0080.jpg
CustomCNN,Râu,Râu,True,True,True,0.197,True,data\Rau\frame_0081.jpg
CustomCNN,Râu,Râu,True,True,True,0.2057,True,data\Rau\frame_0082.jpg
CustomCNN,Râu,Râu,True,True,True,0.2021,True,data\Rau\frame_0083.jpg
CustomCNN,Râu,Râu,True,True,True,0.2103,True,data\Rau\frame_0084.jpg
CustomCNN,Râu,Râu,True,True,True,0.1952,True,data\Rau\frame_0085.jpg
CustomCNN,Râu,Râu,True,True,True,0.2024,True,data\Rau\frame_0086.jpg
CustomCNN,Râu,Râu,True,True,True,0.206,True,data\Rau\frame_0087.jpg
CustomCNN,Râu,Râu,True,True,True,0.198,True,data\Rau\frame_0088.jpg
CustomCNN,Râu,Râu,True,True,True,0.1923,True,data\Rau\frame_0089.jpg
CustomCNN,Râu,Râu,True,True,True,0.2075,True,data\Rau\frame_0090.jpg
CustomCNN,Râu,Râu,True,True,True,0.2381,True,data\Rau\frame_0091.jpg
CustomCNN,Râu,Râu,True,True,True,0.1886,True,data\Rau\frame_0092.jpg
CustomCNN,Râu,Râu,True,True,True,0.2099,True,data\Rau\frame_0093.jpg
CustomCNN,Râu,Râu,True,True,True,0.2078,True,data\Rau\frame_0094.jpg
CustomCNN,Râu,Râu,True,True,True,0.2155,True,data\Rau\frame_0095.jpg
CustomCNN,Râu,Râu,True,True,True,0.2248,True,data\Rau\frame_0096.jpg
CustomCNN,Râu,Râu,True,True,True,0.2141,True,data\Rau\frame_0097.jpg
CustomCNN,Râu,Râu,True,True,True,0.224,True,data\Rau\frame_0098.jpg
CustomCNN,Râu,Râu,True,True,True,0.2284,True,data\Rau\frame_0099.jpg
CustomCNN,Râu,Râu,True,True,True,0.2232,True,data\Rau\frame_0100.jpg
CustomCNN,Râu,Râu,True,True,True,0.2248,True,data\Rau\frame_0101.jpg
CustomCNN,Râu,Râu,True,True,True,0.2283,True,data\Rau\frame_0102.jpg
CustomCNN,Râu,Râu,True,True,True,0.2299,True,data\Rau\frame_0103.jpg
CustomCNN,Râu,Râu,True,True,True,0.2043,True,data\Rau\frame_0104.jpg
CustomCNN,Râu,Râu,True,True,True,0.2042,True,data\Rau\frame_0105.jpg
CustomCNN,Râu,Râu,True,True,True,0.2077,True,data\Rau\frame_0106.jpg
CustomCNN,Râu,Râu,True,True,True,0.2066,True,data\Rau\frame_0107.jpg
CustomCNN,Râu,Râu,True,True,True,0.2159,True,data\Rau\frame_0108.jpg
CustomCNN,Râu,Râu,True,True,True,0.1998,True,data\Rau\frame_0109.jpg
CustomCNN,Râu,Râu,True,True,True,0.2007,True,data\Rau\frame_0110.jpg
CustomCNN,Râu,Râu,True,True,True,0.2174,True,data\Rau\frame_0111.jpg
CustomCNN,Râu,Râu,True,True,True,0.1944,True,data\Rau\frame_0112.jpg
CustomCNN,Râu,Râu,True,True,True,0.2143,True,data\Rau\frame_0113.jpg
CustomCNN,Râu,Râu,True,True,True,0.1951,True,data\Rau\frame_0114.jpg
CustomCNN,Râu,Râu,True,True,True,0.2041,True,data\Rau\frame_0115.jpg
CustomCNN,Râu,Râu,True,True,True,0.1975,True,data\Rau\frame_0116.jpg
CustomCNN,Râu,Râu,True,True,True,0.2042,True,data\Rau\frame_0117.jpg
CustomCNN,Râu,Râu,True,True,True,0.2149,True,data\Rau\frame_0118.jpg
CustomCNN,Râu,Râu,True,True,True,0.1986,True,data\Rau\frame_0119.jpg
CustomCNN,Râu,Râu,True,True,True,0.1848,True,data\Rau\frame_0120.jpg
CustomCNN,Râu,Râu,True,True,True,0.1885,True,data\Rau\frame_0121.jpg
CustomCNN,Râu,Râu,True,True,True,0.193,True,data\Rau\frame_0122.jpg
CustomCNN,Râu,Râu,True,True,True,0.201,True,data\Rau\frame_0123.jpg
CustomCNN,Râu,Râu,True,True,True,0.2065,True,data\Rau\frame_0124.jpg
CustomCNN,Râu,Râu,True,True,True,0.2086,True,data\Rau\frame_0125.jpg
CustomCNN,Râu,Râu,True,True,True,0.2049,True,data\Rau\frame_0126.jpg
CustomCNN,Râu,Râu,True,True,True,0.1959,True,data\Rau\frame_0127.jpg
CustomCNN,Râu,Râu,True,True,True,0.1954,True,data\Rau\frame_0128.jpg
CustomCNN,Râu,Râu,True,True,True,0.2076,True,data\Rau\frame_0129.jpg
CustomCNN,Râu,Râu,True,True,True,0.207,True,data\Rau\frame_0130.jpg
CustomCNN,Râu,Râu,True,True,True,0.1873,True,data\Rau\frame_0131.jpg
CustomCNN,Râu,Râu,True,True,True,0.1869,True,data\Rau\frame_0132.jpg
CustomCNN,Râu,Râu,True,True,True,0.2152,True,data\Rau\frame_0133.jpg
CustomCNN,Râu,Râu,True,True,True,0.2021,True,data\Rau\frame_0134.jpg
CustomCNN,Râu,Râu,True,True,True,0.2242,True,data\Rau\frame_0135.jpg
CustomCNN,Râu,Râu,True,True,True,0.2632,True,data\Rau\frame_0136.jpg
CustomCNN,Râu,Râu,True,True,True,0.2862,True,data\Rau\frame_0137.jpg
CustomCNN,Râu,Râu,True,True,True,0.2742,True,data\Rau\frame_0138.jpg
CustomCNN,Râu,Râu,True,True,True,0.2567,True,data\Rau\frame_0139.jpg
CustomCNN,Râu,Râu,True,True,True,0.3022,True,data\Rau\frame_0140.jpg
CustomCNN,Râu,Râu,True,True,True,0.2869,True,data\Rau\frame_0141.jpg
CustomCNN,Râu,Râu,True,True,True,0.2845,True,data\Rau\frame_0142.jpg
CustomCNN,Râu,Râu,True,True,True,0.2593,True,data\Rau\frame_0143.jpg
CustomCNN,Râu,Râu,True,True,True,0.2876,True,data\Rau\frame_0144.jpg
CustomCNN,Râu,Râu,True,True,True,0.2746,True,data\Rau\frame_0145.jpg
CustomCNN,Râu,Râu,True,True,True,0.2818,True,data\Rau\frame_0146.jpg
CustomCNN,Râu,Râu,True,True,True,0.2849,True,data\Rau\frame_0147.jpg
CustomCNN,Râu,Râu,True,True,True,0.3104,True,data\Rau\frame_0148.jpg
CustomCNN,Râu,Râu,True,True,True,0.2734,True,data\Rau\frame_0149.jpg
CustomCNN,Râu,Râu,True,True,True,0.273,True,data\Rau\frame_0150.jpg
CustomCNN,S,O,False,False,False,0.131,True,data\S\frame_0001.jpg
CustomCNN,S,O,False,False,False,0.128,True,data\S\frame_0002.jpg
CustomCNN,S,O,False,False,False,0.1319,True,data\S\frame_0003.jpg
CustomCNN,S,O,False,False,False,0.1134,True,data\S\frame_0004.jpg
CustomCNN,S,O,False,False,False,0.1134,True,data\S\frame_0005.jpg
CustomCNN,S,O,False,False,False,0.1277,True,data\S\frame_0006.jpg
CustomCNN,S,O,False,False,False,0.1277,True,data\S\frame_0007.jpg
CustomCNN,S,O,False,False,False,0.1364,True,data\S\frame_0008.jpg
CustomCNN,S,O,False,False,False,0.1303,True,data\S\frame_0009.jpg
CustomCNN,S,O,False,False,False,0.1303,True,data\S\frame_0010.jpg
CustomCNN,S,O,False,False,False,0.132,True,data\S\frame_0011.jpg
CustomCNN,S,O,False,False,False,0.1407,True,data\S\frame_0012.jpg
CustomCNN,S,O,False,False,False,0.1407,True,data\S\frame_0013.jpg
CustomCNN,S,O,False,False,False,0.1347,True,data\S\frame_0014.jpg
CustomCNN,S,O,False,False,False,0.1421,True,data\S\frame_0015.jpg
CustomCNN,S,O,False,False,False,0.1462,True,data\S\frame_0016.jpg
CustomCNN,S,O,False,False,False,0.1462,True,data\S\frame_0017.jpg
CustomCNN,S,O,False,False,False,0.1387,True,data\S\frame_0018.jpg
CustomCNN,S,O,False,False,False,0.1351,True,data\S\frame_0019.jpg
CustomCNN,S,O,False,False,False,0.126,True,data\S\frame_0020.jpg
CustomCNN,S,O,False,False,False,0.1313,True,data\S\frame_0021.jpg
CustomCNN,S,O,False,False,False,0.1371,True,data\S\frame_0022.jpg
CustomCNN,S,O,False,False,False,0.1347,True,data\S\frame_0023.jpg
CustomCNN,S,O,False,False,False,0.1402,True,data\S\frame_0024.jpg
CustomCNN,S,O,False,False,False,0.1353,True,data\S\frame_0025.jpg
CustomCNN,S,O,False,False,False,0.1403,True,data\S\frame_0026.jpg
CustomCNN,S,O,False,False,False,0.1444,True,data\S\frame_0027.jpg
CustomCNN,S,O,False,False,False,0.1357,True,data\S\frame_0028.jpg
CustomCNN,S,O,False,False,False,0.1387,True,data\S\frame_0029.jpg
CustomCNN,S,O,False,False,False,0.1287,True,data\S\frame_0030.jpg
CustomCNN,S,O,False,False,False,0.1432,True,data\S\frame_0031.jpg
CustomCNN,S,O,False,False,False,0.1421,True,data\S\frame_0032.jpg
CustomCNN,S,O,False,False,False,0.1417,True,data\S\frame_0033.jpg
CustomCNN,S,O,False,False,False,0.1427,True,data\S\frame_0034.jpg
CustomCNN,S,O,False,False,False,0.1469,True,data\S\frame_0035.jpg
CustomCNN,S,O,False,False,False,0.1287,True,data\S\frame_0036.jpg
CustomCNN,S,O,False,False,False,0.1522,True,data\S\frame_0037.jpg
CustomCNN,S,O,False,False,False,0.152,True,data\S\frame_0038.jpg
CustomCNN,S,O,False,False,False,0.1513,True,data\S\frame_0039.jpg
CustomCNN,S,O,False,False,False,0.1482,True,data\S\frame_0040.jpg
CustomCNN,S,O,False,False,False,0.1604,True,data\S\frame_0041.jpg
CustomCNN,S,O,False,False,False,0.1425,True,data\S\frame_0042.jpg
CustomCNN,S,O,False,False,False,0.1451,True,data\S\frame_0043.jpg
CustomCNN,S,O,False,False,False,0.1423,True,data\S\frame_0044.jpg
CustomCNN,S,O,False,False,False,0.1538,True,data\S\frame_0045.jpg
CustomCNN,S,O,False,False,False,0.136,True,data\S\frame_0046.jpg
CustomCNN,S,O,False,False,False,0.1435,True,data\S\frame_0047.jpg
CustomCNN,S,O,False,False,False,0.1314,True,data\S\frame_0048.jpg
CustomCNN,S,O,False,False,False,0.1543,True,data\S\frame_0049.jpg
CustomCNN,S,O,False,False,False,0.1463,True,data\S\frame_0050.jpg
CustomCNN,S,O,False,False,False,0.1277,True,data\S\frame_0051.jpg
CustomCNN,S,O,False,False,False,0.1319,True,data\S\frame_0052.jpg
CustomCNN,S,O,False,False,False,0.1423,True,data\S\frame_0053.jpg
CustomCNN,S,O,False,False,False,0.1395,True,data\S\frame_0054.jpg
CustomCNN,S,O,False,False,False,0.1458,True,data\S\frame_0055.jpg
CustomCNN,S,O,False,False,False,0.1562,True,data\S\frame_0056.jpg
CustomCNN,S,O,False,False,False,0.1484,True,data\S\frame_0057.jpg
CustomCNN,S,O,False,False,False,0.1403,True,data\S\frame_0058.jpg
CustomCNN,S,O,False,False,False,0.1465,True,data\S\frame_0059.jpg
CustomCNN,S,O,False,False,False,0.1495,True,data\S\frame_0060.jpg
CustomCNN,S,O,False,False,False,0.1644,True,data\S\frame_0061.jpg
CustomCNN,S,O,False,False,False,0.1456,True,data\S\frame_0062.jpg
CustomCNN,S,O,False,False,False,0.143,True,data\S\frame_0063.jpg
CustomCNN,S,O,False,False,False,0.152,True,data\S\frame_0064.jpg
CustomCNN,S,O,False,False,False,0.1365,True,data\S\frame_0065.jpg
CustomCNN,S,O,False,False,False,0.1609,True,data\S\frame_0066.jpg
CustomCNN,S,O,False,False,False,0.1299,True,data\S\frame_0067.jpg
CustomCNN,S,O,False,False,False,0.1484,True,data\S\frame_0068.jpg
CustomCNN,S,O,False,False,False,0.1557,True,data\S\frame_0069.jpg
CustomCNN,S,O,False,False,False,0.1372,True,data\S\frame_0070.jpg
CustomCNN,S,O,False,False,False,0.1336,True,data\S\frame_0071.jpg
CustomCNN,S,O,False,False,False,0.1253,True,data\S\frame_0072.jpg
CustomCNN,S,O,False,False,False,0.1481,True,data\S\frame_0073.jpg
CustomCNN,S,O,False,False,False,0.1507,True,data\S\frame_0074.jpg
CustomCNN,S,O,False,False,False,0.1447,True,data\S\frame_0075.jpg
CustomCNN,S,O,False,False,False,0.143,True,data\S\frame_0076.jpg
CustomCNN,S,O,False,False,False,0.1371,True,data\S\frame_0077.jpg
CustomCNN,S,O,False,False,False,0.1284,True,data\S\frame_0078.jpg
CustomCNN,S,O,False,False,False,0.1325,True,data\S\frame_0079.jpg
CustomCNN,S,O,False,False,False,0.1415,True,data\S\frame_0080.jpg
CustomCNN,S,O,False,False,False,0.1448,True,data\S\frame_0081.jpg
CustomCNN,S,O,False,False,False,0.1299,True,data\S\frame_0082.jpg
CustomCNN,S,O,False,False,False,0.1373,True,data\S\frame_0083.jpg
CustomCNN,S,O,False,False,False,0.1521,True,data\S\frame_0084.jpg
CustomCNN,S,O,False,False,False,0.1461,True,data\S\frame_0085.jpg
CustomCNN,S,O,False,False,False,0.1548,True,data\S\frame_0086.jpg
CustomCNN,S,O,False,False,False,0.1583,True,data\S\frame_0087.jpg
CustomCNN,S,O,False,False,False,0.1473,True,data\S\frame_0088.jpg
CustomCNN,S,O,False,False,False,0.1384,True,data\S\frame_0089.jpg
CustomCNN,S,O,False,False,False,0.1301,True,data\S\frame_0090.jpg
CustomCNN,S,O,False,False,False,0.1386,True,data\S\frame_0091.jpg
CustomCNN,S,O,False,False,False,0.1596,True,data\S\frame_0092.jpg
CustomCNN,S,O,False,False,False,0.1428,True,data\S\frame_0093.jpg
CustomCNN,S,O,False,False,False,0.1862,True,data\S\frame_0094.jpg
CustomCNN,S,O,False,False,False,0.1839,True,data\S\frame_0095.jpg
CustomCNN,S,O,False,False,False,0.1738,True,data\S\frame_0096.jpg
CustomCNN,S,O,False,False,False,0.1837,True,data\S\frame_0097.jpg
CustomCNN,S,O,False,False,False,0.1784,True,data\S\frame_0098.jpg
CustomCNN,S,O,False,False,False,0.1818,True,data\S\frame_0099.jpg
CustomCNN,S,O,False,False,False,0.1861,True,data\S\frame_0100.jpg
CustomCNN,S,O,False,False,False,0.1771,True,data\S\frame_0101.jpg
CustomCNN,S,O,False,False,False,0.202,True,data\S\frame_0102.jpg
CustomCNN,S,O,False,False,False,0.1859,True,data\S\frame_0103.jpg
CustomCNN,S,O,False,False,False,0.1714,True,data\S\frame_0104.jpg
CustomCNN,S,O,False,False,False,0.1946,True,data\S\frame_0105.jpg
CustomCNN,S,O,False,False,False,0.1781,True,data\S\frame_0106.jpg
CustomCNN,S,O,False,False,False,0.1859,True,data\S\frame_0107.jpg
CustomCNN,S,O,False,False,False,0.159,True,data\S\frame_0108.jpg
CustomCNN,S,O,False,False,False,0.1549,True,data\S\frame_0109.jpg
CustomCNN,S,O,False,False,False,0.1644,True,data\S\frame_0110.jpg
CustomCNN,S,O,False,False,False,0.18,True,data\S\frame_0111.jpg
CustomCNN,S,O,False,False,False,0.1593,True,data\S\frame_0112.jpg
CustomCNN,S,O,False,False,False,0.1439,True,data\S\frame_0113.jpg
CustomCNN,S,O,False,False,False,0.1486,True,data\S\frame_0114.jpg
CustomCNN,S,O,False,False,False,0.1578,True,data\S\frame_0115.jpg
CustomCNN,S,O,False,False,False,0.1532,True,data\S\frame_0116.jpg
CustomCNN,S,O,False,False,False,0.1463,True,data\S\frame_0117.jpg
CustomCNN,S,O,False,False,False,0.1466,True,data\S\frame_0118.jpg
CustomCNN,S,O,False,False,False,0.1656,True,data\S\frame_0119.jpg
CustomCNN,S,O,False,False,False,0.1401,True,data\S\frame_0120.jpg
CustomCNN,S,O,False,False,False,0.1368,True,data\S\frame_0121.jpg
CustomCNN,S,O,False,False,False,0.1615,True,data\S\frame_0122.jpg
CustomCNN,S,O,False,False,False,0.1465,True,data\S\frame_0123.jpg
CustomCNN,S,O,False,False,False,0.1403,True,data\S\frame_0124.jpg
CustomCNN,S,O,False,False,False,0.1416,True,data\S\frame_0125.jpg
CustomCNN,S,O,False,False,False,0.1389,True,data\S\frame_0126.jpg
CustomCNN,S,O,False,False,False,0.144,True,data\S\frame_0127.jpg
CustomCNN,S,O,False,False,False,0.1418,True,data\S\frame_0128.jpg
CustomCNN,S,O,False,False,False,0.1406,True,data\S\frame_0129.jpg
CustomCNN,S,O,False,False,False,0.1391,True,data\S\frame_0130.jpg
CustomCNN,S,O,False,False,False,0.1482,True,data\S\frame_0131.jpg
CustomCNN,S,O,False,False,False,0.1485,True,data\S\frame_0132.jpg
CustomCNN,S,O,False,False,False,0.1402,True,data\S\frame_0133.jpg
CustomCNN,S,O,False,False,False,0.1388,True,data\S\frame_0134.jpg
CustomCNN,S,O,False,False,False,0.1344,True,data\S\frame_0135.jpg
CustomCNN,S,O,False,False,False,0.146,True,data\S\frame_0136.jpg
CustomCNN,S,O,False,False,False,0.1324,True,data\S\frame_0137.jpg
CustomCNN,S,O,False,False,False,0.1382,True,data\S\frame_0138.jpg
CustomCNN,S,O,False,False,False,0.1408,True,data\S\frame_0139.jpg
CustomCNN,S,O,False,False,False,0.14,True,data\S\frame_0140.jpg
CustomCNN,S,O,False,False,False,0.1415,True,data\S\frame_0141.jpg
CustomCNN,S,O,False,False,False,0.1458,True,data\S\frame_0142.jpg
CustomCNN,S,O,False,False,False,0.1486,True,data\S\frame_0143.jpg
CustomCNN,S,O,False,False,False,0.1583,True,data\S\frame_0144.jpg
CustomCNN,S,O,False,False,False,0.1299,True,data\S\frame_0145.jpg
CustomCNN,S,O,False,False,False,0.141,True,data\S\frame_0146.jpg
CustomCNN,S,O,False,False,False,0.1226,True,data\S\frame_0147.jpg
CustomCNN,S,O,False,False,False,0.1498,True,data\S\frame_0148.jpg
CustomCNN,S,O,False,False,False,0.1493,True,data\S\frame_0149.jpg
CustomCNN,S,O,False,False,False,0.1293,True,data\S\frame_0150.jpg
CustomCNN,T,O,False,False,False,0.2173,True,data\T\frame_0001.jpg
CustomCNN,T,O,False,False,False,0.2194,True,data\T\frame_0002.jpg
CustomCNN,T,O,False,False,False,0.2194,True,data\T\frame_0003.jpg
CustomCNN,T,O,False,False,False,0.2085,True,data\T\frame_0004.jpg
CustomCNN,T,O,False,False,False,0.2269,True,data\T\frame_0005.jpg
CustomCNN,T,O,False,False,False,0.2269,True,data\T\frame_0006.jpg
CustomCNN,T,O,False,False,False,0.2279,True,data\T\frame_0007.jpg
CustomCNN,T,O,False,False,False,0.2187,True,data\T\frame_0008.jpg
CustomCNN,T,O,False,False,False,0.2167,True,data\T\frame_0009.jpg
CustomCNN,T,O,False,False,False,0.2167,True,data\T\frame_0010.jpg
CustomCNN,T,O,False,False,False,0.2161,True,data\T\frame_0011.jpg
CustomCNN,T,O,False,False,False,0.211,True,data\T\frame_0012.jpg
CustomCNN,T,O,False,False,False,0.211,True,data\T\frame_0013.jpg
CustomCNN,T,O,False,False,False,0.2158,True,data\T\frame_0014.jpg
CustomCNN,T,O,False,False,False,0.2158,True,data\T\frame_0015.jpg
CustomCNN,T,O,False,False,False,0.2164,True,data\T\frame_0016.jpg
CustomCNN,T,O,False,False,False,0.2094,True,data\T\frame_0017.jpg
CustomCNN,T,O,False,False,False,0.2094,True,data\T\frame_0018.jpg
CustomCNN,T,O,False,False,False,0.211,True,data\T\frame_0019.jpg
CustomCNN,T,O,False,False,False,0.2306,True,data\T\frame_0020.jpg
CustomCNN,T,O,False,False,False,0.2222,True,data\T\frame_0021.jpg
CustomCNN,T,O,False,False,False,0.2222,True,data\T\frame_0022.jpg
CustomCNN,T,O,False,False,False,0.2149,True,data\T\frame_0023.jpg
CustomCNN,T,O,False,False,False,0.2149,True,data\T\frame_0024.jpg
CustomCNN,T,O,False,False,False,0.2126,True,data\T\frame_0025.jpg
CustomCNN,T,O,False,False,False,0.2167,True,data\T\frame_0026.jpg
CustomCNN,T,O,False,False,False,0.2167,True,data\T\frame_0027.jpg
CustomCNN,T,O,False,False,False,0.2222,True,data\T\frame_0028.jpg
CustomCNN,T,O,False,False,False,0.2282,True,data\T\frame_0029.jpg
CustomCNN,T,O,False,False,False,0.2282,True,data\T\frame_0030.jpg
CustomCNN,T,O,False,False,False,0.2113,True,data\T\frame_0031.jpg
CustomCNN,T,O,False,False,False,0.2216,True,data\T\frame_0032.jpg
CustomCNN,T,O,False,False,False,0.2201,True,data\T\frame_0033.jpg
CustomCNN,T,O,False,False,False,0.2201,True,data\T\frame_0034.jpg
CustomCNN,T,O,False,False,False,0.2179,True,data\T\frame_0035.jpg
CustomCNN,T,O,False,False,False,0.2179,True,data\T\frame_0036.jpg
CustomCNN,T,O,False,False,False,0.2316,True,data\T\frame_0037.jpg
CustomCNN,T,O,False,False,False,0.2375,True,data\T\frame_0038.jpg
CustomCNN,T,O,False,False,False,0.2353,True,data\T\frame_0039.jpg
CustomCNN,T,O,False,False,False,0.22,True,data\T\frame_0040.jpg
CustomCNN,T,O,False,False,False,0.22,True,data\T\frame_0041.jpg
CustomCNN,T,O,False,False,False,0.2183,True,data\T\frame_0042.jpg
CustomCNN,T,O,False,False,False,0.2325,True,data\T\frame_0043.jpg
CustomCNN,T,O,False,False,False,0.2348,True,data\T\frame_0044.jpg
CustomCNN,T,O,False,False,False,0.2348,True,data\T\frame_0045.jpg
CustomCNN,T,O,False,False,False,0.2257,True,data\T\frame_0046.jpg
CustomCNN,T,O,False,False,False,0.2257,True,data\T\frame_0047.jpg
CustomCNN,T,O,False,False,False,0.2457,True,data\T\frame_0048.jpg
CustomCNN,T,O,False,False,False,0.2375,True,data\T\frame_0049.jpg
CustomCNN,T,O,False,False,False,0.2375,True,data\T\frame_0050.jpg
CustomCNN,T,O,False,False,False,0.2297,True,data\T\frame_0051.jpg
CustomCNN,T,O,False,False,False,0.228,True,data\T\frame_0052.jpg
CustomCNN,T,O,False,False,False,0.228,True,data\T\frame_0053.jpg
CustomCNN,T,O,False,False,False,0.2158,True,data\T\frame_0054.jpg
CustomCNN,T,O,False,False,False,0.2261,True,data\T\frame_0055.jpg
CustomCNN,T,O,False,False,False,0.2203,True,data\T\frame_0056.jpg
CustomCNN,T,O,False,False,False,0.2203,True,data\T\frame_0057.jpg
CustomCNN,T,O,False,False,False,0.2108,True,data\T\frame_0058.jpg
CustomCNN,T,O,False,False,False,0.2008,True,data\T\frame_0059.jpg
CustomCNN,T,O,False,False,False,0.2145,True,data\T\frame_0060.jpg
CustomCNN,T,O,False,False,False,0.2145,True,data\T\frame_0061.jpg
CustomCNN,T,O,False,False,False,0.2173,True,data\T\frame_0062.jpg
CustomCNN,T,O,False,False,False,0.2053,True,data\T\frame_0063.jpg
CustomCNN,T,O,False,False,False,0.2115,True,data\T\frame_0064.jpg
CustomCNN,T,O,False,False,False,0.2137,True,data\T\frame_0065.jpg
CustomCNN,T,O,False,False,False,0.2109,True,data\T\frame_0066.jpg
CustomCNN,T,O,False,False,False,0.2145,True,data\T\frame_0067.jpg
CustomCNN,T,O,False,False,False,0.2145,True,data\T\frame_0068.jpg
CustomCNN,T,O,False,False,False,0.2099,True,data\T\frame_0069.jpg
CustomCNN,T,O,False,False,False,0.2041,True,data\T\frame_0070.jpg
CustomCNN,T,O,False,False,False,0.203,True,data\T\frame_0071.jpg
CustomCNN,T,O,False,False,False,0.2094,True,data\T\frame_0072.jpg
CustomCNN,T,O,False,False,False,0.2123,True,data\T\frame_0073.jpg
CustomCNN,T,O,False,False,False,0.2263,True,data\T\frame_0074.jpg
CustomCNN,T,O,False,False,False,0.2354,True,data\T\frame_0075.jpg
CustomCNN,T,O,False,False,False,0.2294,True,data\T\frame_0076.jpg
CustomCNN,T,O,False,False,False,0.2124,True,data\T\frame_0077.jpg
CustomCNN,T,O,False,False,False,0.2159,True,data\T\frame_0078.jpg
CustomCNN,T,O,False,False,False,0.2317,True,data\T\frame_0079.jpg
CustomCNN,T,O,False,False,False,0.2119,True,data\T\frame_0080.jpg
CustomCNN,T,O,False,False,False,0.2358,True,data\T\frame_0081.jpg
CustomCNN,T,O,False,False,False,0.2118,True,data\T\frame_0082.jpg
CustomCNN,T,O,False,False,False,0.2405,True,data\T\frame_0083.jpg
CustomCNN,T,O,False,False,False,0.225,True,data\T\frame_0084.jpg
CustomCNN,T,O,False,False,False,0.2244,True,data\T\frame_0085.jpg
CustomCNN,T,O,False,False,False,0.2225,True,data\T\frame_0086.jpg
CustomCNN,T,O,False,False,False,0.2349,True,data\T\frame_0087.jpg
CustomCNN,T,O,False,False,False,0.2108,True,data\T\frame_0088.jpg
CustomCNN,T,O,False,False,False,0.2103,True,data\T\frame_0089.jpg
CustomCNN,T,O,False,False,False,0.2299,True,data\T\frame_0090.jpg
CustomCNN,T,O,False,False,False,0.2199,True,data\T\frame_0091.jpg
CustomCNN,T,O,False,False,False,0.243,True,data\T\frame_0092.jpg
CustomCNN,T,O,False,False,False,0.2466,True,data\T\frame_0093.jpg
CustomCNN,T,O,False,False,False,0.2497,True,data\T\frame_0094.jpg
CustomCNN,T,O,False,False,False,0.2586,True,data\T\frame_0095.jpg
CustomCNN,T,O,False,False,False,0.2426,True,data\T\frame_0096.jpg
CustomCNN,T,O,False,False,False,0.2627,True,data\T\frame_0097.jpg
CustomCNN,T,O,False,False,False,0.2642,True,data\T\frame_0098.jpg
CustomCNN,T,O,False,False,False,0.2454,True,data\T\frame_0099.jpg
CustomCNN,T,O,False,False,False,0.2491,True,data\T\frame_0100.jpg
CustomCNN,T,O,False,False,False,0.2544,True,data\T\frame_0101.jpg
CustomCNN,T,O,False,False,False,0.2486,True,data\T\frame_0102.jpg
CustomCNN,T,O,False,False,False,0.2515,True,data\T\frame_0103.jpg
CustomCNN,T,O,False,False,False,0.2436,True,data\T\frame_0104.jpg
CustomCNN,T,O,False,False,False,0.2409,True,data\T\frame_0105.jpg
CustomCNN,T,O,False,False,False,0.2424,True,data\T\frame_0106.jpg
CustomCNN,T,O,False,False,False,0.2379,True,data\T\frame_0107.jpg
CustomCNN,T,O,False,False,False,0.2515,True,data\T\frame_0108.jpg
CustomCNN,T,O,False,False,False,0.2146,True,data\T\frame_0109.jpg
CustomCNN,T,O,False,False,False,0.2115,True,data\T\frame_0110.jpg
CustomCNN,T,O,False,False,False,0.2178,True,data\T\frame_0111.jpg
CustomCNN,T,O,False,False,False,0.189,True,data\T\frame_0112.jpg
CustomCNN,T,O,False,False,False,0.2419,True,data\T\frame_0113.jpg
CustomCNN,T,O,False,False,False,0.1925,True,data\T\frame_0114.jpg
CustomCNN,T,O,False,False,False,0.2118,True,data\T\frame_0115.jpg
CustomCNN,T,O,False,False,False,0.1984,True,data\T\frame_0116.jpg
CustomCNN,T,O,False,False,False,0.1966,True,data\T\frame_0117.jpg
CustomCNN,T,O,False,False,False,0.1759,True,data\T\frame_0118.jpg
CustomCNN,T,O,False,False,False,0.1649,True,data\T\frame_0119.jpg
CustomCNN,T,O,False,False,False,0.1584,True,data\T\frame_0120.jpg
CustomCNN,T,A,False,False,False,0.1353,True,data\T\frame_0121.jpg
CustomCNN,T,A,False,False,False,0.1656,True,data\T\frame_0122.jpg
CustomCNN,T,A,False,False,False,0.1423,True,data\T\frame_0123.jpg
CustomCNN,T,O,False,False,False,0.1289,True,data\T\frame_0124.jpg
CustomCNN,T,A,False,False,False,0.1359,True,data\T\frame_0125.jpg
CustomCNN,T,A,False,False,False,0.1346,True,data\T\frame_0126.jpg
CustomCNN,T,A,False,False,False,0.1429,True,data\T\frame_0127.jpg
CustomCNN,T,A,False,False,False,0.1466,True,data\T\frame_0128.jpg
CustomCNN,T,A,False,False,False,0.154,True,data\T\frame_0129.jpg
CustomCNN,T,A,False,False,False,0.1415,True,data\T\frame_0130.jpg
CustomCNN,T,A,False,False,False,0.1446,True,data\T\frame_0131.jpg
CustomCNN,T,A,False,False,False,0.1399,True,data\T\frame_0132.jpg
CustomCNN,T,A,False,False,False,0.1507,True,data\T\frame_0133.jpg
CustomCNN,T,A,False,False,False,0.1387,True,data\T\frame_0134.jpg
CustomCNN,T,O,False,False,False,0.1382,True,data\T\frame_0135.jpg
CustomCNN,T,A,False,False,False,0.1508,True,data\T\frame_0136.jpg
CustomCNN,T,O,False,False,False,0.1321,True,data\T\frame_0137.jpg
CustomCNN,T,A,False,False,False,0.1476,True,data\T\frame_0138.jpg
CustomCNN,T,A,False,False,False,0.1532,True,data\T\frame_0139.jpg
CustomCNN,T,O,False,False,False,0.1455,True,data\T\frame_0140.jpg
CustomCNN,T,A,False,False,False,0.1524,True,data\T\frame_0141.jpg
CustomCNN,T,A,False,False,False,0.1472,True,data\T\frame_0142.jpg
CustomCNN,T,O,False,False,False,0.1677,True,data\T\frame_0143.jpg
CustomCNN,T,O,False,False,False,0.1647,True,data\T\frame_0144.jpg
CustomCNN,T,O,False,False,False,0.164,True,data\T\frame_0145.jpg
CustomCNN,T,O,False,False,False,0.1388,True,data\T\frame_0146.jpg
CustomCNN,T,O,False,False,False,0.1712,True,data\T\frame_0147.jpg
CustomCNN,T,O,False,False,False,0.1643,True,data\T\frame_0148.jpg
CustomCNN,T,O,False,False,False,0.2008,True,data\T\frame_0149.jpg
CustomCNN,T,O,False,False,False,0.2125,True,data\T\frame_0150.jpg
CustomCNN,U,O,False,False,False,0.1791,True,data\U\frame_0001.jpg
CustomCNN,U,O,False,False,False,0.1847,True,data\U\frame_0002.jpg
CustomCNN,U,O,False,False,False,0.1849,True,data\U\frame_0003.jpg
CustomCNN,U,O,False,False,False,0.1868,True,data\U\frame_0004.jpg
CustomCNN,U,O,False,False,False,0.1875,True,data\U\frame_0005.jpg
CustomCNN,U,O,False,False,False,0.1948,True,data\U\frame_0006.jpg
CustomCNN,U,O,False,False,False,0.1792,True,data\U\frame_0007.jpg
CustomCNN,U,O,False,False,False,0.1843,True,data\U\frame_0008.jpg
CustomCNN,U,O,False,False,False,0.1843,True,data\U\frame_0009.jpg
CustomCNN,U,O,False,False,False,0.1819,True,data\U\frame_0010.jpg
CustomCNN,U,O,False,False,False,0.182,True,data\U\frame_0011.jpg
CustomCNN,U,O,False,False,False,0.1963,True,data\U\frame_0012.jpg
CustomCNN,U,O,False,False,False,0.1807,True,data\U\frame_0013.jpg
CustomCNN,U,O,False,False,False,0.1922,True,data\U\frame_0014.jpg
CustomCNN,U,O,False,False,False,0.1837,True,data\U\frame_0015.jpg
CustomCNN,U,O,False,False,False,0.1821,True,data\U\frame_0016.jpg
CustomCNN,U,O,False,False,False,0.1882,True,data\U\frame_0017.jpg
CustomCNN,U,O,False,False,False,0.1962,True,data\U\frame_0018.jpg
CustomCNN,U,O,False,False,False,0.1854,True,data\U\frame_0019.jpg
CustomCNN,U,O,False,False,False,0.1854,True,data\U\frame_0020.jpg
CustomCNN,U,O,False,False,False,0.191,True,data\U\frame_0021.jpg
CustomCNN,U,O,False,False,False,0.1972,True,data\U\frame_0022.jpg
CustomCNN,U,O,False,False,False,0.1926,True,data\U\frame_0023.jpg
CustomCNN,U,O,False,False,False,0.1817,True,data\U\frame_0024.jpg
CustomCNN,U,O,False,False,False,0.1822,True,data\U\frame_0025.jpg
CustomCNN,U,O,False,False,False,0.1801,True,data\U\frame_0026.jpg
CustomCNN,U,O,False,False,False,0.2063,True,data\U\frame_0027.jpg
CustomCNN,U,O,False,False,False,0.1832,True,data\U\frame_0028.jpg
CustomCNN,U,O,False,False,False,0.1916,True,data\U\frame_0029.jpg
CustomCNN,U,O,False,False,False,0.1881,True,data\U\frame_0030.jpg
CustomCNN,U,O,False,False,False,0.1881,True,data\U\frame_0031.jpg
CustomCNN,U,O,False,False,False,0.1746,True,data\U\frame_0032.jpg
CustomCNN,U,O,False,False,False,0.1859,True,data\U\frame_0033.jpg
CustomCNN,U,O,False,False,False,0.1762,True,data\U\frame_0034.jpg
CustomCNN,U,O,False,False,False,0.1949,True,data\U\frame_0035.jpg
CustomCNN,U,O,False,False,False,0.1933,True,data\U\frame_0036.jpg
CustomCNN,U,O,False,False,False,0.1928,True,data\U\frame_0037.jpg
CustomCNN,U,O,False,False,False,0.1874,True,data\U\frame_0038.jpg
CustomCNN,U,O,False,False,False,0.1852,True,data\U\frame_0039.jpg
CustomCNN,U,O,False,False,False,0.2071,True,data\U\frame_0040.jpg
CustomCNN,U,O,False,False,False,0.1979,True,data\U\frame_0041.jpg
CustomCNN,U,O,False,False,False,0.1979,True,data\U\frame_0042.jpg
CustomCNN,U,O,False,False,False,0.1797,True,data\U\frame_0043.jpg
CustomCNN,U,O,False,False,False,0.2045,True,data\U\frame_0044.jpg
CustomCNN,U,O,False,False,False,0.19,True,data\U\frame_0045.jpg
CustomCNN,U,O,False,False,False,0.2088,True,data\U\frame_0046.jpg
CustomCNN,U,O,False,False,False,0.2088,True,data\U\frame_0047.jpg
CustomCNN,U,O,False,False,False,0.1967,True,data\U\frame_0048.jpg
CustomCNN,U,O,False,False,False,0.2003,True,data\U\frame_0049.jpg
CustomCNN,U,O,False,False,False,0.2231,True,data\U\frame_0050.jpg
CustomCNN,U,O,False,False,False,0.2205,True,data\U\frame_0051.jpg
CustomCNN,U,O,False,False,False,0.2047,True,data\U\frame_0052.jpg
CustomCNN,U,O,False,False,False,0.2047,True,data\U\frame_0053.jpg
CustomCNN,U,O,False,False,False,0.2139,True,data\U\frame_0054.jpg
CustomCNN,U,O,False,False,False,0.2265,True,data\U\frame_0055.jpg
CustomCNN,U,O,False,False,False,0.1994,True,data\U\frame_0056.jpg
CustomCNN,U,O,False,False,False,0.2182,True,data\U\frame_0057.jpg
CustomCNN,U,O,False,False,False,0.2211,True,data\U\frame_0058.jpg
CustomCNN,U,O,False,False,False,0.2311,True,data\U\frame_0059.jpg
CustomCNN,U,O,False,False,False,0.2166,True,data\U\frame_0060.jpg
CustomCNN,U,O,False,False,False,0.2147,True,data\U\frame_0061.jpg
CustomCNN,U,O,False,False,False,0.207,True,data\U\frame_0062.jpg
CustomCNN,U,O,False,False,False,0.2267,True,data\U\frame_0063.jpg
CustomCNN,U,O,False,False,False,0.2267,True,data\U\frame_0064.jpg
CustomCNN,U,O,False,False,False,0.2157,True,data\U\frame_0065.jpg
CustomCNN,U,O,False,False,False,0.2053,True,data\U\frame_0066.jpg
CustomCNN,U,O,False,False,False,0.2089,True,data\U\frame_0067.jpg
CustomCNN,U,O,False,False,False,0.1982,True,data\U\frame_0068.jpg
CustomCNN,U,O,False,False,False,0.2036,True,data\U\frame_0069.jpg
CustomCNN,U,O,False,False,False,0.2064,True,data\U\frame_0070.jpg
CustomCNN,U,O,False,False,False,0.2055,True,data\U\frame_0071.jpg
CustomCNN,U,O,False,False,False,0.213,True,data\U\frame_0072.jpg
CustomCNN,U,O,False,False,False,0.1968,True,data\U\frame_0073.jpg
CustomCNN,U,O,False,False,False,0.1832,True,data\U\frame_0074.jpg
CustomCNN,U,O,False,False,False,0.1832,True,data\U\frame_0075.jpg
CustomCNN,U,O,False,False,False,0.1698,True,data\U\frame_0076.jpg
CustomCNN,U,O,False,False,False,0.1744,True,data\U\frame_0077.jpg
CustomCNN,U,O,False,False,False,0.17,True,data\U\frame_0078.jpg
CustomCNN,U,O,False,False,False,0.1858,True,data\U\frame_0079.jpg
CustomCNN,U,O,False,False,False,0.174,True,data\U\frame_0080.jpg
CustomCNN,U,O,False,False,False,0.1736,True,data\U\frame_0081.jpg
CustomCNN,U,O,False,False,False,0.1712,True,data\U\frame_0082.jpg
CustomCNN,U,O,False,False,False,0.1773,True,data\U\frame_0083.jpg
CustomCNN,U,O,False,False,False,0.1724,True,data\U\frame_0084.jpg
CustomCNN,U,O,False,False,False,0.1724,True,data\U\frame_0085.jpg
CustomCNN,U,O,False,False,False,0.1645,True,data\U\frame_0086.jpg
CustomCNN,U,O,False,False,False,0.1662,True,data\U\frame_0087.jpg
CustomCNN,U,O,False,False,False,0.1515,True,data\U\frame_0088.jpg
CustomCNN,U,O,False,False,False,0.1577,True,data\U\frame_0089.jpg
CustomCNN,U,O,False,False,False,0.1702,True,data\U\frame_0090.jpg
CustomCNN,U,O,False,False,False,0.1621,True,data\U\frame_0091.jpg
CustomCNN,U,O,False,False,False,0.1703,True,data\U\frame_0092.jpg
CustomCNN,U,O,False,False,False,0.1697,True,data\U\frame_0093.jpg
CustomCNN,U,O,False,False,False,0.1815,True,data\U\frame_0094.jpg
CustomCNN,U,O,False,False,False,0.1653,True,data\U\frame_0095.jpg
CustomCNN,U,O,False,False,False,0.1653,True,data\U\frame_0096.jpg
CustomCNN,U,O,False,False,False,0.1615,True,data\U\frame_0097.jpg
CustomCNN,U,O,False,False,False,0.172,True,data\U\frame_0098.jpg
CustomCNN,U,O,False,False,False,0.1724,True,data\U\frame_0099.jpg
CustomCNN,U,O,False,False,False,0.164,True,data\U\frame_0100.jpg
CustomCNN,U,O,False,False,False,0.1609,True,data\U\frame_0101.jpg
CustomCNN,U,O,False,False,False,0.1657,True,data\U\frame_0102.jpg
CustomCNN,U,O,False,False,False,0.154,True,data\U\frame_0103.jpg
CustomCNN,U,O,False,False,False,0.1524,True,data\U\frame_0104.jpg
CustomCNN,U,O,False,False,False,0.1401,True,data\U\frame_0105.jpg
CustomCNN,U,O,False,False,False,0.1666,True,data\U\frame_0106.jpg
CustomCNN,U,O,False,False,False,0.1787,True,data\U\frame_0107.jpg
CustomCNN,U,O,False,False,False,0.1781,True,data\U\frame_0108.jpg
CustomCNN,U,O,False,False,False,0.1918,True,data\U\frame_0109.jpg
CustomCNN,U,O,False,False,False,0.1909,True,data\U\frame_0110.jpg
CustomCNN,U,O,False,False,False,0.1904,True,data\U\frame_0111.jpg
CustomCNN,U,O,False,False,False,0.1841,True,data\U\frame_0112.jpg
CustomCNN,U,O,False,False,False,0.1756,True,data\U\frame_0113.jpg
CustomCNN,U,O,False,False,False,0.1993,True,data\U\frame_0114.jpg
CustomCNN,U,O,False,False,False,0.1821,True,data\U\frame_0115.jpg
CustomCNN,U,O,False,False,False,0.1872,True,data\U\frame_0116.jpg
CustomCNN,U,O,False,False,False,0.1854,True,data\U\frame_0117.jpg
CustomCNN,U,O,False,False,False,0.1768,True,data\U\frame_0118.jpg
CustomCNN,U,O,False,False,False,0.1835,True,data\U\frame_0119.jpg
CustomCNN,U,O,False,False,False,0.1949,True,data\U\frame_0120.jpg
CustomCNN,U,O,False,False,False,0.1989,True,data\U\frame_0121.jpg
CustomCNN,U,O,False,False,False,0.1938,True,data\U\frame_0122.jpg
CustomCNN,U,O,False,False,False,0.1995,True,data\U\frame_0123.jpg
CustomCNN,U,O,False,False,False,0.203,True,data\U\frame_0124.jpg
CustomCNN,U,O,False,False,False,0.2009,True,data\U\frame_0125.jpg
CustomCNN,U,O,False,False,False,0.2018,True,data\U\frame_0126.jpg
CustomCNN,U,O,False,False,False,0.1984,True,data\U\frame_0127.jpg
CustomCNN,U,O,False,False,False,0.1782,True,data\U\frame_0128.jpg
CustomCNN,U,O,False,False,False,0.1844,True,data\U\frame_0129.jpg
CustomCNN,U,O,False,False,False,0.1708,True,data\U\frame_0130.jpg
CustomCNN,U,O,False,False,False,0.1712,True,data\U\frame_0131.jpg
CustomCNN,U,O,False,False,False,0.1573,True,data\U\frame_0132.jpg
CustomCNN,U,O,False,False,False,0.1667,True,data\U\frame_0133.jpg
CustomCNN,U,O,False,False,False,0.1659,True,data\U\frame_0134.jpg
CustomCNN,U,O,False,False,False,0.1551,True,data\U\frame_0135.jpg
CustomCNN,U,O,False,False,False,0.1619,True,data\U\frame_0136.jpg
CustomCNN,U,O,False,False,False,0.1682,True,data\U\frame_0137.jpg
CustomCNN,U,O,False,False,False,0.1663,True,data\U\frame_0138.jpg
CustomCNN,U,O,False,False,False,0.1681,True,data\U\frame_0139.jpg
CustomCNN,U,O,False,False,False,0.1685,True,data\U\frame_0140.jpg
CustomCNN,U,O,False,False,False,0.1573,True,data\U\frame_0141.jpg
CustomCNN,U,O,False,False,False,0.1582,True,data\U\frame_0142.jpg
CustomCNN,U,O,False,False,False,0.1602,True,data\U\frame_0143.jpg
CustomCNN,U,O,False,False,False,0.1584,True,data\U\frame_0144.jpg
CustomCNN,U,O,False,False,False,0.1517,True,data\U\frame_0145.jpg
CustomCNN,U,O,False,False,False,0.1443,True,data\U\frame_0146.jpg
CustomCNN,U,O,False,False,False,0.1568,True,data\U\frame_0147.jpg
CustomCNN,U,O,False,False,False,0.1625,True,data\U\frame_0148.jpg
CustomCNN,U,O,False,False,False,0.1504,True,data\U\frame_0149.jpg
CustomCNN,U,O,False,False,False,0.1647,True,data\U\frame_0150.jpg
CustomCNN,V,Râu,False,False,False,0.2468,True,data\V\frame_0001.jpg
CustomCNN,V,Râu,False,False,False,0.2378,True,data\V\frame_0002.jpg
CustomCNN,V,Râu,False,False,False,0.2241,True,data\V\frame_0003.jpg
CustomCNN,V,Râu,False,False,False,0.2468,True,data\V\frame_0004.jpg
CustomCNN,V,Râu,False,False,False,0.2915,True,data\V\frame_0005.jpg
CustomCNN,V,Râu,False,False,False,0.2524,True,data\V\frame_0006.jpg
CustomCNN,V,Râu,False,False,False,0.2375,True,data\V\frame_0007.jpg
CustomCNN,V,Râu,False,False,False,0.2457,True,data\V\frame_0008.jpg
CustomCNN,V,Râu,False,False,False,0.2501,True,data\V\frame_0009.jpg
CustomCNN,V,Râu,False,False,False,0.2642,True,data\V\frame_0010.jpg
CustomCNN,V,Râu,False,False,False,0.2583,True,data\V\frame_0011.jpg
CustomCNN,V,Râu,False,False,False,0.2568,True,data\V\frame_0012.jpg
CustomCNN,V,Râu,False,False,False,0.2672,True,data\V\frame_0013.jpg
CustomCNN,V,Râu,False,False,False,0.263,True,data\V\frame_0014.jpg
CustomCNN,V,Râu,False,False,False,0.2619,True,data\V\frame_0015.jpg
CustomCNN,V,Râu,False,False,False,0.2638,True,data\V\frame_0016.jpg
CustomCNN,V,Râu,False,False,False,0.2909,True,data\V\frame_0017.jpg
CustomCNN,V,Râu,False,False,False,0.2702,True,data\V\frame_0018.jpg
CustomCNN,V,Râu,False,False,False,0.2559,True,data\V\frame_0019.jpg
CustomCNN,V,Râu,False,False,False,0.2583,True,data\V\frame_0020.jpg
CustomCNN,V,Râu,False,False,False,0.2745,True,data\V\frame_0021.jpg
CustomCNN,V,Râu,False,False,False,0.2695,True,data\V\frame_0022.jpg
CustomCNN,V,Râu,False,False,False,0.2619,True,data\V\frame_0023.jpg
CustomCNN,V,Râu,False,False,False,0.2824,True,data\V\frame_0024.jpg
CustomCNN,V,Râu,False,False,False,0.2647,True,data\V\frame_0025.jpg
CustomCNN,V,Râu,False,False,False,0.283,True,data\V\frame_0026.jpg
CustomCNN,V,Râu,False,False,False,0.268,True,data\V\frame_0027.jpg
CustomCNN,V,Râu,False,False,False,0.2591,True,data\V\frame_0028.jpg
CustomCNN,V,Râu,False,False,False,0.2494,True,data\V\frame_0029.jpg
CustomCNN,V,Râu,False,False,False,0.2596,True,data\V\frame_0030.jpg
CustomCNN,V,Râu,False,False,False,0.2829,True,data\V\frame_0031.jpg
CustomCNN,V,Râu,False,False,False,0.2652,True,data\V\frame_0032.jpg
CustomCNN,V,Râu,False,False,False,0.2573,True,data\V\frame_0033.jpg
CustomCNN,V,Râu,False,False,False,0.2597,True,data\V\frame_0034.jpg
CustomCNN,V,Râu,False,False,False,0.2621,True,data\V\frame_0035.jpg
CustomCNN,V,Râu,False,False,False,0.2441,True,data\V\frame_0036.jpg
CustomCNN,V,Râu,False,False,False,0.2412,True,data\V\frame_0037.jpg
CustomCNN,V,Râu,False,False,False,0.2173,True,data\V\frame_0038.jpg
CustomCNN,V,Râu,False,False,False,0.2248,True,data\V\frame_0039.jpg
CustomCNN,V,Râu,False,False,False,0.2046,True,data\V\frame_0040.jpg
CustomCNN,V,Râu,False,False,False,0.2162,True,data\V\frame_0041.jpg
CustomCNN,V,Râu,False,False,False,0.2406,True,data\V\frame_0042.jpg
CustomCNN,V,Râu,False,False,False,0.2263,True,data\V\frame_0043.jpg
CustomCNN,V,Râu,False,False,False,0.1999,True,data\V\frame_0044.jpg
CustomCNN,V,Râu,False,False,False,0.225,True,data\V\frame_0045.jpg
CustomCNN,V,Râu,False,False,False,0.2277,True,data\V\frame_0046.jpg
CustomCNN,V,Râu,False,False,False,0.2197,True,data\V\frame_0047.jpg
CustomCNN,V,Râu,False,False,False,0.1953,True,data\V\frame_0048.jpg
CustomCNN,V,Râu,False,False,False,0.1976,True,data\V\frame_0049.jpg
CustomCNN,V,Râu,False,False,False,0.2046,True,data\V\frame_0050.jpg
CustomCNN,V,Râu,False,False,False,0.2133,True,data\V\frame_0051.jpg
CustomCNN,V,Râu,False,False,False,0.2165,True,data\V\frame_0052.jpg
CustomCNN,V,Râu,False,False,False,0.2345,True,data\V\frame_0053.jpg
CustomCNN,V,Râu,False,False,False,0.2143,True,data\V\frame_0054.jpg
CustomCNN,V,Râu,False,False,False,0.2346,True,data\V\frame_0055.jpg
CustomCNN,V,Râu,False,False,False,0.2217,True,data\V\frame_0056.jpg
CustomCNN,V,Râu,False,False,False,0.2263,True,data\V\frame_0057.jpg
CustomCNN,V,Râu,False,False,False,0.2202,True,data\V\frame_0058.jpg
CustomCNN,V,Râu,False,False,False,0.2216,True,data\V\frame_0059.jpg
CustomCNN,V,Râu,False,False,False,0.226,True,data\V\frame_0060.jpg
CustomCNN,V,Râu,False,False,False,0.2366,True,data\V\frame_0061.jpg
CustomCNN,V,Râu,False,False,False,0.2351,True,data\V\frame_0062.jpg
CustomCNN,V,Râu,False,False,False,0.2149,True,data\V\frame_0063.jpg
CustomCNN,V,Râu,False,False,False,0.2341,True,data\V\frame_0064.jpg
CustomCNN,V,Râu,False,False,False,0.209,True,data\V\frame_0065.jpg
CustomCNN,V,Râu,False,False,False,0.2194,True,data\V\frame_0066.jpg
CustomCNN,V,Râu,False,False,False,0.2274,True,data\V\frame_0067.jpg
CustomCNN,V,Râu,False,False,False,0.2207,True,data\V\frame_0068.jpg
CustomCNN,V,Râu,False,False,False,0.228,True,data\V\frame_0069.jpg
CustomCNN,V,Râu,False,False,False,0.221,True,data\V\frame_0070.jpg
CustomCNN,V,Râu,False,False,False,0.2342,True,data\V\frame_0071.jpg
CustomCNN,V,Râu,False,False,False,0.2441,True,data\V\frame_0072.jpg
CustomCNN,V,Râu,False,False,False,0.2402,True,data\V\frame_0073.jpg
CustomCNN,V,Râu,False,False,False,0.2401,True,data\V\frame_0074.jpg
CustomCNN,V,Râu,False,False,False,0.2503,True,data\V\frame_0075.jpg
CustomCNN,V,Râu,False,False,False,0.2498,True,data\V\frame_0076.jpg
CustomCNN,V,Râu,False,False,False,0.2562,True,data\V\frame_0077.jpg
CustomCNN,V,Râu,False,False,False,0.2578,True,data\V\frame_0078.jpg
CustomCNN,V,Râu,False,False,False,0.269,True,data\V\frame_0079.jpg
CustomCNN,V,Râu,False,False,False,0.2533,True,data\V\frame_0080.jpg
CustomCNN,V,Râu,False,False,False,0.2681,True,data\V\frame_0081.jpg
CustomCNN,V,Râu,False,False,False,0.2594,True,data\V\frame_0082.jpg
CustomCNN,V,Râu,False,False,False,0.2565,True,data\V\frame_0083.jpg
CustomCNN,V,Râu,False,False,False,0.2579,True,data\V\frame_0084.jpg
CustomCNN,V,Râu,False,False,False,0.2495,True,data\V\frame_0085.jpg
CustomCNN,V,Râu,False,False,False,0.2525,True,data\V\frame_0086.jpg
CustomCNN,V,Râu,False,False,False,0.2731,True,data\V\frame_0087.jpg
CustomCNN,V,Râu,False,False,False,0.2584,True,data\V\frame_0088.jpg
CustomCNN,V,Râu,False,False,False,0.2428,True,data\V\frame_0089.jpg
CustomCNN,V,Râu,False,False,False,0.2662,True,data\V\frame_0090.jpg
CustomCNN,V,Râu,False,False,False,0.2523,True,data\V\frame_0091.jpg
CustomCNN,V,Râu,False,False,False,0.2454,True,data\V\frame_0092.jpg
CustomCNN,V,Râu,False,False,False,0.2621,True,data\V\frame_0093.jpg
CustomCNN,V,Râu,False,False,False,0.2296,True,data\V\frame_0094.jpg
CustomCNN,V,Râu,False,False,False,0.2371,True,data\V\frame_0095.jpg
CustomCNN,V,Râu,False,False,False,0.2336,True,data\V\frame_0096.jpg
CustomCNN,V,Râu,False,False,False,0.2438,True,data\V\frame_0097.jpg
CustomCNN,V,Râu,False,False,False,0.2578,True,data\V\frame_0098.jpg
CustomCNN,V,Râu,False,False,False,0.2664,True,data\V\frame_0099.jpg
CustomCNN,V,Râu,False,False,False,0.2743,True,data\V\frame_0100.jpg
CustomCNN,V,Râu,False,False,False,0.2527,True,data\V\frame_0101.jpg
CustomCNN,V,Râu,False,False,False,0.2633,True,data\V\frame_0102.jpg
CustomCNN,V,Râu,False,False,False,0.2514,True,data\V\frame_0103.jpg
CustomCNN,V,Râu,False,False,False,0.2452,True,data\V\frame_0104.jpg
CustomCNN,V,Râu,False,False,False,0.2327,True,data\V\frame_0105.jpg
CustomCNN,V,Râu,False,False,False,0.2317,True,data\V\frame_0106.jpg
CustomCNN,V,Râu,False,False,False,0.2203,True,data\V\frame_0107.jpg
CustomCNN,V,Râu,False,False,False,0.2067,True,data\V\frame_0108.jpg
CustomCNN,V,Râu,False,False,False,0.1782,True,data\V\frame_0109.jpg
CustomCNN,V,Râu,False,False,False,0.1757,True,data\V\frame_0110.jpg
CustomCNN,V,Râu,False,False,False,0.1757,True,data\V\frame_0111.jpg
CustomCNN,V,Râu,False,False,False,0.1477,True,data\V\frame_0112.jpg
CustomCNN,V,Râu,False,False,False,0.1545,True,data\V\frame_0113.jpg
CustomCNN,V,Râu,False,False,False,0.1432,True,data\V\frame_0114.jpg
CustomCNN,V,Râu,False,False,False,0.1543,True,data\V\frame_0115.jpg
CustomCNN,V,Râu,False,False,False,0.1576,True,data\V\frame_0116.jpg
CustomCNN,V,Râu,False,False,False,0.1554,True,data\V\frame_0117.jpg
CustomCNN,V,Râu,False,False,False,0.1427,True,data\V\frame_0118.jpg
CustomCNN,V,Râu,False,False,False,0.1426,True,data\V\frame_0119.jpg
CustomCNN,V,Râu,False,False,False,0.1701,True,data\V\frame_0120.jpg
CustomCNN,V,Râu,False,False,False,0.1615,True,data\V\frame_0121.jpg
CustomCNN,V,Râu,False,False,False,0.1702,True,data\V\frame_0122.jpg
CustomCNN,V,Râu,False,False,False,0.1593,True,data\V\frame_0123.jpg
CustomCNN,V,Râu,False,False,False,0.1775,True,data\V\frame_0124.jpg
CustomCNN,V,Râu,False,False,False,0.1514,True,data\V\frame_0125.jpg
CustomCNN,V,Râu,False,False,False,0.1501,True,data\V\frame_0126.jpg
CustomCNN,V,Râu,False,False,False,0.1567,True,data\V\frame_0127.jpg
CustomCNN,V,Râu,False,False,False,0.1599,True,data\V\frame_0128.jpg
CustomCNN,V,Râu,False,False,False,0.1599,True,data\V\frame_0129.jpg
CustomCNN,V,Râu,False,False,False,0.1598,True,data\V\frame_0130.jpg
CustomCNN,V,Râu,False,False,False,0.1685,True,data\V\frame_0131.jpg
CustomCNN,V,Râu,False,False,False,0.1685,True,data\V\frame_0132.jpg
CustomCNN,V,Râu,False,False,False,0.1784,True,data\V\frame_0133.jpg
CustomCNN,V,Râu,False,False,False,0.1619,True,data\V\frame_0134.jpg
CustomCNN,V,Râu,False,False,False,0.1712,True,data\V\frame_0135.jpg
CustomCNN,V,Râu,False,False,False,0.1767,True,data\V\frame_0136.jpg
CustomCNN,V,Râu,False,False,False,0.1829,True,data\V\frame_0137.jpg
CustomCNN,V,Râu,False,False,False,0.1801,True,data\V\frame_0138.jpg
CustomCNN,V,Râu,False,False,False,0.1933,True,data\V\frame_0139.jpg
CustomCNN,V,Râu,False,False,False,0.1933,True,data\V\frame_0140.jpg
CustomCNN,V,Râu,False,False,False,0.1918,True,data\V\frame_0141.jpg
CustomCNN,V,Râu,False,False,False,0.2188,True,data\V\frame_0142.jpg
CustomCNN,V,Râu,False,False,False,0.2108,True,data\V\frame_0143.jpg
CustomCNN,V,Râu,False,False,False,0.2274,True,data\V\frame_0144.jpg
CustomCNN,V,Râu,False,False,False,0.2393,True,data\V\frame_0145.jpg
CustomCNN,V,Râu,False,False,False,0.2696,True,data\V\frame_0146.jpg
CustomCNN,V,Râu,False,False,False,0.2743,True,data\V\frame_0147.jpg
CustomCNN,V,Râu,False,False,False,0.2911,True,data\V\frame_0148.jpg
CustomCNN,V,Râu,False,False,False,0.2782,True,data\V\frame_0149.jpg
CustomCNN,V,Râu,False,False,False,0.2868,True,data\V\frame_0150.jpg
CustomCNN,X,Q,False,True,True,0.1681,True,data\X\frame_0001.jpg
CustomCNN,X,Q,False,True,True,0.1799,True,data\X\frame_0002.jpg
CustomCNN,X,X,True,True,True,0.1485,True,data\X\frame_0003.jpg
CustomCNN,X,X,True,True,True,0.1895,True,data\X\frame_0004.jpg
CustomCNN,X,X,True,True,True,0.172,True,data\X\frame_0005.jpg
CustomCNN,X,Q,False,True,True,0.1583,True,data\X\frame_0006.jpg
CustomCNN,X,X,True,True,True,0.1653,True,data\X\frame_0007.jpg
CustomCNN,X,X,True,True,True,0.1753,True,data\X\frame_0008.jpg
CustomCNN,X,X,True,True,True,0.1753,True,data\X\frame_0009.jpg
CustomCNN,X,X,True,True,True,0.1776,True,data\X\frame_0010.jpg
CustomCNN,X,X,True,True,True,0.1889,True,data\X\frame_0011.jpg
CustomCNN,X,Q,False,True,True,0.1762,True,data\X\frame_0012.jpg
CustomCNN,X,,False,False,False,0.0,False,data\X\frame_0013.jpg
CustomCNN,X,Q,False,True,True,0.2205,True,data\X\frame_0014.jpg
CustomCNN,X,X,True,True,True,0.1672,True,data\X\frame_0015.jpg
CustomCNN,X,Q,False,True,True,0.1742,True,data\X\frame_0016.jpg
CustomCNN,X,X,True,True,True,0.1594,True,data\X\frame_0017.jpg
CustomCNN,X,X,True,True,True,0.1633,True,data\X\frame_0018.jpg
CustomCNN,X,Q,False,True,True,0.2197,True,data\X\frame_0019.jpg
CustomCNN,X,Q,False,True,True,0.2197,True,data\X\frame_0020.jpg
CustomCNN,X,Q,False,True,True,0.2453,True,data\X\frame_0021.jpg
CustomCNN,X,Q,False,True,True,0.2164,True,data\X\frame_0022.jpg
CustomCNN,X,X,True,True,True,0.163,True,data\X\frame_0023.jpg
CustomCNN,X,X,True,True,True,0.1656,True,data\X\frame_0024.jpg
CustomCNN,X,X,True,True,True,0.1689,True,data\X\frame_0025.jpg
CustomCNN,X,X,True,True,True,0.1677,True,data\X\frame_0026.jpg
CustomCNN,X,Q,False,True,True,0.2025,True,data\X\frame_0027.jpg
CustomCNN,X,Q,False,True,True,0.213,True,data\X\frame_0028.jpg
CustomCNN,X,Q,False,True,True,0.1814,True,data\X\frame_0029.jpg
CustomCNN,X,X,True,True,True,0.2049,True,data\X\frame_0030.jpg
CustomCNN,X,X,True,True,True,0.2049,True,data\X\frame_0031.jpg
CustomCNN,X,Q,False,True,True,0.2476,True,data\X\frame_0032.jpg
CustomCNN,X,X,True,True,True,0.1843,True,data\X\frame_0033.jpg
CustomCNN,X,,False,False,False,0.0,False,data\X\frame_0034.jpg
CustomCNN,X,,False,False,False,0.0,False,data\X\frame_0035.jpg
CustomCNN,X,Q,False,True,True,0.1743,True,data\X\frame_0036.jpg
CustomCNN,X,X,True,True,True,0.173,True,data\X\frame_0037.jpg
CustomCNN,X,,False,False,False,0.0,False,data\X\frame_0038.jpg
CustomCNN,X,Q,False,True,True,0.1566,True,data\X\frame_0039.jpg
CustomCNN,X,X,True,True,True,0.159,True,data\X\frame_0040.jpg
CustomCNN,X,Q,False,True,True,0.2253,True,data\X\frame_0041.jpg
CustomCNN,X,Q,False,True,True,0.2253,True,data\X\frame_0042.jpg
CustomCNN,X,Q,False,True,True,0.1909,True,data\X\frame_0043.jpg
CustomCNN,X,Q,False,True,True,0.1972,True,data\X\frame_0044.jpg
CustomCNN,X,Q,False,True,True,0.1762,True,data\X\frame_0045.jpg
CustomCNN,X,Q,False,True,True,0.2411,True,data\X\frame_0046.jpg
CustomCNN,X,Q,False,True,True,0.24,True,data\X\frame_0047.jpg
CustomCNN,X,X,True,True,True,0.1696,True,data\X\frame_0048.jpg
CustomCNN,X,Q,False,True,True,0.2074,True,data\X\frame_0049.jpg
CustomCNN,X,Q,False,True,True,0.1804,True,data\X\frame_0050.jpg
CustomCNN,X,X,True,True,True,0.1533,True,data\X\frame_0051.jpg
CustomCNN,X,Q,False,True,True,0.2064,True,data\X\frame_0052.jpg
CustomCNN,X,Q,False,True,True,0.2064,True,data\X\frame_0053.jpg
CustomCNN,X,Q,False,False,True,0.1929,True,data\X\frame_0054.jpg
CustomCNN,X,Q,False,True,True,0.1721,True,data\X\frame_0055.jpg
CustomCNN,X,Q,False,True,True,0.174,True,data\X\frame_0056.jpg
CustomCNN,X,X,True,True,True,0.1814,True,data\X\frame_0057.jpg
CustomCNN,X,Q,False,True,True,0.2141,True,data\X\frame_0058.jpg
CustomCNN,X,Q,False,True,True,0.2267,True,data\X\frame_0059.jpg
CustomCNN,X,Q,False,True,True,0.196,True,data\X\frame_0060.jpg
CustomCNN,X,Q,False,True,True,0.1974,True,data\X\frame_0061.jpg
CustomCNN,X,Q,False,True,True,0.1925,True,data\X\frame_0062.jpg
CustomCNN,X,Q,False,True,True,0.2308,True,data\X\frame_0063.jpg
CustomCNN,X,Q,False,True,True,0.2308,True,data\X\frame_0064.jpg
CustomCNN,X,Q,False,True,True,0.1892,True,data\X\frame_0065.jpg
CustomCNN,X,Q,False,True,True,0.2702,True,data\X\frame_0066.jpg
CustomCNN,X,Q,False,True,True,0.2343,True,data\X\frame_0067.jpg
CustomCNN,X,Q,False,True,True,0.1926,True,data\X\frame_0068.jpg
CustomCNN,X,Q,False,True,True,0.194,True,data\X\frame_0069.jpg
CustomCNN,X,Q,False,True,True,0.2743,True,data\X\frame_0070.jpg
CustomCNN,X,X,True,True,True,0.1498,True,data\X\frame_0071.jpg
CustomCNN,X,Q,False,False,True,0.1738,True,data\X\frame_0072.jpg
CustomCNN,X,Q,False,True,True,0.2171,True,data\X\frame_0073.jpg
CustomCNN,X,,False,False,False,0.0,False,data\X\frame_0074.jpg
CustomCNN,X,Q,False,True,True,0.2901,True,data\X\frame_0075.jpg
CustomCNN,X,,False,False,False,0.0,False,data\X\frame_0076.jpg
CustomCNN,X,Q,False,True,True,0.2211,True,data\X\frame_0077.jpg
CustomCNN,X,Q,False,True,True,0.1993,True,data\X\frame_0078.jpg
CustomCNN,X,Q,False,True,True,0.1795,True,data\X\frame_0079.jpg
CustomCNN,X,X,True,True,True,0.1893,True,data\X\frame_0080.jpg
CustomCNN,X,X,True,True,True,0.183,True,data\X\frame_0081.jpg
CustomCNN,X,X,True,True,True,0.1583,True,data\X\frame_0082.jpg
CustomCNN,X,X,True,True,True,0.1783,True,data\X\frame_0083.jpg
CustomCNN,X,X,True,True,True,0.2158,True,data\X\frame_0084.jpg
CustomCNN,X,X,True,True,True,0.1886,True,data\X\frame_0085.jpg
CustomCNN,X,X,True,True,True,0.1508,True,data\X\frame_0086.jpg
CustomCNN,X,X,True,True,True,0.1822,True,data\X\frame_0087.jpg
CustomCNN,X,X,True,True,True,0.1604,True,data\X\frame_0088.jpg
CustomCNN,X,X,True,True,True,0.1885,True,data\X\frame_0089.jpg
CustomCNN,X,X,True,True,True,0.1778,True,data\X\frame_0090.jpg
CustomCNN,X,X,True,True,True,0.1532,True,data\X\frame_0091.jpg
CustomCNN,X,X,True,True,True,0.252,True,data\X\frame_0092.jpg
CustomCNN,X,,False,False,False,0.0,False,data\X\frame_0093.jpg
CustomCNN,X,X,True,True,True,0.1902,True,data\X\frame_0094.jpg
CustomCNN,X,,False,False,False,0.0,False,data\X\frame_0095.jpg
CustomCNN,X,,False,False,False,0.0,False,data\X\frame_0096.jpg
CustomCNN,X,X,True,True,True,0.1927,True,data\X\frame_0097.jpg
CustomCNN,X,X,True,True,True,0.1573,True,data\X\frame_0098.jpg
CustomCNN,X,X,True,True,True,0.1797,True,data\X\frame_0099.jpg
CustomCNN,X,X,True,True,True,0.1721,True,data\X\frame_0100.jpg
CustomCNN,X,Q,False,True,True,0.1792,True,data\X\frame_0101.jpg
CustomCNN,X,Q,False,False,True,0.1581,True,data\X\frame_0102.jpg
CustomCNN,X,Q,False,False,True,0.1558,True,data\X\frame_0103.jpg
CustomCNN,X,Q,False,False,True,0.164,True,data\X\frame_0104.jpg
CustomCNN,X,Q,False,False,True,0.1543,True,data\X\frame_0105.jpg
CustomCNN,X,Q,False,False,True,0.1553,True,data\X\frame_0106.jpg
CustomCNN,X,Q,False,False,True,0.1656,True,data\X\frame_0107.jpg
CustomCNN,X,Q,False,True,True,0.1565,True,data\X\frame_0108.jpg
CustomCNN,X,Q,False,True,True,0.1652,True,data\X\frame_0109.jpg
CustomCNN,X,O,False,True,True,0.1553,True,data\X\frame_0110.jpg
CustomCNN,X,X,True,True,True,0.1758,True,data\X\frame_0111.jpg
CustomCNN,X,X,True,True,True,0.1705,True,data\X\frame_0112.jpg
CustomCNN,X,,False,False,False,0.0,False,data\X\frame_0113.jpg
CustomCNN,X,,False,False,False,0.0,False,data\X\frame_0114.jpg
CustomCNN,X,,False,False,False,0.0,False,data\X\frame_0115.jpg
CustomCNN,X,,False,False,False,0.0,False,data\X\frame_0116.jpg
CustomCNN,X,,False,False,False,0.0,False,data\X\frame_0117.jpg
CustomCNN,X,,False,False,False,0.0,False,data\X\frame_0118.jpg
CustomCNN,X,,False,False,False,0.0,False,data\X\frame_0119.jpg
CustomCNN,X,,False,False,False,0.0,False,data\X\frame_0120.jpg
CustomCNN,X,,False,False,False,0.0,False,data\X\frame_0121.jpg
CustomCNN,X,,False,False,False,0.0,False,data\X\frame_0122.jpg
CustomCNN,X,,False,False,False,0.0,False,data\X\frame_0123.jpg
CustomCNN,X,,False,False,False,0.0,False,data\X\frame_0124.jpg
CustomCNN,X,,False,False,False,0.0,False,data\X\frame_0125.jpg
CustomCNN,X,,False,False,False,0.0,False,data\X\frame_0126.jpg
CustomCNN,X,,False,False,False,0.0,False,data\X\frame_0127.jpg
CustomCNN,X,O,False,True,True,0.1902,True,data\X\frame_0128.jpg
CustomCNN,X,O,False,True,True,0.2306,True,data\X\frame_0129.jpg
CustomCNN,X,O,False,True,True,0.2054,True,data\X\frame_0130.jpg
CustomCNN,X,O,False,True,True,0.1996,True,data\X\frame_0131.jpg
CustomCNN,X,O,False,True,True,0.1997,True,data\X\frame_0132.jpg
CustomCNN,X,O,False,True,True,0.2131,True,data\X\frame_0133.jpg
CustomCNN,X,O,False,True,True,0.1987,True,data\X\frame_0134.jpg
CustomCNN,X,,False,False,False,0.0,False,data\X\frame_0135.jpg
CustomCNN,X,,False,False,False,0.0,False,data\X\frame_0136.jpg
CustomCNN,X,,False,False,False,0.0,False,data\X\frame_0137.jpg
CustomCNN,X,O,False,True,True,0.1953,True,data\X\frame_0138.jpg
CustomCNN,X,O,False,True,True,0.1815,True,data\X\frame_0139.jpg
CustomCNN,X,O,False,True,True,0.1862,True,data\X\frame_0140.jpg
CustomCNN,X,,False,False,False,0.0,False,data\X\frame_0141.jpg
CustomCNN,X,O,False,True,True,0.1943,True,data\X\frame_0142.jpg
CustomCNN,X,,False,False,False,0.0,False,data\X\frame_0143.jpg
CustomCNN,X,,False,False,False,0.0,False,data\X\frame_0144.jpg
CustomCNN,X,,False,False,False,0.0,False,data\X\frame_0145.jpg
CustomCNN,X,,False,False,False,0.0,False,data\X\frame_0146.jpg
CustomCNN,X,,False,False,False,0.0,False,data\X\frame_0147.jpg
CustomCNN,X,X,True,True,True,0.1869,True,data\X\frame_0148.jpg
CustomCNN,X,X,True,True,True,0.1567,True,data\X\frame_0149.jpg
CustomCNN,X,O,False,True,True,0.1627,True,data\X\frame_0150.jpg
CustomCNN,Y,Râu,False,False,False,0.1308,True,data\Y\frame_0001.jpg
CustomCNN,Y,Râu,False,False,False,0.1303,True,data\Y\frame_0002.jpg
CustomCNN,Y,Râu,False,False,False,0.1431,True,data\Y\frame_0003.jpg
CustomCNN,Y,Râu,False,False,False,0.1211,True,data\Y\frame_0004.jpg
CustomCNN,Y,Râu,False,False,False,0.128,True,data\Y\frame_0005.jpg
CustomCNN,Y,Râu,False,False,False,0.1374,True,data\Y\frame_0006.jpg
CustomCNN,Y,Râu,False,False,False,0.1322,True,data\Y\frame_0007.jpg
CustomCNN,Y,Râu,False,False,False,0.125,True,data\Y\frame_0008.jpg
CustomCNN,Y,Râu,False,False,False,0.1267,True,data\Y\frame_0009.jpg
CustomCNN,Y,Râu,False,False,False,0.1286,True,data\Y\frame_0010.jpg
CustomCNN,Y,Râu,False,False,False,0.126,True,data\Y\frame_0011.jpg
CustomCNN,Y,Râu,False,False,False,0.1318,True,data\Y\frame_0012.jpg
CustomCNN,Y,Râu,False,False,False,0.1299,True,data\Y\frame_0013.jpg
CustomCNN,Y,Râu,False,False,False,0.1228,True,data\Y\frame_0014.jpg
CustomCNN,Y,Râu,False,False,False,0.1316,True,data\Y\frame_0015.jpg
CustomCNN,Y,Râu,False,False,False,0.1226,True,data\Y\frame_0016.jpg
CustomCNN,Y,O,False,False,False,0.1249,True,data\Y\frame_0017.jpg
CustomCNN,Y,A,False,False,False,0.1229,True,data\Y\frame_0018.jpg
CustomCNN,Y,A,False,False,False,0.1266,True,data\Y\frame_0019.jpg
CustomCNN,Y,A,False,False,False,0.1258,True,data\Y\frame_0020.jpg
CustomCNN,Y,A,False,False,False,0.1274,True,data\Y\frame_0021.jpg
CustomCNN,Y,A,False,False,False,0.1282,True,data\Y\frame_0022.jpg
CustomCNN,Y,A,False,False,False,0.1265,True,data\Y\frame_0023.jpg
CustomCNN,Y,C,False,False,False,0.1283,True,data\Y\frame_0024.jpg
CustomCNN,Y,C,False,False,False,0.1227,True,data\Y\frame_0025.jpg
CustomCNN,Y,A,False,False,False,0.1325,True,data\Y\frame_0026.jpg
CustomCNN,Y,A,False,False,False,0.1233,True,data\Y\frame_0027.jpg
CustomCNN,Y,A,False,False,False,0.1259,True,data\Y\frame_0028.jpg
CustomCNN,Y,A,False,False,False,0.1242,True,data\Y\frame_0029.jpg
CustomCNN,Y,C,False,False,False,0.1246,True,data\Y\frame_0030.jpg
CustomCNN,Y,A,False,False,False,0.125,True,data\Y\frame_0031.jpg
CustomCNN,Y,A,False,False,False,0.1289,True,data\Y\frame_0032.jpg
CustomCNN,Y,A,False,False,False,0.1249,True,data\Y\frame_0033.jpg
CustomCNN,Y,A,False,False,False,0.123,True,data\Y\frame_0034.jpg
CustomCNN,Y,A,False,False,False,0.1231,True,data\Y\frame_0035.jpg
CustomCNN,Y,A,False,False,False,0.1246,True,data\Y\frame_0036.jpg
CustomCNN,Y,A,False,False,False,0.1306,True,data\Y\frame_0037.jpg
CustomCNN,Y,A,False,False,False,0.1258,True,data\Y\frame_0038.jpg
CustomCNN,Y,O,False,False,False,0.1203,True,data\Y\frame_0039.jpg
CustomCNN,Y,A,False,False,False,0.1202,True,data\Y\frame_0040.jpg
CustomCNN,Y,Râu,False,False,False,0.123,True,data\Y\frame_0041.jpg
CustomCNN,Y,Râu,False,False,False,0.1213,True,data\Y\frame_0042.jpg
CustomCNN,Y,Râu,False,False,False,0.1318,True,data\Y\frame_0043.jpg
CustomCNN,Y,Râu,False,False,False,0.1353,True,data\Y\frame_0044.jpg
CustomCNN,Y,Râu,False,False,False,0.1415,True,data\Y\frame_0045.jpg
CustomCNN,Y,Râu,False,False,False,0.138,True,data\Y\frame_0046.jpg
CustomCNN,Y,Râu,False,False,False,0.1469,True,data\Y\frame_0047.jpg
CustomCNN,Y,Râu,False,False,False,0.1548,True,data\Y\frame_0048.jpg
CustomCNN,Y,Râu,False,False,False,0.1642,True,data\Y\frame_0049.jpg
CustomCNN,Y,Râu,False,False,False,0.1623,True,data\Y\frame_0050.jpg
CustomCNN,Y,Râu,False,False,False,0.1537,True,data\Y\frame_0051.jpg
CustomCNN,Y,Râu,False,False,False,0.1719,True,data\Y\frame_0052.jpg
CustomCNN,Y,Râu,False,False,False,0.1754,True,data\Y\frame_0053.jpg
CustomCNN,Y,Râu,False,False,False,0.1854,True,data\Y\frame_0054.jpg
CustomCNN,Y,Râu,False,False,False,0.1794,True,data\Y\frame_0055.jpg
CustomCNN,Y,Râu,False,False,False,0.1794,True,data\Y\frame_0056.jpg
CustomCNN,Y,Râu,False,False,False,0.2166,True,data\Y\frame_0057.jpg
CustomCNN,Y,Râu,False,False,False,0.2112,True,data\Y\frame_0058.jpg
CustomCNN,Y,Râu,False,False,False,0.2129,True,data\Y\frame_0059.jpg
CustomCNN,Y,Râu,False,False,False,0.2131,True,data\Y\frame_0060.jpg
CustomCNN,Y,Râu,False,False,False,0.2138,True,data\Y\frame_0061.jpg
CustomCNN,Y,Râu,False,False,False,0.2138,True,data\Y\frame_0062.jpg
CustomCNN,Y,Râu,False,False,False,0.1912,True,data\Y\frame_0063.jpg
CustomCNN,Y,Râu,False,False,False,0.1864,True,data\Y\frame_0064.jpg
CustomCNN,Y,Râu,False,False,False,0.1708,True,data\Y\frame_0065.jpg
CustomCNN,Y,A,False,False,False,0.1639,True,data\Y\frame_0066.jpg
CustomCNN,Y,Râu,False,False,False,0.1654,True,data\Y\frame_0067.jpg
CustomCNN,Y,Râu,False,False,False,0.1777,True,data\Y\frame_0068.jpg
CustomCNN,Y,Râu,False,False,False,0.1704,True,data\Y\frame_0069.jpg
CustomCNN,Y,Râu,False,False,False,0.1787,True,data\Y\frame_0070.jpg
CustomCNN,Y,Râu,False,False,False,0.1847,True,data\Y\frame_0071.jpg
CustomCNN,Y,Râu,False,False,False,0.1777,True,data\Y\frame_0072.jpg
CustomCNN,Y,Râu,False,False,False,0.1777,True,data\Y\frame_0073.jpg
CustomCNN,Y,Râu,False,False,False,0.1729,True,data\Y\frame_0074.jpg
CustomCNN,Y,Râu,False,False,False,0.1496,True,data\Y\frame_0075.jpg
CustomCNN,Y,A,False,False,False,0.1443,True,data\Y\frame_0076.jpg
CustomCNN,Y,Râu,False,False,False,0.1423,True,data\Y\frame_0077.jpg
CustomCNN,Y,A,False,False,False,0.1447,True,data\Y\frame_0078.jpg
CustomCNN,Y,A,False,False,False,0.1441,True,data\Y\frame_0079.jpg
CustomCNN,Y,A,False,False,False,0.1422,True,data\Y\frame_0080.jpg
CustomCNN,Y,A,False,False,False,0.138,True,data\Y\frame_0081.jpg
CustomCNN,Y,A,False,False,False,0.1402,True,data\Y\frame_0082.jpg
CustomCNN,Y,A,False,False,False,0.142,True,data\Y\frame_0083.jpg
CustomCNN,Y,A,False,False,False,0.142,True,data\Y\frame_0084.jpg
CustomCNN,Y,A,False,False,False,0.1374,True,data\Y\frame_0085.jpg
CustomCNN,Y,A,False,False,False,0.1469,True,data\Y\frame_0086.jpg
CustomCNN,Y,Râu,False,False,False,0.155,True,data\Y\frame_0087.jpg
CustomCNN,Y,Râu,False,False,False,0.1481,True,data\Y\frame_0088.jpg
CustomCNN,Y,Râu,False,False,False,0.1549,True,data\Y\frame_0089.jpg
CustomCNN,Y,Râu,False,False,False,0.1684,True,data\Y\frame_0090.jpg
CustomCNN,Y,Râu,False,False,False,0.1736,True,data\Y\frame_0091.jpg
CustomCNN,Y,Râu,False,False,False,0.1796,True,data\Y\frame_0092.jpg
CustomCNN,Y,Râu,False,False,False,0.169,True,data\Y\frame_0093.jpg
CustomCNN,Y,Râu,False,False,False,0.1758,True,data\Y\frame_0094.jpg
CustomCNN,Y,Râu,False,False,False,0.1758,True,data\Y\frame_0095.jpg
CustomCNN,Y,Râu,False,False,False,0.1931,True,data\Y\frame_0096.jpg
CustomCNN,Y,Râu,False,False,False,0.1881,True,data\Y\frame_0097.jpg
CustomCNN,Y,Râu,False,False,False,0.217,True,data\Y\frame_0098.jpg
CustomCNN,Y,Râu,False,False,False,0.2118,True,data\Y\frame_0099.jpg
CustomCNN,Y,Râu,False,False,False,0.1859,True,data\Y\frame_0100.jpg
CustomCNN,Y,Râu,False,False,False,0.2111,True,data\Y\frame_0101.jpg
CustomCNN,Y,Râu,False,False,False,0.2027,True,data\Y\frame_0102.jpg
CustomCNN,Y,Râu,False,False,False,0.2188,True,data\Y\frame_0103.jpg
CustomCNN,Y,Râu,False,False,False,0.1915,True,data\Y\frame_0104.jpg
CustomCNN,Y,Râu,False,False,False,0.2186,True,data\Y\frame_0105.jpg
CustomCNN,Y,Râu,False,False,False,0.2186,True,data\Y\frame_0106.jpg
CustomCNN,Y,Râu,False,False,False,0.2131,True,data\Y\frame_0107.jpg
CustomCNN,Y,Râu,False,False,False,0.2254,True,data\Y\frame_0108.jpg
CustomCNN,Y,Râu,False,False,False,0.2284,True,data\Y\frame_0109.jpg
CustomCNN,Y,Râu,False,False,False,0.2098,True,data\Y\frame_0110.jpg
CustomCNN,Y,Râu,False,False,False,0.1905,True,data\Y\frame_0111.jpg
CustomCNN,Y,Râu,False,False,False,0.2084,True,data\Y\frame_0112.jpg
CustomCNN,Y,Râu,False,False,False,0.2095,True,data\Y\frame_0113.jpg
CustomCNN,Y,Râu,False,False,False,0.204,True,data\Y\frame_0114.jpg
CustomCNN,Y,Râu,False,False,False,0.2127,True,data\Y\frame_0115.jpg
CustomCNN,Y,Râu,False,False,False,0.1993,True,data\Y\frame_0116.jpg
CustomCNN,Y,Râu,False,False,False,0.1993,True,data\Y\frame_0117.jpg
CustomCNN,Y,Râu,False,False,False,0.2063,True,data\Y\frame_0118.jpg
CustomCNN,Y,Râu,False,False,False,0.1976,True,data\Y\frame_0119.jpg
CustomCNN,Y,Râu,False,False,False,0.1992,True,data\Y\frame_0120.jpg
CustomCNN,Y,Râu,False,False,False,0.1833,True,data\Y\frame_0121.jpg
CustomCNN,Y,Râu,False,False,False,0.1986,True,data\Y\frame_0122.jpg
CustomCNN,Y,Râu,False,False,False,0.2143,True,data\Y\frame_0123.jpg
CustomCNN,Y,Râu,False,False,False,0.2028,True,data\Y\frame_0124.jpg
CustomCNN,Y,Râu,False,False,False,0.2109,True,data\Y\frame_0125.jpg
CustomCNN,Y,Râu,False,False,False,0.1959,True,data\Y\frame_0126.jpg
CustomCNN,Y,Râu,False,False,False,0.1885,True,data\Y\frame_0127.jpg
CustomCNN,Y,Râu,False,False,False,0.1885,True,data\Y\frame_0128.jpg
CustomCNN,Y,Râu,False,False,False,0.2144,True,data\Y\frame_0129.jpg
CustomCNN,Y,Râu,False,False,False,0.2012,True,data\Y\frame_0130.jpg
CustomCNN,Y,A,False,False,False,0.184,True,data\Y\frame_0131.jpg
CustomCNN,Y,Râu,False,False,False,0.1782,True,data\Y\frame_0132.jpg
CustomCNN,Y,Râu,False,False,False,0.1731,True,data\Y\frame_0133.jpg
CustomCNN,Y,Râu,False,False,False,0.1854,True,data\Y\frame_0134.jpg
CustomCNN,Y,Râu,False,False,False,0.1579,True,data\Y\frame_0135.jpg
CustomCNN,Y,Râu,False,False,False,0.1484,True,data\Y\frame_0136.jpg
CustomCNN,Y,Râu,False,False,False,0.1495,True,data\Y\frame_0137.jpg
CustomCNN,Y,Râu,False,False,False,0.1514,True,data\Y\frame_0138.jpg
CustomCNN,Y,Râu,False,False,False,0.1514,True,data\Y\frame_0139.jpg
CustomCNN,Y,Râu,False,False,False,0.1502,True,data\Y\frame_0140.jpg
CustomCNN,Y,Râu,False,False,False,0.1516,True,data\Y\frame_0141.jpg
CustomCNN,Y,Râu,False,False,False,0.1674,True,data\Y\frame_0142.jpg
CustomCNN,Y,Râu,False,False,False,0.1506,True,data\Y\frame_0143.jpg
CustomCNN,Y,Râu,False,False,False,0.1569,True,data\Y\frame_0144.jpg
CustomCNN,Y,Râu,False,False,False,0.144,True,data\Y\frame_0145.jpg
CustomCNN,Y,Râu,False,False,False,0.1456,True,data\Y\frame_0146.jpg
CustomCNN,Y,Râu,False,False,False,0.1429,True,data\Y\frame_0147.jpg
CustomCNN,Y,Râu,False,False,False,0.1454,True,data\Y\frame_0148.jpg
CustomCNN,Y,O,False,False,False,0.1299,True,data\Y\frame_0149.jpg
CustomCNN,Y,O,False,False,False,0.1299,True,data\Y\frame_0150.jpg
MobileNetV2,A,A,True,True,True,0.6151,True,data\A\frame_0001.jpg
MobileNetV2,A,A,True,True,True,0.675,True,data\A\frame_0002.jpg
MobileNetV2,A,A,True,True,True,0.6417,True,data\A\frame_0003.jpg
MobileNetV2,A,A,True,True,True,0.599,True,data\A\frame_0004.jpg
MobileNetV2,A,A,True,True,True,0.599,True,data\A\frame_0005.jpg
MobileNetV2,A,A,True,True,True,0.667,True,data\A\frame_0006.jpg
MobileNetV2,A,A,True,True,True,0.5915,True,data\A\frame_0007.jpg
MobileNetV2,A,A,True,True,True,0.5915,True,data\A\frame_0008.jpg
MobileNetV2,A,A,True,True,True,0.6807,True,data\A\frame_0009.jpg
MobileNetV2,A,A,True,True,True,0.7275,True,data\A\frame_0010.jpg
MobileNetV2,A,A,True,True,True,0.7275,True,data\A\frame_0011.jpg
MobileNetV2,A,A,True,True,True,0.655,True,data\A\frame_0012.jpg
MobileNetV2,A,A,True,True,True,0.655,True,data\A\frame_0013.jpg
MobileNetV2,A,A,True,True,True,0.7416,True,data\A\frame_0014.jpg
MobileNetV2,A,A,True,True,True,0.6879,True,data\A\frame_0015.jpg
MobileNetV2,A,A,True,True,True,0.7421,True,data\A\frame_0016.jpg
MobileNetV2,A,A,True,True,True,0.7421,True,data\A\frame_0017.jpg
MobileNetV2,A,A,True,True,True,0.6573,True,data\A\frame_0018.jpg
MobileNetV2,A,A,True,True,True,0.7147,True,data\A\frame_0019.jpg
MobileNetV2,A,A,True,True,True,0.7147,True,data\A\frame_0020.jpg
MobileNetV2,A,A,True,True,True,0.6851,True,data\A\frame_0021.jpg
MobileNetV2,A,A,True,True,True,0.6906,True,data\A\frame_0022.jpg
MobileNetV2,A,A,True,True,True,0.6906,True,data\A\frame_0023.jpg
MobileNetV2,A,A,True,True,True,0.6341,True,data\A\frame_0024.jpg
MobileNetV2,A,A,True,True,True,0.6341,True,data\A\frame_0025.jpg
MobileNetV2,A,A,True,True,True,0.6413,True,data\A\frame_0026.jpg
MobileNetV2,A,A,True,True,True,0.6621,True,data\A\frame_0027.jpg
MobileNetV2,A,A,True,True,True,0.5611,True,data\A\frame_0028.jpg
MobileNetV2,A,A,True,True,True,0.5611,True,data\A\frame_0029.jpg
MobileNetV2,A,A,True,True,True,0.6203,True,data\A\frame_0030.jpg
MobileNetV2,A,A,True,True,True,0.6726,True,data\A\frame_0031.jpg
MobileNetV2,A,A,True,True,True,0.6726,True,data\A\frame_0032.jpg
MobileNetV2,A,A,True,True,True,0.6415,True,data\A\frame_0033.jpg
MobileNetV2,A,A,True,True,True,0.6415,True,data\A\frame_0034.jpg
MobileNetV2,A,A,True,True,True,0.5604,True,data\A\frame_0035.jpg
MobileNetV2,A,A,True,True,True,0.6932,True,data\A\frame_0036.jpg
MobileNetV2,A,A,True,True,True,0.6932,True,data\A\frame_0037.jpg
MobileNetV2,A,A,True,True,True,0.6741,True,data\A\frame_0038.jpg
MobileNetV2,A,A,True,True,True,0.7149,True,data\A\frame_0039.jpg
MobileNetV2,A,A,True,True,True,0.6786,True,data\A\frame_0040.jpg
MobileNetV2,A,A,True,True,True,0.6786,True,data\A\frame_0041.jpg
MobileNetV2,A,A,True,True,True,0.688,True,data\A\frame_0042.jpg
MobileNetV2,A,A,True,True,True,0.6447,True,data\A\frame_0043.jpg
MobileNetV2,A,A,True,True,True,0.6447,True,data\A\frame_0044.jpg
MobileNetV2,A,A,True,True,True,0.6573,True,data\A\frame_0045.jpg
MobileNetV2,A,A,True,True,True,0.6573,True,data\A\frame_0046.jpg
MobileNetV2,A,A,True,True,True,0.6373,True,data\A\frame_0047.jpg
MobileNetV2,A,A,True,True,True,0.6721,True,data\A\frame_0048.jpg
MobileNetV2,A,A,True,True,True,0.6721,True,data\A\frame_0049.jpg
MobileNetV2,A,A,True,True,True,0.6176,True,data\A\frame_0050.jpg
MobileNetV2,A,A,True,True,True,0.6768,True,data\A\frame_0051.jpg
MobileNetV2,A,A,True,True,True,0.686,True,data\A\frame_0052.jpg
MobileNetV2,A,A,True,True,True,0.686,True,data\A\frame_0053.jpg
MobileNetV2,A,A,True,True,True,0.6981,True,data\A\frame_0054.jpg
MobileNetV2,A,A,True,True,True,0.7194,True,data\A\frame_0055.jpg
MobileNetV2,A,A,True,True,True,0.7194,True,data\A\frame_0056.jpg
MobileNetV2,A,A,True,True,True,0.7103,True,data\A\frame_0057.jpg
MobileNetV2,A,A,True,True,True,0.7103,True,data\A\frame_0058.jpg
MobileNetV2,A,A,True,True,True,0.7439,True,data\A\frame_0059.jpg
MobileNetV2,A,A,True,True,True,0.6979,True,data\A\frame_0060.jpg
MobileNetV2,A,A,True,True,True,0.6979,True,data\A\frame_0061.jpg
MobileNetV2,A,A,True,True,True,0.6907,True,data\A\frame_0062.jpg
MobileNetV2,A,A,True,True,True,0.6724,True,data\A\frame_0063.jpg
MobileNetV2,A,A,True,True,True,0.7058,True,data\A\frame_0064.jpg
MobileNetV2,A,A,True,True,True,0.7058,True,data\A\frame_0065.jpg
MobileNetV2,A,A,True,True,True,0.773,True,data\A\frame_0066.jpg
MobileNetV2,A,A,True,True,True,0.6768,True,data\A\frame_0067.jpg
MobileNetV2,A,A,True,True,True,0.6768,True,data\A\frame_0068.jpg
MobileNetV2,A,A,True,True,True,0.7095,True,data\A\frame_0069.jpg
MobileNetV2,A,A,True,True,True,0.7095,True,data\A\frame_0070.jpg
MobileNetV2,A,A,True,True,True,0.6886,True,data\A\frame_0071.jpg
MobileNetV2,A,A,True,True,True,0.7286,True,data\A\frame_0072.jpg
MobileNetV2,A,A,True,True,True,0.7286,True,data\A\frame_0073.jpg
MobileNetV2,A,A,True,True,True,0.7013,True,data\A\frame_0074.jpg
MobileNetV2,A,A,True,True,True,0.7505,True,data\A\frame_0075.jpg
MobileNetV2,A,A,True,True,True,0.7142,True,data\A\frame_0076.jpg
MobileNetV2,A,A,True,True,True,0.7142,True,data\A\frame_0077.jpg
MobileNetV2,A,A,True,True,True,0.6531,True,data\A\frame_0078.jpg
MobileNetV2,A,A,True,True,True,0.6931,True,data\A\frame_0079.jpg
MobileNetV2,A,A,True,True,True,0.6931,True,data\A\frame_0080.jpg
MobileNetV2,A,A,True,True,True,0.6602,True,data\A\frame_0081.jpg
MobileNetV2,A,A,True,True,True,0.6602,True,data\A\frame_0082.jpg
MobileNetV2,A,A,True,True,True,0.6389,True,data\A\frame_0083.jpg
MobileNetV2,A,A,True,True,True,0.76,True,data\A\frame_0084.jpg
MobileNetV2,A,A,True,True,True,0.76,True,data\A\frame_0085.jpg
MobileNetV2,A,A,True,True,True,0.7585,True,data\A\frame_0086.jpg
MobileNetV2,A,A,True,True,True,0.7572,True,data\A\frame_0087.jpg
MobileNetV2,A,A,True,True,True,0.7502,True,data\A\frame_0088.jpg
MobileNetV2,A,A,True,True,True,0.7502,True,data\A\frame_0089.jpg
MobileNetV2,A,A,True,True,True,0.7347,True,data\A\frame_0090.jpg
MobileNetV2,A,A,True,True,True,0.7347,True,data\A\frame_0091.jpg
MobileNetV2,A,A,True,True,True,0.6664,True,data\A\frame_0092.jpg
MobileNetV2,A,A,True,True,True,0.7201,True,data\A\frame_0093.jpg
MobileNetV2,A,A,True,True,True,0.7201,True,data\A\frame_0094.jpg
MobileNetV2,A,A,True,True,True,0.6861,True,data\A\frame_0095.jpg
MobileNetV2,A,A,True,True,True,0.7224,True,data\A\frame_0096.jpg
MobileNetV2,A,A,True,True,True,0.7224,True,data\A\frame_0097.jpg
MobileNetV2,A,A,True,True,True,0.7148,True,data\A\frame_0098.jpg
MobileNetV2,A,A,True,True,True,0.6451,True,data\A\frame_0099.jpg
MobileNetV2,A,A,True,True,True,0.6679,True,data\A\frame_0100.jpg
MobileNetV2,A,A,True,True,True,0.6679,True,data\A\frame_0101.jpg
MobileNetV2,A,A,True,True,True,0.6513,True,data\A\frame_0102.jpg
MobileNetV2,A,A,True,True,True,0.6513,True,data\A\frame_0103.jpg
MobileNetV2,A,A,True,True,True,0.5929,True,data\A\frame_0104.jpg
MobileNetV2,A,A,True,True,True,0.6432,True,data\A\frame_0105.jpg
MobileNetV2,A,A,True,True,True,0.6432,True,data\A\frame_0106.jpg
MobileNetV2,A,A,True,True,True,0.6534,True,data\A\frame_0107.jpg
MobileNetV2,A,A,True,True,True,0.643,True,data\A\frame_0108.jpg
MobileNetV2,A,A,True,True,True,0.643,True,data\A\frame_0109.jpg
MobileNetV2,A,A,True,True,True,0.6219,True,data\A\frame_0110.jpg
MobileNetV2,A,A,True,True,True,0.5701,True,data\A\frame_0111.jpg
MobileNetV2,A,A,True,True,True,0.5948,True,data\A\frame_0112.jpg
MobileNetV2,A,A,True,True,True,0.5948,True,data\A\frame_0113.jpg
MobileNetV2,A,A,True,True,True,0.6044,True,data\A\frame_0114.jpg
MobileNetV2,A,A,True,True,True,0.6044,True,data\A\frame_0115.jpg
MobileNetV2,A,A,True,True,True,0.5461,True,data\A\frame_0116.jpg
MobileNetV2,A,A,True,True,True,0.5875,True,data\A\frame_0117.jpg
MobileNetV2,A,A,True,True,True,0.5875,True,data\A\frame_0118.jpg
MobileNetV2,A,A,True,True,True,0.6447,True,data\A\frame_0119.jpg
MobileNetV2,A,A,True,True,True,0.5421,True,data\A\frame_0120.jpg
MobileNetV2,A,A,True,True,True,0.5421,True,data\A\frame_0121.jpg
MobileNetV2,A,A,True,True,True,0.6033,True,data\A\frame_0122.jpg
MobileNetV2,A,A,True,True,True,0.6516,True,data\A\frame_0123.jpg
MobileNetV2,A,A,True,True,True,0.586,True,data\A\frame_0124.jpg
MobileNetV2,A,A,True,True,True,0.586,True,data\A\frame_0125.jpg
MobileNetV2,A,A,True,True,True,0.6313,True,data\A\frame_0126.jpg
MobileNetV2,A,A,True,True,True,0.6313,True,data\A\frame_0127.jpg
MobileNetV2,A,A,True,True,True,0.5664,True,data\A\frame_0128.jpg
MobileNetV2,A,A,True,True,True,0.6352,True,data\A\frame_0129.jpg
MobileNetV2,A,A,True,True,True,0.6352,True,data\A\frame_0130.jpg
MobileNetV2,A,A,True,True,True,0.5876,True,data\A\frame_0131.jpg
MobileNetV2,A,A,True,True,True,0.5536,True,data\A\frame_0132.jpg
MobileNetV2,A,A,True,True,True,0.5536,True,data\A\frame_0133.jpg
MobileNetV2,A,A,True,True,True,0.6298,True,data\A\frame_0134.jpg
MobileNetV2,A,A,True,True,True,0.6116,True,data\A\frame_0135.jpg
MobileNetV2,A,A,True,True,True,0.6116,True,data\A\frame_0136.jpg
MobileNetV2,A,A,True,True,True,0.5917,True,data\A\frame_0137.jpg
MobileNetV2,A,A,True,True,True,0.6147,True,data\A\frame_0138.jpg
MobileNetV2,A,A,True,True,True,0.6147,True,data\A\frame_0139.jpg
MobileNetV2,A,A,True,True,True,0.5912,True,data\A\frame_0140.jpg
MobileNetV2,A,A,True,True,True,0.5561,True,data\A\frame_0141.jpg
MobileNetV2,A,A,True,True,True,0.5561,True,data\A\frame_0142.jpg
MobileNetV2,A,A,True,True,True,0.647,True,data\A\frame_0143.jpg
MobileNetV2,A,A,True,True,True,0.6343,True,data\A\frame_0144.jpg
MobileNetV2,A,A,True,True,True,0.6343,True,data\A\frame_0145.jpg
MobileNetV2,A,A,True,True,True,0.6674,True,data\A\frame_0146.jpg
MobileNetV2,A,A,True,True,True,0.6593,True,data\A\frame_0147.jpg
MobileNetV2,A,A,True,True,True,0.6593,True,data\A\frame_0148.jpg
MobileNetV2,A,A,True,True,True,0.6439,True,data\A\frame_0149.jpg
MobileNetV2,A,A,True,True,True,0.7016,True,data\A\frame_0150.jpg
MobileNetV2,B,B,True,True,True,0.3863,True,data\B\frame_0001.jpg
MobileNetV2,B,B,True,True,True,0.3994,True,data\B\frame_0002.jpg
MobileNetV2,B,B,True,True,True,0.3798,True,data\B\frame_0003.jpg
MobileNetV2,B,B,True,True,True,0.4276,True,data\B\frame_0004.jpg
MobileNetV2,B,B,True,True,True,0.4405,True,data\B\frame_0005.jpg
MobileNetV2,B,B,True,True,True,0.3576,True,data\B\frame_0006.jpg
MobileNetV2,B,B,True,True,True,0.3601,True,data\B\frame_0007.jpg
MobileNetV2,B,B,True,True,True,0.4943,True,data\B\frame_0008.jpg
MobileNetV2,B,B,True,True,True,0.5468,True,data\B\frame_0009.jpg
MobileNetV2,B,B,True,True,True,0.4889,True,data\B\frame_0010.jpg
MobileNetV2,B,B,True,True,True,0.5576,True,data\B\frame_0011.jpg
MobileNetV2,B,B,True,True,True,0.4868,True,data\B\frame_0012.jpg
MobileNetV2,B,B,True,True,True,0.5635,True,data\B\frame_0013.jpg
MobileNetV2,B,B,True,True,True,0.4779,True,data\B\frame_0014.jpg
MobileNetV2,B,B,True,True,True,0.509,True,data\B\frame_0015.jpg
MobileNetV2,B,B,True,True,True,0.5275,True,data\B\frame_0016.jpg
MobileNetV2,B,B,True,True,True,0.4826,True,data\B\frame_0017.jpg
MobileNetV2,B,B,True,True,True,0.4574,True,data\B\frame_0018.jpg
MobileNetV2,B,B,True,True,True,0.4162,True,data\B\frame_0019.jpg
MobileNetV2,B,B,True,True,True,0.4247,True,data\B\frame_0020.jpg
MobileNetV2,B,B,True,True,True,0.432,True,data\B\frame_0021.jpg
MobileNetV2,B,B,True,True,True,0.3913,True,data\B\frame_0022.jpg
MobileNetV2,B,B,True,True,True,0.3029,True,data\B\frame_0023.jpg
MobileNetV2,B,B,True,True,True,0.2591,True,data\B\frame_0024.jpg
MobileNetV2,B,B,True,True,True,0.2518,True,data\B\frame_0025.jpg
MobileNetV2,B,B,True,True,True,0.1508,True,data\B\frame_0026.jpg
MobileNetV2,B,B,True,True,True,0.28,True,data\B\frame_0027.jpg
MobileNetV2,B,T,False,True,True,0.1412,True,data\B\frame_0028.jpg
MobileNetV2,B,B,True,True,True,0.2709,True,data\B\frame_0029.jpg
MobileNetV2,B,B,True,True,True,0.2073,True,data\B\frame_0030.jpg
MobileNetV2,B,B,True,True,True,0.2993,True,data\B\frame_0031.jpg
MobileNetV2,B,B,True,True,True,0.1929,True,data\B\frame_0032.jpg
MobileNetV2,B,B,True,True,True,0.211,True,data\B\frame_0033.jpg
MobileNetV2,B,B,True,True,True,0.2257,True,data\B\frame_0034.jpg
MobileNetV2,B,B,True,True,True,0.2252,True,data\B\frame_0035.jpg
MobileNetV2,B,B,True,True,True,0.18,True,data\B\frame_0036.jpg
MobileNetV2,B,B,True,True,True,0.2193,True,data\B\frame_0037.jpg
MobileNetV2,B,B,True,True,True,0.1943,True,data\B\frame_0038.jpg
MobileNetV2,B,B,True,True,True,0.2142,True,data\B\frame_0039.jpg
MobileNetV2,B,B,True,True,True,0.2069,True,data\B\frame_0040.jpg
MobileNetV2,B,B,True,True,True,0.1655,True,data\B\frame_0041.jpg
MobileNetV2,B,B,True,True,True,0.1887,True,data\B\frame_0042.jpg
MobileNetV2,B,B,True,True,True,0.2027,True,data\B\frame_0043.jpg
MobileNetV2,B,B,True,True,True,0.1817,True,data\B\frame_0044.jpg
MobileNetV2,B,B,True,True,True,0.2362,True,data\B\frame_0045.jpg
MobileNetV2,B,B,True,True,True,0.2487,True,data\B\frame_0046.jpg
MobileNetV2,B,B,True,True,True,0.263,True,data\B\frame_0047.jpg
MobileNetV2,B,B,True,True,True,0.3502,True,data\B\frame_0048.jpg
MobileNetV2,B,B,True,True,True,0.3556,True,data\B\frame_0049.jpg
MobileNetV2,B,B,True,True,True,0.3575,True,data\B\frame_0050.jpg
MobileNetV2,B,B,True,True,True,0.376,True,data\B\frame_0051.jpg
MobileNetV2,B,B,True,True,True,0.374,True,data\B\frame_0052.jpg
MobileNetV2,B,B,True,True,True,0.4556,True,data\B\frame_0053.jpg
MobileNetV2,B,B,True,True,True,0.4562,True,data\B\frame_0054.jpg
MobileNetV2,B,B,True,True,True,0.5153,True,data\B\frame_0055.jpg
MobileNetV2,B,B,True,True,True,0.4891,True,data\B\frame_0056.jpg
MobileNetV2,B,B,True,True,True,0.3454,True,data\B\frame_0057.jpg
MobileNetV2,B,B,True,True,True,0.3327,True,data\B\frame_0058.jpg
MobileNetV2,B,B,True,True,True,0.3642,True,data\B\frame_0059.jpg
MobileNetV2,B,B,True,True,True,0.3396,True,data\B\frame_0060.jpg
MobileNetV2,B,B,True,True,True,0.4564,True,data\B\frame_0061.jpg
MobileNetV2,B,B,True,True,True,0.3807,True,data\B\frame_0062.jpg
MobileNetV2,B,B,True,True,True,0.6152,True,data\B\frame_0063.jpg
MobileNetV2,B,B,True,True,True,0.4091,True,data\B\frame_0064.jpg
MobileNetV2,B,B,True,True,True,0.495,True,data\B\frame_0065.jpg
MobileNetV2,B,B,True,True,True,0.4552,True,data\B\frame_0066.jpg
MobileNetV2,B,B,True,True,True,0.4979,True,data\B\frame_0067.jpg
MobileNetV2,B,B,True,True,True,0.4523,True,data\B\frame_0068.jpg
MobileNetV2,B,B,True,True,True,0.4027,True,data\B\frame_0069.jpg
MobileNetV2,B,B,True,True,True,0.4515,True,data\B\frame_0070.jpg
MobileNetV2,B,B,True,True,True,0.473,True,data\B\frame_0071.jpg
MobileNetV2,B,B,True,True,True,0.4649,True,data\B\frame_0072.jpg
MobileNetV2,B,B,True,True,True,0.4492,True,data\B\frame_0073.jpg
MobileNetV2,B,B,True,True,True,0.4027,True,data\B\frame_0074.jpg
MobileNetV2,B,B,True,True,True,0.4636,True,data\B\frame_0075.jpg
MobileNetV2,B,B,True,True,True,0.5163,True,data\B\frame_0076.jpg
MobileNetV2,B,B,True,True,True,0.4951,True,data\B\frame_0077.jpg
MobileNetV2,B,B,True,True,True,0.3681,True,data\B\frame_0078.jpg
MobileNetV2,B,B,True,True,True,0.4252,True,data\B\frame_0079.jpg
MobileNetV2,B,B,True,True,True,0.5355,True,data\B\frame_0080.jpg
MobileNetV2,B,B,True,True,True,0.5072,True,data\B\frame_0081.jpg
MobileNetV2,B,B,True,True,True,0.4376,True,data\B\frame_0082.jpg
MobileNetV2,B,B,True,True,True,0.5041,True,data\B\frame_0083.jpg
MobileNetV2,B,B,True,True,True,0.3824,True,data\B\frame_0084.jpg
MobileNetV2,B,B,True,True,True,0.4833,True,data\B\frame_0085.jpg
MobileNetV2,B,B,True,True,True,0.386,True,data\B\frame_0086.jpg
MobileNetV2,B,B,True,True,True,0.4653,True,data\B\frame_0087.jpg
MobileNetV2,B,B,True,True,True,0.4815,True,data\B\frame_0088.jpg
MobileNetV2,B,B,True,True,True,0.4748,True,data\B\frame_0089.jpg
MobileNetV2,B,B,True,True,True,0.4746,True,data\B\frame_0090.jpg
MobileNetV2,B,B,True,True,True,0.427,True,data\B\frame_0091.jpg
MobileNetV2,B,B,True,True,True,0.5225,True,data\B\frame_0092.jpg
MobileNetV2,B,B,True,True,True,0.4503,True,data\B\frame_0093.jpg
MobileNetV2,B,B,True,True,True,0.3595,True,data\B\frame_0094.jpg
MobileNetV2,B,B,True,True,True,0.3911,True,data\B\frame_0095.jpg
MobileNetV2,B,B,True,True,True,0.4964,True,data\B\frame_0096.jpg
MobileNetV2,B,B,True,True,True,0.495,True,data\B\frame_0097.jpg
MobileNetV2,B,B,True,True,True,0.448,True,data\B\frame_0098.jpg
MobileNetV2,B,B,True,True,True,0.4896,True,data\B\frame_0099.jpg
MobileNetV2,B,B,True,True,True,0.2529,True,data\B\frame_0100.jpg
MobileNetV2,B,B,True,True,True,0.4465,True,data\B\frame_0101.jpg
MobileNetV2,B,B,True,True,True,0.4763,True,data\B\frame_0102.jpg
MobileNetV2,B,B,True,True,True,0.4851,True,data\B\frame_0103.jpg
MobileNetV2,B,B,True,True,True,0.5231,True,data\B\frame_0104.jpg
MobileNetV2,B,B,True,True,True,0.402,True,data\B\frame_0105.jpg
MobileNetV2,B,B,True,True,True,0.3902,True,data\B\frame_0106.jpg
MobileNetV2,B,B,True,True,True,0.4487,True,data\B\frame_0107.jpg
MobileNetV2,B,B,True,True,True,0.5264,True,data\B\frame_0108.jpg
MobileNetV2,B,B,True,True,True,0.5042,True,data\B\frame_0109.jpg
MobileNetV2,B,B,True,True,True,0.4787,True,data\B\frame_0110.jpg
MobileNetV2,B,B,True,True,True,0.4282,True,data\B\frame_0111.jpg
MobileNetV2,B,B,True,True,True,0.5797,True,data\B\frame_0112.jpg
MobileNetV2,B,B,True,True,True,0.591,True,data\B\frame_0113.jpg
MobileNetV2,B,B,True,True,True,0.6261,True,data\B\frame_0114.jpg
MobileNetV2,B,B,True,True,True,0.4094,True,data\B\frame_0115.jpg
MobileNetV2,B,B,True,True,True,0.5203,True,data\B\frame_0116.jpg
MobileNetV2,B,B,True,True,True,0.5399,True,data\B\frame_0117.jpg
MobileNetV2,B,B,True,True,True,0.5309,True,data\B\frame_0118.jpg
MobileNetV2,B,B,True,True,True,0.573,True,data\B\frame_0119.jpg
MobileNetV2,B,B,True,True,True,0.4793,True,data\B\frame_0120.jpg
MobileNetV2,B,B,True,True,True,0.5256,True,data\B\frame_0121.jpg
MobileNetV2,B,B,True,True,True,0.4976,True,data\B\frame_0122.jpg
MobileNetV2,B,B,True,True,True,0.6159,True,data\B\frame_0123.jpg
MobileNetV2,B,B,True,True,True,0.529,True,data\B\frame_0124.jpg
MobileNetV2,B,B,True,True,True,0.6106,True,data\B\frame_0125.jpg
MobileNetV2,B,B,True,True,True,0.5521,True,data\B\frame_0126.jpg
MobileNetV2,B,B,True,True,True,0.4162,True,data\B\frame_0127.jpg
MobileNetV2,B,B,True,True,True,0.5907,True,data\B\frame_0128.jpg
MobileNetV2,B,B,True,True,True,0.3463,True,data\B\frame_0129.jpg
MobileNetV2,B,B,True,True,True,0.436,True,data\B\frame_0130.jpg
MobileNetV2,B,B,True,True,True,0.4732,True,data\B\frame_0131.jpg
MobileNetV2,B,B,True,True,True,0.4612,True,data\B\frame_0132.jpg
MobileNetV2,B,B,True,True,True,0.4729,True,data\B\frame_0133.jpg
MobileNetV2,B,B,True,True,True,0.4664,True,data\B\frame_0134.jpg
MobileNetV2,B,B,True,True,True,0.3764,True,data\B\frame_0135.jpg
MobileNetV2,B,B,True,True,True,0.3773,True,data\B\frame_0136.jpg
MobileNetV2,B,B,True,True,True,0.3847,True,data\B\frame_0137.jpg
MobileNetV2,B,B,True,True,True,0.4331,True,data\B\frame_0138.jpg
MobileNetV2,B,B,True,True,True,0.5009,True,data\B\frame_0139.jpg
MobileNetV2,B,B,True,True,True,0.379,True,data\B\frame_0140.jpg
MobileNetV2,B,B,True,True,True,0.3272,True,data\B\frame_0141.jpg
MobileNetV2,B,B,True,True,True,0.3453,True,data\B\frame_0142.jpg
MobileNetV2,B,B,True,True,True,0.411,True,data\B\frame_0143.jpg
MobileNetV2,B,B,True,True,True,0.4846,True,data\B\frame_0144.jpg
MobileNetV2,B,B,True,True,True,0.5276,True,data\B\frame_0145.jpg
MobileNetV2,B,B,True,True,True,0.3485,True,data\B\frame_0146.jpg
MobileNetV2,B,B,True,True,True,0.3956,True,data\B\frame_0147.jpg
MobileNetV2,B,B,True,True,True,0.4738,True,data\B\frame_0148.jpg
MobileNetV2,B,B,True,True,True,0.5285,True,data\B\frame_0149.jpg
MobileNetV2,B,B,True,True,True,0.5576,True,data\B\frame_0150.jpg
MobileNetV2,C,C,True,True,True,0.8431,True,data\C\frame_0001.jpg
MobileNetV2,C,C,True,True,True,0.8196,True,data\C\frame_0002.jpg
MobileNetV2,C,C,True,True,True,0.8689,True,data\C\frame_0003.jpg
MobileNetV2,C,C,True,True,True,0.8636,True,data\C\frame_0004.jpg
MobileNetV2,C,C,True,True,True,0.8649,True,data\C\frame_0005.jpg
MobileNetV2,C,C,True,True,True,0.8464,True,data\C\frame_0006.jpg
MobileNetV2,C,C,True,True,True,0.8389,True,data\C\frame_0007.jpg
MobileNetV2,C,C,True,True,True,0.8822,True,data\C\frame_0008.jpg
MobileNetV2,C,C,True,True,True,0.8659,True,data\C\frame_0009.jpg
MobileNetV2,C,C,True,True,True,0.8267,True,data\C\frame_0010.jpg
MobileNetV2,C,C,True,True,True,0.8572,True,data\C\frame_0011.jpg
MobileNetV2,C,C,True,True,True,0.8572,True,data\C\frame_0012.jpg
MobileNetV2,C,C,True,True,True,0.7487,True,data\C\frame_0013.jpg
MobileNetV2,C,C,True,True,True,0.8594,True,data\C\frame_0014.jpg
MobileNetV2,C,C,True,True,True,0.8428,True,data\C\frame_0015.jpg
MobileNetV2,C,C,True,True,True,0.8627,True,data\C\frame_0016.jpg
MobileNetV2,C,C,True,True,True,0.8876,True,data\C\frame_0017.jpg
MobileNetV2,C,C,True,True,True,0.8687,True,data\C\frame_0018.jpg
MobileNetV2,C,C,True,True,True,0.8692,True,data\C\frame_0019.jpg
MobileNetV2,C,C,True,True,True,0.9045,True,data\C\frame_0020.jpg
MobileNetV2,C,C,True,True,True,0.8718,True,data\C\frame_0021.jpg
MobileNetV2,C,C,True,True,True,0.8896,True,data\C\frame_0022.jpg
MobileNetV2,C,C,True,True,True,0.8896,True,data\C\frame_0023.jpg
MobileNetV2,C,C,True,True,True,0.8854,True,data\C\frame_0024.jpg
MobileNetV2,C,C,True,True,True,0.8631,True,data\C\frame_0025.jpg
MobileNetV2,C,C,True,True,True,0.8676,True,data\C\frame_0026.jpg
MobileNetV2,C,C,True,True,True,0.8472,True,data\C\frame_0027.jpg
MobileNetV2,C,C,True,True,True,0.8716,True,data\C\frame_0028.jpg
MobileNetV2,C,C,True,True,True,0.8493,True,data\C\frame_0029.jpg
MobileNetV2,C,C,True,True,True,0.8615,True,data\C\frame_0030.jpg
MobileNetV2,C,C,True,True,True,0.8259,True,data\C\frame_0031.jpg
MobileNetV2,C,C,True,True,True,0.8494,True,data\C\frame_0032.jpg
MobileNetV2,C,C,True,True,True,0.8209,True,data\C\frame_0033.jpg
MobileNetV2,C,C,True,True,True,0.8209,True,data\C\frame_0034.jpg
MobileNetV2,C,C,True,True,True,0.8257,True,data\C\frame_0035.jpg
MobileNetV2,C,C,True,True,True,0.836,True,data\C\frame_0036.jpg
MobileNetV2,C,C,True,True,True,0.8399,True,data\C\frame_0037.jpg
MobileNetV2,C,C,True,True,True,0.8354,True,data\C\frame_0038.jpg
MobileNetV2,C,C,True,True,True,0.8368,True,data\C\frame_0039.jpg
MobileNetV2,C,C,True,True,True,0.8125,True,data\C\frame_0040.jpg
MobileNetV2,C,C,True,True,True,0.7973,True,data\C\frame_0041.jpg
MobileNetV2,C,C,True,True,True,0.7997,True,data\C\frame_0042.jpg
MobileNetV2,C,C,True,True,True,0.801,True,data\C\frame_0043.jpg
MobileNetV2,C,C,True,True,True,0.7214,True,data\C\frame_0044.jpg
MobileNetV2,C,C,True,True,True,0.7214,True,data\C\frame_0045.jpg
MobileNetV2,C,C,True,True,True,0.7728,True,data\C\frame_0046.jpg
MobileNetV2,C,C,True,True,True,0.7716,True,data\C\frame_0047.jpg
MobileNetV2,C,C,True,True,True,0.7621,True,data\C\frame_0048.jpg
MobileNetV2,C,C,True,True,True,0.7902,True,data\C\frame_0049.jpg
MobileNetV2,C,C,True,True,True,0.8285,True,data\C\frame_0050.jpg
MobileNetV2,C,C,True,True,True,0.7611,True,data\C\frame_0051.jpg
MobileNetV2,C,C,True,True,True,0.7855,True,data\C\frame_0052.jpg
MobileNetV2,C,C,True,True,True,0.8063,True,data\C\frame_0053.jpg
MobileNetV2,C,C,True,True,True,0.8002,True,data\C\frame_0054.jpg
MobileNetV2,C,C,True,True,True,0.7763,True,data\C\frame_0055.jpg
MobileNetV2,C,C,True,True,True,0.7763,True,data\C\frame_0056.jpg
MobileNetV2,C,C,True,True,True,0.8068,True,data\C\frame_0057.jpg
MobileNetV2,C,C,True,True,True,0.7933,True,data\C\frame_0058.jpg
MobileNetV2,C,C,True,True,True,0.8007,True,data\C\frame_0059.jpg
MobileNetV2,C,C,True,True,True,0.7911,True,data\C\frame_0060.jpg
MobileNetV2,C,C,True,True,True,0.7687,True,data\C\frame_0061.jpg
MobileNetV2,C,C,True,True,True,0.7855,True,data\C\frame_0062.jpg
MobileNetV2,C,C,True,True,True,0.7682,True,data\C\frame_0063.jpg
MobileNetV2,C,C,True,True,True,0.8458,True,data\C\frame_0064.jpg
MobileNetV2,C,C,True,True,True,0.8547,True,data\C\frame_0065.jpg
MobileNetV2,C,C,True,True,True,0.8513,True,data\C\frame_0066.jpg
MobileNetV2,C,C,True,True,True,0.8513,True,data\C\frame_0067.jpg
MobileNetV2,C,C,True,True,True,0.855,True,data\C\frame_0068.jpg
MobileNetV2,C,C,True,True,True,0.8329,True,data\C\frame_0069.jpg
MobileNetV2,C,C,True,True,True,0.787,True,data\C\frame_0070.jpg
MobileNetV2,C,C,True,True,True,0.838,True,data\C\frame_0071.jpg
MobileNetV2,C,C,True,True,True,0.8103,True,data\C\frame_0072.jpg
MobileNetV2,C,C,True,True,True,0.8205,True,data\C\frame_0073.jpg
MobileNetV2,C,C,True,True,True,0.8659,True,data\C\frame_0074.jpg
MobileNetV2,C,C,True,True,True,0.8195,True,data\C\frame_0075.jpg
MobileNetV2,C,C,True,True,True,0.8426,True,data\C\frame_0076.jpg
MobileNetV2,C,C,True,True,True,0.8426,True,data\C\frame_0077.jpg
MobileNetV2,C,C,True,True,True,0.8417,True,data\C\frame_0078.jpg
MobileNetV2,C,C,True,True,True,0.8796,True,data\C\frame_0079.jpg
MobileNetV2,C,C,True,True,True,0.8705,True,data\C\frame_0080.jpg
MobileNetV2,C,C,True,True,True,0.8284,True,data\C\frame_0081.jpg
MobileNetV2,C,C,True,True,True,0.7941,True,data\C\frame_0082.jpg
MobileNetV2,C,C,True,True,True,0.8339,True,data\C\frame_0083.jpg
MobileNetV2,C,C,True,True,True,0.8211,True,data\C\frame_0084.jpg
MobileNetV2,C,C,True,True,True,0.7961,True,data\C\frame_0085.jpg
MobileNetV2,C,C,True,True,True,0.8207,True,data\C\frame_0086.jpg
MobileNetV2,C,C,True,True,True,0.8374,True,data\C\frame_0087.jpg
MobileNetV2,C,C,True,True,True,0.8374,True,data\C\frame_0088.jpg
MobileNetV2,C,C,True,True,True,0.85,True,data\C\frame_0089.jpg
MobileNetV2,C,C,True,True,True,0.8161,True,data\C\frame_0090.jpg
MobileNetV2,C,C,True,True,True,0.8492,True,data\C\frame_0091.jpg
MobileNetV2,C,C,True,True,True,0.7728,True,data\C\frame_0092.jpg
MobileNetV2,C,C,True,True,True,0.78,True,data\C\frame_0093.jpg
MobileNetV2,C,C,True,True,True,0.843,True,data\C\frame_0094.jpg
MobileNetV2,C,C,True,True,True,0.7675,True,data\C\frame_0095.jpg
MobileNetV2,C,C,True,True,True,0.8436,True,data\C\frame_0096.jpg
MobileNetV2,C,C,True,True,True,0.8568,True,data\C\frame_0097.jpg
MobileNetV2,C,C,True,True,True,0.8417,True,data\C\frame_0098.jpg
MobileNetV2,C,C,True,True,True,0.8472,True,data\C\frame_0099.jpg
MobileNetV2,C,C,True,True,True,0.8463,True,data\C\frame_0100.jpg
MobileNetV2,C,C,True,True,True,0.842,True,data\C\frame_0101.jpg
MobileNetV2,C,C,True,True,True,0.8261,True,data\C\frame_0102.jpg
MobileNetV2,C,C,True,True,True,0.8054,True,data\C\frame_0103.jpg
MobileNetV2,C,C,True,True,True,0.7903,True,data\C\frame_0104.jpg
MobileNetV2,C,C,True,True,True,0.8357,True,data\C\frame_0105.jpg
MobileNetV2,C,C,True,True,True,0.784,True,data\C\frame_0106.jpg
MobileNetV2,C,C,True,True,True,0.7734,True,data\C\frame_0107.jpg
MobileNetV2,C,C,True,True,True,0.7119,True,data\C\frame_0108.jpg
MobileNetV2,C,C,True,True,True,0.8057,True,data\C\frame_0109.jpg
MobileNetV2,C,C,True,True,True,0.839,True,data\C\frame_0110.jpg
MobileNetV2,C,C,True,True,True,0.8185,True,data\C\frame_0111.jpg
MobileNetV2,C,C,True,True,True,0.7274,True,data\C\frame_0112.jpg
MobileNetV2,C,C,True,True,True,0.6385,True,data\C\frame_0113.jpg
MobileNetV2,C,O,False,True,True,0.3538,True,data\C\frame_0114.jpg
MobileNetV2,C,C,True,True,True,0.7546,True,data\C\frame_0115.jpg
MobileNetV2,C,C,True,True,True,0.7006,True,data\C\frame_0116.jpg
MobileNetV2,C,C,True,True,True,0.6974,True,data\C\frame_0117.jpg
MobileNetV2,C,C,True,True,True,0.7717,True,data\C\frame_0118.jpg
MobileNetV2,C,C,True,True,True,0.6795,True,data\C\frame_0119.jpg
MobileNetV2,C,C,True,True,True,0.5448,True,data\C\frame_0120.jpg
MobileNetV2,C,C,True,True,True,0.6826,True,data\C\frame_0121.jpg
MobileNetV2,C,C,True,True,True,0.7371,True,data\C\frame_0122.jpg
MobileNetV2,C,C,True,True,True,0.6355,True,data\C\frame_0123.jpg
MobileNetV2,C,C,True,True,True,0.7295,True,data\C\frame_0124.jpg
MobileNetV2,C,C,True,True,True,0.7051,True,data\C\frame_0125.jpg
MobileNetV2,C,C,True,True,True,0.7167,True,data\C\frame_0126.jpg
MobileNetV2,C,C,True,True,True,0.8188,True,data\C\frame_0127.jpg
MobileNetV2,C,C,True,True,True,0.7169,True,data\C\frame_0128.jpg
MobileNetV2,C,C,True,True,True,0.7544,True,data\C\frame_0129.jpg
MobileNetV2,C,C,True,True,True,0.7717,True,data\C\frame_0130.jpg
MobileNetV2,C,C,True,True,True,0.7203,True,data\C\frame_0131.jpg
MobileNetV2,C,C,True,True,True,0.5335,True,data\C\frame_0132.jpg
MobileNetV2,C,C,True,True,True,0.6362,True,data\C\frame_0133.jpg
MobileNetV2,C,C,True,True,True,0.6236,True,data\C\frame_0134.jpg
MobileNetV2,C,C,True,True,True,0.812,True,data\C\frame_0135.jpg
MobileNetV2,C,C,True,True,True,0.7026,True,data\C\frame_0136.jpg
MobileNetV2,C,C,True,True,True,0.8256,True,data\C\frame_0137.jpg
MobileNetV2,C,C,True,True,True,0.784,True,data\C\frame_0138.jpg
MobileNetV2,C,C,True,True,True,0.6498,True,data\C\frame_0139.jpg
MobileNetV2,C,C,True,True,True,0.6513,True,data\C\frame_0140.jpg
MobileNetV2,C,C,True,True,True,0.6207,True,data\C\frame_0141.jpg
MobileNetV2,C,C,True,True,True,0.5186,True,data\C\frame_0142.jpg
MobileNetV2,C,C,True,True,True,0.7215,True,data\C\frame_0143.jpg
MobileNetV2,C,C,True,True,True,0.7259,True,data\C\frame_0144.jpg
MobileNetV2,C,C,True,True,True,0.7941,True,data\C\frame_0145.jpg
MobileNetV2,C,C,True,True,True,0.7127,True,data\C\frame_0146.jpg
MobileNetV2,C,C,True,True,True,0.8165,True,data\C\frame_0147.jpg
MobileNetV2,C,C,True,True,True,0.8045,True,data\C\frame_0148.jpg
MobileNetV2,C,C,True,True,True,0.7936,True,data\C\frame_0149.jpg
MobileNetV2,C,C,True,True,True,0.7674,True,data\C\frame_0150.jpg
MobileNetV2,D,D,True,True,True,0.2928,True,data\D\frame_0001.jpg
MobileNetV2,D,D,True,True,True,0.3611,True,data\D\frame_0002.jpg
MobileNetV2,D,D,True,True,True,0.3787,True,data\D\frame_0003.jpg
MobileNetV2,D,D,True,True,True,0.3523,True,data\D\frame_0004.jpg
MobileNetV2,D,D,True,True,True,0.3812,True,data\D\frame_0005.jpg
MobileNetV2,D,D,True,True,True,0.5082,True,data\D\frame_0006.jpg
MobileNetV2,D,D,True,True,True,0.4369,True,data\D\frame_0007.jpg
MobileNetV2,D,D,True,True,True,0.3752,True,data\D\frame_0008.jpg
MobileNetV2,D,D,True,True,True,0.3505,True,data\D\frame_0009.jpg
MobileNetV2,D,D,True,True,True,0.4502,True,data\D\frame_0010.jpg
MobileNetV2,D,D,True,True,True,0.4383,True,data\D\frame_0011.jpg
MobileNetV2,D,D,True,True,True,0.3022,True,data\D\frame_0012.jpg
MobileNetV2,D,D,True,True,True,0.4768,True,data\D\frame_0013.jpg
MobileNetV2,D,D,True,True,True,0.3825,True,data\D\frame_0014.jpg
MobileNetV2,D,D,True,True,True,0.386,True,data\D\frame_0015.jpg
MobileNetV2,D,D,True,True,True,0.3106,True,data\D\frame_0016.jpg
MobileNetV2,D,D,True,True,True,0.38,True,data\D\frame_0017.jpg
MobileNetV2,D,D,True,True,True,0.4184,True,data\D\frame_0018.jpg
MobileNetV2,D,D,True,True,True,0.3861,True,data\D\frame_0019.jpg
MobileNetV2,D,D,True,True,True,0.4323,True,data\D\frame_0020.jpg
MobileNetV2,D,D,True,True,True,0.4441,True,data\D\frame_0021.jpg
MobileNetV2,D,D,True,True,True,0.3837,True,data\D\frame_0022.jpg
MobileNetV2,D,D,True,True,True,0.413,True,data\D\frame_0023.jpg
MobileNetV2,D,D,True,True,True,0.4086,True,data\D\frame_0024.jpg
MobileNetV2,D,D,True,True,True,0.4999,True,data\D\frame_0025.jpg
MobileNetV2,D,D,True,True,True,0.4003,True,data\D\frame_0026.jpg
MobileNetV2,D,D,True,True,True,0.5109,True,data\D\frame_0027.jpg
MobileNetV2,D,D,True,True,True,0.4369,True,data\D\frame_0028.jpg
MobileNetV2,D,D,True,True,True,0.469,True,data\D\frame_0029.jpg
MobileNetV2,D,D,True,True,True,0.4694,True,data\D\frame_0030.jpg
MobileNetV2,D,D,True,True,True,0.5487,True,data\D\frame_0031.jpg
MobileNetV2,D,D,True,True,True,0.5088,True,data\D\frame_0032.jpg
MobileNetV2,D,D,True,True,True,0.5593,True,data\D\frame_0033.jpg
MobileNetV2,D,D,True,True,True,0.5943,True,data\D\frame_0034.jpg
MobileNetV2,D,D,True,True,True,0.5457,True,data\D\frame_0035.jpg
MobileNetV2,D,D,True,True,True,0.5316,True,data\D\frame_0036.jpg
MobileNetV2,D,D,True,True,True,0.6338,True,data\D\frame_0037.jpg
MobileNetV2,D,D,True,True,True,0.6915,True,data\D\frame_0038.jpg
MobileNetV2,D,D,True,True,True,0.6615,True,data\D\frame_0039.jpg
MobileNetV2,D,D,True,True,True,0.6172,True,data\D\frame_0040.jpg
MobileNetV2,D,D,True,True,True,0.6028,True,data\D\frame_0041.jpg
MobileNetV2,D,D,True,True,True,0.6518,True,data\D\frame_0042.jpg
MobileNetV2,D,D,True,True,True,0.6347,True,data\D\frame_0043.jpg
MobileNetV2,D,D,True,True,True,0.6701,True,data\D\frame_0044.jpg
MobileNetV2,D,D,True,True,True,0.5841,True,data\D\frame_0045.jpg
MobileNetV2,D,D,True,True,True,0.7102,True,data\D\frame_0046.jpg
MobileNetV2,D,D,True,True,True,0.7033,True,data\D\frame_0047.jpg
MobileNetV2,D,D,True,True,True,0.5704,True,data\D\frame_0048.jpg
MobileNetV2,D,D,True,True,True,0.5666,True,data\D\frame_0049.jpg
MobileNetV2,D,D,True,True,True,0.6722,True,data\D\frame_0050.jpg
MobileNetV2,D,D,True,True,True,0.6415,True,data\D\frame_0051.jpg
MobileNetV2,D,D,True,True,True,0.5536,True,data\D\frame_0052.jpg
MobileNetV2,D,D,True,True,True,0.6677,True,data\D\frame_0053.jpg
MobileNetV2,D,D,True,True,True,0.4759,True,data\D\frame_0054.jpg
MobileNetV2,D,D,True,True,True,0.5404,True,data\D\frame_0055.jpg
MobileNetV2,D,D,True,True,True,0.4699,True,data\D\frame_0056.jpg
MobileNetV2,D,D,True,True,True,0.5128,True,data\D\frame_0057.jpg
MobileNetV2,D,D,True,True,True,0.4488,True,data\D\frame_0058.jpg
MobileNetV2,D,D,True,True,True,0.4549,True,data\D\frame_0059.jpg
MobileNetV2,D,D,True,True,True,0.4911,True,data\D\frame_0060.jpg
MobileNetV2,D,D,True,True,True,0.4464,True,data\D\frame_0061.jpg
MobileNetV2,D,D,True,True,True,0.4629,True,data\D\frame_0062.jpg
MobileNetV2,D,D,True,True,True,0.4261,True,data\D\frame_0063.jpg
MobileNetV2,D,D,True,True,True,0.4236,True,data\D\frame_0064.jpg
MobileNetV2,D,D,True,True,True,0.4117,True,data\D\frame_0065.jpg
MobileNetV2,D,D,True,True,True,0.4019,True,data\D\frame_0066.jpg
MobileNetV2,D,D,True,True,True,0.3326,True,data\D\frame_0067.jpg
MobileNetV2,D,D,True,True,True,0.2856,True,data\D\frame_0068.jpg
MobileNetV2,D,D,True,True,True,0.2912,True,data\D\frame_0069.jpg
MobileNetV2,D,K,False,True,True,0.2435,True,data\D\frame_0070.jpg
MobileNetV2,D,K,False,True,True,0.2442,True,data\D\frame_0071.jpg
MobileNetV2,D,K,False,True,True,0.2584,True,data\D\frame_0072.jpg
MobileNetV2,D,K,False,True,True,0.2783,True,data\D\frame_0073.jpg
MobileNetV2,D,K,False,True,True,0.3414,True,data\D\frame_0074.jpg
MobileNetV2,D,D,True,True,True,0.2294,True,data\D\frame_0075.jpg
MobileNetV2,D,D,True,True,True,0.3245,True,data\D\frame_0076.jpg
MobileNetV2,D,K,False,True,True,0.2047,True,data\D\frame_0077.jpg
MobileNetV2,D,K,False,True,True,0.2465,True,data\D\frame_0078.jpg
MobileNetV2,D,K,False,True,True,0.3242,True,data\D\frame_0079.jpg
MobileNetV2,D,K,False,True,True,0.3158,True,data\D\frame_0080.jpg
MobileNetV2,D,K,False,True,True,0.3849,True,data\D\frame_0081.jpg
MobileNetV2,D,D,True,True,True,0.241,True,data\D\frame_0082.jpg
MobileNetV2,D,K,False,True,True,0.3166,True,data\D\frame_0083.jpg
MobileNetV2,D,K,False,True,True,0.3397,True,data\D\frame_0084.jpg
MobileNetV2,D,D,True,True,True,0.2103,True,data\D\frame_0085.jpg
MobileNetV2,D,K,False,True,True,0.3875,True,data\D\frame_0086.jpg
MobileNetV2,D,D,True,True,True,0.2784,True,data\D\frame_0087.jpg
MobileNetV2,D,K,False,True,True,0.4376,True,data\D\frame_0088.jpg
MobileNetV2,D,D,True,True,True,0.2098,True,data\D\frame_0089.jpg
MobileNetV2,D,K,False,True,True,0.324,True,data\D\frame_0090.jpg
MobileNetV2,D,D,True,True,True,0.2326,True,data\D\frame_0091.jpg
MobileNetV2,D,K,False,True,True,0.2796,True,data\D\frame_0092.jpg
MobileNetV2,D,K,False,True,True,0.2787,True,data\D\frame_0093.jpg
MobileNetV2,D,K,False,False,True,0.3044,True,data\D\frame_0094.jpg
MobileNetV2,D,K,False,True,True,0.3551,True,data\D\frame_0095.jpg
MobileNetV2,D,K,False,True,True,0.3551,True,data\D\frame_0096.jpg
MobileNetV2,D,K,False,True,True,0.3049,True,data\D\frame_0097.jpg
MobileNetV2,D,K,False,True,True,0.3436,True,data\D\frame_0098.jpg
MobileNetV2,D,K,False,True,True,0.3157,True,data\D\frame_0099.jpg
MobileNetV2,D,K,False,True,True,0.3166,True,data\D\frame_0100.jpg
MobileNetV2,D,K,False,True,True,0.3416,True,data\D\frame_0101.jpg
MobileNetV2,D,K,False,True,True,0.2601,True,data\D\frame_0102.jpg
MobileNetV2,D,K,False,True,True,0.297,True,data\D\frame_0103.jpg
MobileNetV2,D,K,False,True,True,0.2266,True,data\D\frame_0104.jpg
MobileNetV2,D,K,False,True,True,0.3589,True,data\D\frame_0105.jpg
MobileNetV2,D,K,False,True,True,0.3659,True,data\D\frame_0106.jpg
MobileNetV2,D,K,False,True,True,0.3659,True,data\D\frame_0107.jpg
MobileNetV2,D,K,False,True,True,0.2068,True,data\D\frame_0108.jpg
MobileNetV2,D,K,False,True,True,0.2949,True,data\D\frame_0109.jpg
MobileNetV2,D,D,True,True,True,0.1965,True,data\D\frame_0110.jpg
MobileNetV2,D,K,False,True,True,0.1899,True,data\D\frame_0111.jpg
MobileNetV2,D,K,False,False,False,0.235,True,data\D\frame_0112.jpg
MobileNetV2,D,D,True,True,True,0.2412,True,data\D\frame_0113.jpg
MobileNetV2,D,K,False,True,True,0.2337,True,data\D\frame_0114.jpg
MobileNetV2,D,K,False,True,True,0.1819,True,data\D\frame_0115.jpg
MobileNetV2,D,K,False,True,True,0.2259,True,data\D\frame_0116.jpg
MobileNetV2,D,D,True,True,True,0.2387,True,data\D\frame_0117.jpg
MobileNetV2,D,D,True,True,True,0.2387,True,data\D\frame_0118.jpg
MobileNetV2,D,K,False,True,True,0.1962,True,data\D\frame_0119.jpg
MobileNetV2,D,K,False,True,True,0.2011,True,data\D\frame_0120.jpg
MobileNetV2,D,K,False,True,True,0.1962,True,data\D\frame_0121.jpg
MobileNetV2,D,D,True,True,True,0.2595,True,data\D\frame_0122.jpg
MobileNetV2,D,K,False,True,True,0.277,True,data\D\frame_0123.jpg
MobileNetV2,D,K,False,True,True,0.248,True,data\D\frame_0124.jpg
MobileNetV2,D,K,False,True,True,0.2694,True,data\D\frame_0125.jpg
MobileNetV2,D,K,False,True,True,0.2875,True,data\D\frame_0126.jpg
MobileNetV2,D,D,True,True,True,0.2763,True,data\D\frame_0127.jpg
MobileNetV2,D,K,False,True,True,0.2712,True,data\D\frame_0128.jpg
MobileNetV2,D,K,False,True,True,0.2712,True,data\D\frame_0129.jpg
MobileNetV2,D,D,True,True,True,0.2302,True,data\D\frame_0130.jpg
MobileNetV2,D,D,True,True,True,0.2806,True,data\D\frame_0131.jpg
MobileNetV2,D,D,True,True,True,0.2431,True,data\D\frame_0132.jpg
MobileNetV2,D,D,True,True,True,0.2749,True,data\D\frame_0133.jpg
MobileNetV2,D,K,False,True,True,0.2915,True,data\D\frame_0134.jpg
MobileNetV2,D,K,False,True,True,0.315,True,data\D\frame_0135.jpg
MobileNetV2,D,K,False,True,True,0.2665,True,data\D\frame_0136.jpg
MobileNetV2,D,K,False,True,True,0.2876,True,data\D\frame_0137.jpg
MobileNetV2,D,K,False,True,True,0.3131,True,data\D\frame_0138.jpg
MobileNetV2,D,K,False,True,True,0.2317,True,data\D\frame_0139.jpg
MobileNetV2,D,K,False,True,True,0.2317,True,data\D\frame_0140.jpg
MobileNetV2,D,K,False,True,True,0.1953,True,data\D\frame_0141.jpg
MobileNetV2,D,K,False,True,True,0.2896,True,data\D\frame_0142.jpg
MobileNetV2,D,K,False,True,True,0.3305,True,data\D\frame_0143.jpg
MobileNetV2,D,K,False,True,True,0.2726,True,data\D\frame_0144.jpg
MobileNetV2,D,K,False,True,True,0.3208,True,data\D\frame_0145.jpg
MobileNetV2,D,K,False,True,True,0.2425,True,data\D\frame_0146.jpg
MobileNetV2,D,K,False,True,True,0.4187,True,data\D\frame_0147.jpg
MobileNetV2,D,K,False,True,True,0.2367,True,data\D\frame_0148.jpg
MobileNetV2,D,K,False,True,True,0.2946,True,data\D\frame_0149.jpg
MobileNetV2,D,D,True,True,True,0.2282,True,data\D\frame_0150.jpg
MobileNetV2,Đ,Đ,True,True,True,0.5691,True,data\Dd\frame_0001.jpg
MobileNetV2,Đ,Đ,True,True,True,0.441,True,data\Dd\frame_0002.jpg
MobileNetV2,Đ,Đ,True,True,True,0.5545,True,data\Dd\frame_0003.jpg
MobileNetV2,Đ,Đ,True,True,True,0.5174,True,data\Dd\frame_0004.jpg
MobileNetV2,Đ,Đ,True,True,True,0.5656,True,data\Dd\frame_0005.jpg
MobileNetV2,Đ,Đ,True,True,True,0.5029,True,data\Dd\frame_0006.jpg
MobileNetV2,Đ,Đ,True,True,True,0.5435,True,data\Dd\frame_0007.jpg
MobileNetV2,Đ,Đ,True,True,True,0.5138,True,data\Dd\frame_0008.jpg
MobileNetV2,Đ,Đ,True,True,True,0.5647,True,data\Dd\frame_0009.jpg
MobileNetV2,Đ,Đ,True,True,True,0.5202,True,data\Dd\frame_0010.jpg
MobileNetV2,Đ,Đ,True,True,True,0.6105,True,data\Dd\frame_0011.jpg
MobileNetV2,Đ,Đ,True,True,True,0.6105,True,data\Dd\frame_0012.jpg
MobileNetV2,Đ,Đ,True,True,True,0.4812,True,data\Dd\frame_0013.jpg
MobileNetV2,Đ,Đ,True,True,True,0.4959,True,data\Dd\frame_0014.jpg
MobileNetV2,Đ,Đ,True,True,True,0.4598,True,data\Dd\frame_0015.jpg
MobileNetV2,Đ,Đ,True,True,True,0.4186,True,data\Dd\frame_0016.jpg
MobileNetV2,Đ,Đ,True,True,True,0.534,True,data\Dd\frame_0017.jpg
MobileNetV2,Đ,Đ,True,True,True,0.4748,True,data\Dd\frame_0018.jpg
MobileNetV2,Đ,Đ,True,True,True,0.4795,True,data\Dd\frame_0019.jpg
MobileNetV2,Đ,Đ,True,True,True,0.3912,True,data\Dd\frame_0020.jpg
MobileNetV2,Đ,Đ,True,True,True,0.4048,True,data\Dd\frame_0021.jpg
MobileNetV2,Đ,Đ,True,True,True,0.3987,True,data\Dd\frame_0022.jpg
MobileNetV2,Đ,Đ,True,True,True,0.3987,True,data\Dd\frame_0023.jpg
MobileNetV2,Đ,Đ,True,True,True,0.3598,True,data\Dd\frame_0024.jpg
MobileNetV2,Đ,Đ,True,True,True,0.3654,True,data\Dd\frame_0025.jpg
MobileNetV2,Đ,Đ,True,True,True,0.405,True,data\Dd\frame_0026.jpg
MobileNetV2,Đ,Đ,True,True,True,0.2388,True,data\Dd\frame_0027.jpg
MobileNetV2,Đ,Đ,True,True,True,0.3638,True,data\Dd\frame_0028.jpg
MobileNetV2,Đ,Đ,True,True,True,0.2938,True,data\Dd\frame_0029.jpg
MobileNetV2,Đ,Đ,True,True,True,0.2778,True,data\Dd\frame_0030.jpg
MobileNetV2,Đ,Đ,True,True,True,0.3381,True,data\Dd\frame_0031.jpg
MobileNetV2,Đ,Đ,True,True,True,0.3154,True,data\Dd\frame_0032.jpg
MobileNetV2,Đ,Đ,True,True,True,0.3811,True,data\Dd\frame_0033.jpg
MobileNetV2,Đ,Đ,True,True,True,0.2886,True,data\Dd\frame_0034.jpg
MobileNetV2,Đ,Đ,True,True,True,0.3522,True,data\Dd\frame_0035.jpg
MobileNetV2,Đ,Đ,True,True,True,0.3173,True,data\Dd\frame_0036.jpg
MobileNetV2,Đ,Đ,True,True,True,0.4708,True,data\Dd\frame_0037.jpg
MobileNetV2,Đ,Đ,True,True,True,0.3456,True,data\Dd\frame_0038.jpg
MobileNetV2,Đ,Đ,True,True,True,0.3032,True,data\Dd\frame_0039.jpg
MobileNetV2,Đ,Đ,True,True,True,0.3705,True,data\Dd\frame_0040.jpg
MobileNetV2,Đ,Đ,True,True,True,0.2869,True,data\Dd\frame_0041.jpg
MobileNetV2,Đ,Đ,True,True,True,0.3772,True,data\Dd\frame_0042.jpg
MobileNetV2,Đ,Đ,True,True,True,0.3962,True,data\Dd\frame_0043.jpg
MobileNetV2,Đ,Đ,True,True,True,0.3061,True,data\Dd\frame_0044.jpg
MobileNetV2,Đ,Đ,True,True,True,0.2464,True,data\Dd\frame_0045.jpg
MobileNetV2,Đ,Đ,True,True,True,0.2763,True,data\Dd\frame_0046.jpg
MobileNetV2,Đ,Đ,True,True,True,0.2682,True,data\Dd\frame_0047.jpg
MobileNetV2,Đ,Đ,True,True,True,0.3458,True,data\Dd\frame_0048.jpg
MobileNetV2,Đ,Đ,True,True,True,0.362,True,data\Dd\frame_0049.jpg
MobileNetV2,Đ,Đ,True,True,True,0.4288,True,data\Dd\frame_0050.jpg
MobileNetV2,Đ,Đ,True,True,True,0.4174,True,data\Dd\frame_0051.jpg
MobileNetV2,Đ,Đ,True,True,True,0.5308,True,data\Dd\frame_0052.jpg
MobileNetV2,Đ,Đ,True,True,True,0.5775,True,data\Dd\frame_0053.jpg
MobileNetV2,Đ,Đ,True,True,True,0.6079,True,data\Dd\frame_0054.jpg
MobileNetV2,Đ,Đ,True,True,True,0.5996,True,data\Dd\frame_0055.jpg
MobileNetV2,Đ,Đ,True,True,True,0.6106,True,data\Dd\frame_0056.jpg
MobileNetV2,Đ,Đ,True,True,True,0.6957,True,data\Dd\frame_0057.jpg
MobileNetV2,Đ,Đ,True,True,True,0.7241,True,data\Dd\frame_0058.jpg
MobileNetV2,Đ,Đ,True,True,True,0.6871,True,data\Dd\frame_0059.jpg
MobileNetV2,Đ,Đ,True,True,True,0.7441,True,data\Dd\frame_0060.jpg
MobileNetV2,Đ,Đ,True,True,True,0.8118,True,data\Dd\frame_0061.jpg
MobileNetV2,Đ,Đ,True,True,True,0.7907,True,data\Dd\frame_0062.jpg
MobileNetV2,Đ,Đ,True,True,True,0.7312,True,data\Dd\frame_0063.jpg
MobileNetV2,Đ,Đ,True,True,True,0.8018,True,data\Dd\frame_0064.jpg
MobileNetV2,Đ,Đ,True,True,True,0.828,True,data\Dd\frame_0065.jpg
MobileNetV2,Đ,Đ,True,True,True,0.756,True,data\Dd\frame_0066.jpg
MobileNetV2,Đ,Đ,True,True,True,0.7905,True,data\Dd\frame_0067.jpg
MobileNetV2,Đ,Đ,True,True,True,0.7969,True,data\Dd\frame_0068.jpg
MobileNetV2,Đ,Đ,True,True,True,0.7868,True,data\Dd\frame_0069.jpg
MobileNetV2,Đ,Đ,True,True,True,0.7775,True,data\Dd\frame_0070.jpg
MobileNetV2,Đ,Đ,True,True,True,0.7583,True,data\Dd\frame_0071.jpg
MobileNetV2,Đ,Đ,True,True,True,0.7928,True,data\Dd\frame_0072.jpg
MobileNetV2,Đ,Đ,True,True,True,0.6662,True,data\Dd\frame_0073.jpg
MobileNetV2,Đ,Đ,True,True,True,0.8182,True,data\Dd\frame_0074.jpg
MobileNetV2,Đ,Đ,True,True,True,0.6809,True,data\Dd\frame_0075.jpg
MobileNetV2,Đ,Đ,True,True,True,0.8278,True,data\Dd\frame_0076.jpg
MobileNetV2,Đ,Đ,True,True,True,0.7488,True,data\Dd\frame_0077.jpg
MobileNetV2,Đ,Đ,True,True,True,0.7536,True,data\Dd\frame_0078.jpg
MobileNetV2,Đ,Đ,True,True,True,0.7615,True,data\Dd\frame_0079.jpg
MobileNetV2,Đ,Đ,True,True,True,0.7298,True,data\Dd\frame_0080.jpg
MobileNetV2,Đ,Đ,True,True,True,0.7085,True,data\Dd\frame_0081.jpg
MobileNetV2,Đ,Đ,True,True,True,0.7261,True,data\Dd\frame_0082.jpg
MobileNetV2,Đ,Đ,True,True,True,0.7234,True,data\Dd\frame_0083.jpg
MobileNetV2,Đ,Đ,True,True,True,0.7445,True,data\Dd\frame_0084.jpg
MobileNetV2,Đ,Đ,True,True,True,0.613,True,data\Dd\frame_0085.jpg
MobileNetV2,Đ,Đ,True,True,True,0.5577,True,data\Dd\frame_0086.jpg
MobileNetV2,Đ,Đ,True,True,True,0.6759,True,data\Dd\frame_0087.jpg
MobileNetV2,Đ,Đ,True,True,True,0.6044,True,data\Dd\frame_0088.jpg
MobileNetV2,Đ,Đ,True,True,True,0.683,True,data\Dd\frame_0089.jpg
MobileNetV2,Đ,Đ,True,True,True,0.6288,True,data\Dd\frame_0090.jpg
MobileNetV2,Đ,Đ,True,True,True,0.6463,True,data\Dd\frame_0091.jpg
MobileNetV2,Đ,Đ,True,True,True,0.6253,True,data\Dd\frame_0092.jpg
MobileNetV2,Đ,Đ,True,True,True,0.7363,True,data\Dd\frame_0093.jpg
MobileNetV2,Đ,Đ,True,True,True,0.6778,True,data\Dd\frame_0094.jpg
MobileNetV2,Đ,Đ,True,True,True,0.7187,True,data\Dd\frame_0095.jpg
MobileNetV2,Đ,Đ,True,True,True,0.6958,True,data\Dd\frame_0096.jpg
MobileNetV2,Đ,Đ,True,True,True,0.6852,True,data\Dd\frame_0097.jpg
MobileNetV2,Đ,Đ,True,True,True,0.6526,True,data\Dd\frame_0098.jpg
MobileNetV2,Đ,Đ,True,True,True,0.5582,True,data\Dd\frame_0099.jpg
MobileNetV2,Đ,Đ,True,True,True,0.6312,True,data\Dd\frame_0100.jpg
MobileNetV2,Đ,Đ,True,True,True,0.6224,True,data\Dd\frame_0101.jpg
MobileNetV2,Đ,Đ,True,True,True,0.6197,True,data\Dd\frame_0102.jpg
MobileNetV2,Đ,Đ,True,True,True,0.5325,True,data\Dd\frame_0103.jpg
MobileNetV2,Đ,Đ,True,True,True,0.5862,True,data\Dd\frame_0104.jpg
MobileNetV2,Đ,Đ,True,True,True,0.551,True,data\Dd\frame_0105.jpg
MobileNetV2,Đ,Đ,True,True,True,0.4707,True,data\Dd\frame_0106.jpg
MobileNetV2,Đ,Đ,True,True,True,0.5031,True,data\Dd\frame_0107.jpg
MobileNetV2,Đ,Đ,True,True,True,0.5218,True,data\Dd\frame_0108.jpg
MobileNetV2,Đ,Đ,True,True,True,0.5642,True,data\Dd\frame_0109.jpg
MobileNetV2,Đ,Đ,True,True,True,0.5403,True,data\Dd\frame_0110.jpg
MobileNetV2,Đ,Đ,True,True,True,0.489,True,data\Dd\frame_0111.jpg
MobileNetV2,Đ,Đ,True,True,True,0.5964,True,data\Dd\frame_0112.jpg
MobileNetV2,Đ,Đ,True,True,True,0.6258,True,data\Dd\frame_0113.jpg
MobileNetV2,Đ,Đ,True,True,True,0.5483,True,data\Dd\frame_0114.jpg
MobileNetV2,Đ,Đ,True,True,True,0.5005,True,data\Dd\frame_0115.jpg
MobileNetV2,Đ,Đ,True,True,True,0.5684,True,data\Dd\frame_0116.jpg
MobileNetV2,Đ,Đ,True,True,True,0.5565,True,data\Dd\frame_0117.jpg
MobileNetV2,Đ,Đ,True,True,True,0.6899,True,data\Dd\frame_0118.jpg
MobileNetV2,Đ,Đ,True,True,True,0.6291,True,data\Dd\frame_0119.jpg
MobileNetV2,Đ,Đ,True,True,True,0.6955,True,data\Dd\frame_0120.jpg
MobileNetV2,Đ,Đ,True,True,True,0.6786,True,data\Dd\frame_0121.jpg
MobileNetV2,Đ,Đ,True,True,True,0.7642,True,data\Dd\frame_0122.jpg
MobileNetV2,Đ,Đ,True,True,True,0.6368,True,data\Dd\frame_0123.jpg
MobileNetV2,Đ,Đ,True,True,True,0.5828,True,data\Dd\frame_0124.jpg
MobileNetV2,Đ,Đ,True,True,True,0.6859,True,data\Dd\frame_0125.jpg
MobileNetV2,Đ,Đ,True,True,True,0.7538,True,data\Dd\frame_0126.jpg
MobileNetV2,Đ,Đ,True,True,True,0.6647,True,data\Dd\frame_0127.jpg
MobileNetV2,Đ,Đ,True,True,True,0.5912,True,data\Dd\frame_0128.jpg
MobileNetV2,Đ,Đ,True,True,True,0.6725,True,data\Dd\frame_0129.jpg
MobileNetV2,Đ,Đ,True,True,True,0.6952,True,data\Dd\frame_0130.jpg
MobileNetV2,Đ,Đ,True,True,True,0.6105,True,data\Dd\frame_0131.jpg
MobileNetV2,Đ,Đ,True,True,True,0.6654,True,data\Dd\frame_0132.jpg
MobileNetV2,Đ,Đ,True,True,True,0.7209,True,data\Dd\frame_0133.jpg
MobileNetV2,Đ,Đ,True,True,True,0.6997,True,data\Dd\frame_0134.jpg
MobileNetV2,Đ,Đ,True,True,True,0.582,True,data\Dd\frame_0135.jpg
MobileNetV2,Đ,Đ,True,True,True,0.578,True,data\Dd\frame_0136.jpg
MobileNetV2,Đ,Đ,True,True,True,0.6773,True,data\Dd\frame_0137.jpg
MobileNetV2,Đ,Đ,True,True,True,0.6758,True,data\Dd\frame_0138.jpg
MobileNetV2,Đ,Đ,True,True,True,0.6313,True,data\Dd\frame_0139.jpg
MobileNetV2,Đ,Đ,True,True,True,0.6761,True,data\Dd\frame_0140.jpg
MobileNetV2,Đ,Đ,True,True,True,0.6721,True,data\Dd\frame_0141.jpg
MobileNetV2,Đ,Đ,True,True,True,0.5884,True,data\Dd\frame_0142.jpg
MobileNetV2,Đ,Đ,True,True,True,0.5825,True,data\Dd\frame_0143.jpg
MobileNetV2,Đ,Đ,True,True,True,0.6535,True,data\Dd\frame_0144.jpg
MobileNetV2,Đ,Đ,True,True,True,0.6541,True,data\Dd\frame_0145.jpg
MobileNetV2,Đ,Đ,True,True,True,0.6699,True,data\Dd\frame_0146.jpg
MobileNetV2,Đ,Đ,True,True,True,0.5427,True,data\Dd\frame_0147.jpg
MobileNetV2,Đ,Đ,True,True,True,0.6238,True,data\Dd\frame_0148.jpg
MobileNetV2,Đ,Đ,True,True,True,0.6353,True,data\Dd\frame_0149.jpg
MobileNetV2,Đ,Đ,True,True,True,0.6396,True,data\Dd\frame_0150.jpg
MobileNetV2,E,E,True,True,True,0.4911,True,data\E\frame_0001.jpg
MobileNetV2,E,E,True,True,True,0.5008,True,data\E\frame_0002.jpg
MobileNetV2,E,E,True,True,True,0.354,True,data\E\frame_0003.jpg
MobileNetV2,E,E,True,True,True,0.3671,True,data\E\frame_0004.jpg
MobileNetV2,E,E,True,True,True,0.3337,True,data\E\frame_0005.jpg
MobileNetV2,E,E,True,True,True,0.48,True,data\E\frame_0006.jpg
MobileNetV2,E,E,True,True,True,0.4091,True,data\E\frame_0007.jpg
MobileNetV2,E,E,True,True,True,0.2811,True,data\E\frame_0008.jpg
MobileNetV2,E,E,True,True,True,0.3716,True,data\E\frame_0009.jpg
MobileNetV2,E,E,True,True,True,0.3645,True,data\E\frame_0010.jpg
MobileNetV2,E,E,True,True,True,0.3705,True,data\E\frame_0011.jpg
MobileNetV2,E,E,True,True,True,0.3705,True,data\E\frame_0012.jpg
MobileNetV2,E,E,True,True,True,0.4967,True,data\E\frame_0013.jpg
MobileNetV2,E,E,True,True,True,0.4032,True,data\E\frame_0014.jpg
MobileNetV2,E,E,True,True,True,0.3623,True,data\E\frame_0015.jpg
MobileNetV2,E,E,True,True,True,0.4419,True,data\E\frame_0016.jpg
MobileNetV2,E,E,True,True,True,0.4284,True,data\E\frame_0017.jpg
MobileNetV2,E,E,True,True,True,0.4138,True,data\E\frame_0018.jpg
MobileNetV2,E,E,True,True,True,0.4014,True,data\E\frame_0019.jpg
MobileNetV2,E,E,True,True,True,0.4524,True,data\E\frame_0020.jpg
MobileNetV2,E,E,True,True,True,0.3872,True,data\E\frame_0021.jpg
MobileNetV2,E,E,True,True,True,0.4195,True,data\E\frame_0022.jpg
MobileNetV2,E,E,True,True,True,0.4195,True,data\E\frame_0023.jpg
MobileNetV2,E,E,True,True,True,0.3715,True,data\E\frame_0024.jpg
MobileNetV2,E,E,True,True,True,0.4367,True,data\E\frame_0025.jpg
MobileNetV2,E,E,True,True,True,0.3824,True,data\E\frame_0026.jpg
MobileNetV2,E,E,True,True,True,0.4023,True,data\E\frame_0027.jpg
MobileNetV2,E,E,True,True,True,0.4551,True,data\E\frame_0028.jpg
MobileNetV2,E,E,True,True,True,0.419,True,data\E\frame_0029.jpg
MobileNetV2,E,E,True,True,True,0.3972,True,data\E\frame_0030.jpg
MobileNetV2,E,E,True,True,True,0.3806,True,data\E\frame_0031.jpg
MobileNetV2,E,E,True,True,True,0.4811,True,data\E\frame_0032.jpg
MobileNetV2,E,E,True,True,True,0.5284,True,data\E\frame_0033.jpg
MobileNetV2,E,E,True,True,True,0.4114,True,data\E\frame_0034.jpg
MobileNetV2,E,E,True,True,True,0.425,True,data\E\frame_0035.jpg
MobileNetV2,E,E,True,True,True,0.4281,True,data\E\frame_0036.jpg
MobileNetV2,E,E,True,True,True,0.4767,True,data\E\frame_0037.jpg
MobileNetV2,E,E,True,True,True,0.338,True,data\E\frame_0038.jpg
MobileNetV2,E,E,True,True,True,0.3044,True,data\E\frame_0039.jpg
MobileNetV2,E,E,True,True,True,0.3509,True,data\E\frame_0040.jpg
MobileNetV2,E,E,True,True,True,0.4558,True,data\E\frame_0041.jpg
MobileNetV2,E,E,True,True,True,0.4369,True,data\E\frame_0042.jpg
MobileNetV2,E,E,True,True,True,0.4484,True,data\E\frame_0043.jpg
MobileNetV2,E,E,True,True,True,0.4097,True,data\E\frame_0044.jpg
MobileNetV2,E,E,True,True,True,0.4817,True,data\E\frame_0045.jpg
MobileNetV2,E,E,True,True,True,0.4712,True,data\E\frame_0046.jpg
MobileNetV2,E,E,True,True,True,0.4739,True,data\E\frame_0047.jpg
MobileNetV2,E,E,True,True,True,0.4599,True,data\E\frame_0048.jpg
MobileNetV2,E,E,True,True,True,0.4124,True,data\E\frame_0049.jpg
MobileNetV2,E,E,True,True,True,0.4629,True,data\E\frame_0050.jpg
MobileNetV2,E,E,True,True,True,0.4704,True,data\E\frame_0051.jpg
MobileNetV2,E,E,True,True,True,0.5765,True,data\E\frame_0052.jpg
MobileNetV2,E,E,True,True,True,0.3768,True,data\E\frame_0053.jpg
MobileNetV2,E,E,True,True,True,0.4452,True,data\E\frame_0054.jpg
MobileNetV2,E,E,True,True,True,0.4311,True,data\E\frame_0055.jpg
MobileNetV2,E,E,True,True,True,0.4093,True,data\E\frame_0056.jpg
MobileNetV2,E,E,True,True,True,0.3947,True,data\E\frame_0057.jpg
MobileNetV2,E,E,True,True,True,0.3609,True,data\E\frame_0058.jpg
MobileNetV2,E,E,True,True,True,0.3317,True,data\E\frame_0059.jpg
MobileNetV2,E,E,True,True,True,0.374,True,data\E\frame_0060.jpg
MobileNetV2,E,E,True,True,True,0.3846,True,data\E\frame_0061.jpg
MobileNetV2,E,E,True,True,True,0.369,True,data\E\frame_0062.jpg
MobileNetV2,E,E,True,True,True,0.3533,True,data\E\frame_0063.jpg
MobileNetV2,E,E,True,True,True,0.3854,True,data\E\frame_0064.jpg
MobileNetV2,E,E,True,True,True,0.4063,True,data\E\frame_0065.jpg
MobileNetV2,E,E,True,True,True,0.4791,True,data\E\frame_0066.jpg
MobileNetV2,E,E,True,True,True,0.3998,True,data\E\frame_0067.jpg
MobileNetV2,E,E,True,True,True,0.4068,True,data\E\frame_0068.jpg
MobileNetV2,E,E,True,True,True,0.3398,True,data\E\frame_0069.jpg
MobileNetV2,E,E,True,True,True,0.4327,True,data\E\frame_0070.jpg
MobileNetV2,E,E,True,True,True,0.4108,True,data\E\frame_0071.jpg
MobileNetV2,E,E,True,True,True,0.3872,True,data\E\frame_0072.jpg
MobileNetV2,E,E,True,True,True,0.383,True,data\E\frame_0073.jpg
MobileNetV2,E,E,True,True,True,0.4101,True,data\E\frame_0074.jpg
MobileNetV2,E,E,True,True,True,0.3686,True,data\E\frame_0075.jpg
MobileNetV2,E,E,True,True,True,0.2409,True,data\E\frame_0076.jpg
MobileNetV2,E,E,True,True,True,0.349,True,data\E\frame_0077.jpg
MobileNetV2,E,E,True,True,True,0.3102,True,data\E\frame_0078.jpg
MobileNetV2,E,E,True,True,True,0.311,True,data\E\frame_0079.jpg
MobileNetV2,E,E,True,True,True,0.2992,True,data\E\frame_0080.jpg
MobileNetV2,E,C,False,True,True,0.1865,True,data\E\frame_0081.jpg
MobileNetV2,E,E,True,True,True,0.2697,True,data\E\frame_0082.jpg
MobileNetV2,E,E,True,True,True,0.2598,True,data\E\frame_0083.jpg
MobileNetV2,E,E,True,True,True,0.3334,True,data\E\frame_0084.jpg
MobileNetV2,E,E,True,True,True,0.2727,True,data\E\frame_0085.jpg
MobileNetV2,E,E,True,True,True,0.279,True,data\E\frame_0086.jpg
MobileNetV2,E,E,True,True,True,0.3234,True,data\E\frame_0087.jpg
MobileNetV2,E,E,True,True,True,0.3862,True,data\E\frame_0088.jpg
MobileNetV2,E,E,True,True,True,0.3023,True,data\E\frame_0089.jpg
MobileNetV2,E,E,True,True,True,0.3104,True,data\E\frame_0090.jpg
MobileNetV2,E,E,True,True,True,0.4852,True,data\E\frame_0091.jpg
MobileNetV2,E,E,True,True,True,0.3046,True,data\E\frame_0092.jpg
MobileNetV2,E,E,True,True,True,0.3387,True,data\E\frame_0093.jpg
MobileNetV2,E,E,True,True,True,0.3484,True,data\E\frame_0094.jpg
MobileNetV2,E,E,True,True,True,0.3621,True,data\E\frame_0095.jpg
MobileNetV2,E,E,True,True,True,0.3896,True,data\E\frame_0096.jpg
MobileNetV2,E,E,True,True,True,0.3434,True,data\E\frame_0097.jpg
MobileNetV2,E,E,True,True,True,0.2571,True,data\E\frame_0098.jpg
MobileNetV2,E,E,True,True,True,0.3283,True,data\E\frame_0099.jpg
MobileNetV2,E,E,True,True,True,0.4262,True,data\E\frame_0100.jpg
MobileNetV2,E,E,True,True,True,0.352,True,data\E\frame_0101.jpg
MobileNetV2,E,E,True,True,True,0.306,True,data\E\frame_0102.jpg
MobileNetV2,E,E,True,True,True,0.2541,True,data\E\frame_0103.jpg
MobileNetV2,E,E,True,True,True,0.3037,True,data\E\frame_0104.jpg
MobileNetV2,E,E,True,True,True,0.33,True,data\E\frame_0105.jpg
MobileNetV2,E,E,True,True,True,0.3533,True,data\E\frame_0106.jpg
MobileNetV2,E,E,True,True,True,0.2734,True,data\E\frame_0107.jpg
MobileNetV2,E,E,True,True,True,0.3509,True,data\E\frame_0108.jpg
MobileNetV2,E,E,True,True,True,0.3914,True,data\E\frame_0109.jpg
MobileNetV2,E,E,True,True,True,0.3897,True,data\E\frame_0110.jpg
MobileNetV2,E,E,True,True,True,0.3117,True,data\E\frame_0111.jpg
MobileNetV2,E,E,True,True,True,0.356,True,data\E\frame_0112.jpg
MobileNetV2,E,E,True,True,True,0.4006,True,data\E\frame_0113.jpg
MobileNetV2,E,E,True,True,True,0.3943,True,data\E\frame_0114.jpg
MobileNetV2,E,E,True,True,True,0.3141,True,data\E\frame_0115.jpg
MobileNetV2,E,E,True,True,True,0.3152,True,data\E\frame_0116.jpg
MobileNetV2,E,E,True,True,True,0.3759,True,data\E\frame_0117.jpg
MobileNetV2,E,E,True,True,True,0.3235,True,data\E\frame_0118.jpg
MobileNetV2,E,E,True,True,True,0.4511,True,data\E\frame_0119.jpg
MobileNetV2,E,E,True,True,True,0.3086,True,data\E\frame_0120.jpg
MobileNetV2,E,E,True,True,True,0.4204,True,data\E\frame_0121.jpg
MobileNetV2,E,E,True,True,True,0.3797,True,data\E\frame_0122.jpg
MobileNetV2,E,E,True,True,True,0.3712,True,data\E\frame_0123.jpg
MobileNetV2,E,E,True,True,True,0.4267,True,data\E\frame_0124.jpg
MobileNetV2,E,E,True,True,True,0.4088,True,data\E\frame_0125.jpg
MobileNetV2,E,E,True,True,True,0.4343,True,data\E\frame_0126.jpg
MobileNetV2,E,E,True,True,True,0.4383,True,data\E\frame_0127.jpg
MobileNetV2,E,E,True,True,True,0.4546,True,data\E\frame_0128.jpg
MobileNetV2,E,E,True,True,True,0.4037,True,data\E\frame_0129.jpg
MobileNetV2,E,E,True,True,True,0.4599,True,data\E\frame_0130.jpg
MobileNetV2,E,E,True,True,True,0.4323,True,data\E\frame_0131.jpg
MobileNetV2,E,E,True,True,True,0.4285,True,data\E\frame_0132.jpg
MobileNetV2,E,E,True,True,True,0.45,True,data\E\frame_0133.jpg
MobileNetV2,E,E,True,True,True,0.3961,True,data\E\frame_0134.jpg
MobileNetV2,E,E,True,True,True,0.4378,True,data\E\frame_0135.jpg
MobileNetV2,E,E,True,True,True,0.3621,True,data\E\frame_0136.jpg
MobileNetV2,E,E,True,True,True,0.4302,True,data\E\frame_0137.jpg
MobileNetV2,E,E,True,True,True,0.3109,True,data\E\frame_0138.jpg
MobileNetV2,E,E,True,True,True,0.4317,True,data\E\frame_0139.jpg
MobileNetV2,E,E,True,True,True,0.3435,True,data\E\frame_0140.jpg
MobileNetV2,E,E,True,True,True,0.5099,True,data\E\frame_0141.jpg
MobileNetV2,E,E,True,True,True,0.3782,True,data\E\frame_0142.jpg
MobileNetV2,E,E,True,True,True,0.3515,True,data\E\frame_0143.jpg
MobileNetV2,E,E,True,True,True,0.3964,True,data\E\frame_0144.jpg
MobileNetV2,E,E,True,True,True,0.3462,True,data\E\frame_0145.jpg
MobileNetV2,E,E,True,True,True,0.362,True,data\E\frame_0146.jpg
MobileNetV2,E,E,True,True,True,0.3691,True,data\E\frame_0147.jpg
MobileNetV2,E,E,True,True,True,0.4157,True,data\E\frame_0148.jpg
MobileNetV2,E,E,True,True,True,0.4165,True,data\E\frame_0149.jpg
MobileNetV2,E,E,True,True,True,0.2923,True,data\E\frame_0150.jpg
MobileNetV2,G,P,False,False,False,0.1496,True,data\G\frame_0001.jpg
MobileNetV2,G,P,False,False,False,0.1671,True,data\G\frame_0002.jpg
MobileNetV2,G,X,False,False,False,0.1422,True,data\G\frame_0003.jpg
MobileNetV2,G,P,False,False,False,0.1493,True,data\G\frame_0004.jpg
MobileNetV2,G,X,False,False,False,0.1438,True,data\G\frame_0005.jpg
MobileNetV2,G,K,False,False,False,0.1267,True,data\G\frame_0006.jpg
MobileNetV2,G,P,False,False,False,0.2021,True,data\G\frame_0007.jpg
MobileNetV2,G,X,False,False,False,0.1411,True,data\G\frame_0008.jpg
MobileNetV2,G,P,False,False,False,0.2212,True,data\G\frame_0009.jpg
MobileNetV2,G,P,False,False,False,0.1507,True,data\G\frame_0010.jpg
MobileNetV2,G,X,False,False,False,0.1996,True,data\G\frame_0011.jpg
MobileNetV2,G,P,False,False,False,0.1654,True,data\G\frame_0012.jpg
MobileNetV2,G,P,False,False,False,0.15,True,data\G\frame_0013.jpg
MobileNetV2,G,P,False,False,False,0.1949,True,data\G\frame_0014.jpg
MobileNetV2,G,R,False,False,False,0.1477,True,data\G\frame_0015.jpg
MobileNetV2,G,P,False,False,False,0.1601,True,data\G\frame_0016.jpg
MobileNetV2,G,P,False,False,False,0.1456,True,data\G\frame_0017.jpg
MobileNetV2,G,X,False,False,False,0.1604,True,data\G\frame_0018.jpg
MobileNetV2,G,X,False,False,False,0.1632,True,data\G\frame_0019.jpg
MobileNetV2,G,K,False,False,False,0.1791,True,data\G\frame_0020.jpg
MobileNetV2,G,X,False,False,False,0.1841,True,data\G\frame_0021.jpg
MobileNetV2,G,K,False,False,False,0.1499,True,data\G\frame_0022.jpg
MobileNetV2,G,K,False,False,False,0.1566,True,data\G\frame_0023.jpg
MobileNetV2,G,K,False,False,False,0.1894,True,data\G\frame_0024.jpg
MobileNetV2,G,K,False,False,False,0.1458,True,data\G\frame_0025.jpg
MobileNetV2,G,X,False,False,False,0.1446,True,data\G\frame_0026.jpg
MobileNetV2,G,K,False,False,False,0.1769,True,data\G\frame_0027.jpg
MobileNetV2,G,K,False,False,False,0.1722,True,data\G\frame_0028.jpg
MobileNetV2,G,X,False,False,False,0.1542,True,data\G\frame_0029.jpg
MobileNetV2,G,K,False,False,False,0.1821,True,data\G\frame_0030.jpg
MobileNetV2,G,X,False,False,False,0.1787,True,data\G\frame_0031.jpg
MobileNetV2,G,K,False,False,False,0.1785,True,data\G\frame_0032.jpg
MobileNetV2,G,X,False,False,False,0.1909,True,data\G\frame_0033.jpg
MobileNetV2,G,K,False,False,False,0.1543,True,data\G\frame_0034.jpg
MobileNetV2,G,K,False,False,False,0.1779,True,data\G\frame_0035.jpg
MobileNetV2,G,X,False,False,False,0.1683,True,data\G\frame_0036.jpg
MobileNetV2,G,X,False,False,False,0.1421,True,data\G\frame_0037.jpg
MobileNetV2,G,X,False,False,False,0.16,True,data\G\frame_0038.jpg
MobileNetV2,G,X,False,False,False,0.1757,True,data\G\frame_0039.jpg
MobileNetV2,G,K,False,False,False,0.1652,True,data\G\frame_0040.jpg
MobileNetV2,G,K,False,False,False,0.1333,True,data\G\frame_0041.jpg
MobileNetV2,G,X,False,False,False,0.189,True,data\G\frame_0042.jpg
MobileNetV2,G,X,False,False,False,0.148,True,data\G\frame_0043.jpg
MobileNetV2,G,X,False,False,False,0.1536,True,data\G\frame_0044.jpg
MobileNetV2,G,X,False,False,False,0.142,True,data\G\frame_0045.jpg
MobileNetV2,G,X,False,False,False,0.1454,True,data\G\frame_0046.jpg
MobileNetV2,G,X,False,False,False,0.1577,True,data\G\frame_0047.jpg
MobileNetV2,G,X,False,False,False,0.1308,True,data\G\frame_0048.jpg
MobileNetV2,G,X,False,False,False,0.1546,True,data\G\frame_0049.jpg
MobileNetV2,G,X,False,False,False,0.1546,True,data\G\frame_0050.jpg
MobileNetV2,G,X,False,False,False,0.136,True,data\G\frame_0051.jpg
MobileNetV2,G,X,False,False,False,0.1766,True,data\G\frame_0052.jpg
MobileNetV2,G,X,False,False,False,0.1763,True,data\G\frame_0053.jpg
MobileNetV2,G,X,False,False,False,0.1649,True,data\G\frame_0054.jpg
MobileNetV2,G,X,False,False,False,0.1486,True,data\G\frame_0055.jpg
MobileNetV2,G,X,False,False,False,0.1338,True,data\G\frame_0056.jpg
MobileNetV2,G,X,False,False,False,0.1751,True,data\G\frame_0057.jpg
MobileNetV2,G,X,False,False,False,0.1504,True,data\G\frame_0058.jpg
MobileNetV2,G,X,False,False,False,0.1844,True,data\G\frame_0059.jpg
MobileNetV2,G,X,False,False,False,0.2322,True,data\G\frame_0060.jpg
MobileNetV2,G,X,False,False,False,0.2322,True,data\G\frame_0061.jpg
MobileNetV2,G,X,False,False,False,0.1648,True,data\G\frame_0062.jpg
MobileNetV2,G,X,False,False,False,0.1922,True,data\G\frame_0063.jpg
MobileNetV2,G,X,False,False,False,0.1444,True,data\G\frame_0064.jpg
MobileNetV2,G,X,False,False,False,0.1566,True,data\G\frame_0065.jpg
MobileNetV2,G,X,False,False,False,0.133,True,data\G\frame_0066.jpg
MobileNetV2,G,X,False,False,False,0.1521,True,data\G\frame_0067.jpg
MobileNetV2,G,X,False,False,False,0.164,True,data\G\frame_0068.jpg
MobileNetV2,G,X,False,False,False,0.1665,True,data\G\frame_0069.jpg
MobileNetV2,G,X,False,False,False,0.1916,True,data\G\frame_0070.jpg
MobileNetV2,G,X,False,False,False,0.1748,True,data\G\frame_0071.jpg
MobileNetV2,G,X,False,False,False,0.1748,True,data\G\frame_0072.jpg
MobileNetV2,G,X,False,False,False,0.1854,True,data\G\frame_0073.jpg
MobileNetV2,G,X,False,False,False,0.1789,True,data\G\frame_0074.jpg
MobileNetV2,G,X,False,False,False,0.2108,True,data\G\frame_0075.jpg
MobileNetV2,G,X,False,False,False,0.1681,True,data\G\frame_0076.jpg
MobileNetV2,G,K,False,False,False,0.1923,True,data\G\frame_0077.jpg
MobileNetV2,G,X,False,False,False,0.231,True,data\G\frame_0078.jpg
MobileNetV2,G,X,False,False,False,0.1753,True,data\G\frame_0079.jpg
MobileNetV2,G,X,False,False,False,0.1847,True,data\G\frame_0080.jpg
MobileNetV2,G,X,False,False,False,0.1885,True,data\G\frame_0081.jpg
MobileNetV2,G,X,False,False,False,0.1885,True,data\G\frame_0082.jpg
MobileNetV2,G,X,False,False,False,0.1762,True,data\G\frame_0083.jpg
MobileNetV2,G,X,False,False,False,0.1844,True,data\G\frame_0084.jpg
MobileNetV2,G,K,False,False,False,0.1497,True,data\G\frame_0085.jpg
MobileNetV2,G,K,False,False,False,0.1676,True,data\G\frame_0086.jpg
MobileNetV2,G,K,False,False,False,0.2085,True,data\G\frame_0087.jpg
MobileNetV2,G,X,False,False,False,0.1678,True,data\G\frame_0088.jpg
MobileNetV2,G,X,False,False,False,0.1531,True,data\G\frame_0089.jpg
MobileNetV2,G,K,False,False,False,0.1706,True,data\G\frame_0090.jpg
MobileNetV2,G,K,False,False,False,0.1576,True,data\G\frame_0091.jpg
MobileNetV2,G,K,False,False,False,0.1964,True,data\G\frame_0092.jpg
MobileNetV2,G,K,False,False,False,0.1964,True,data\G\frame_0093.jpg
MobileNetV2,G,K,False,False,False,0.1582,True,data\G\frame_0094.jpg
MobileNetV2,G,K,False,False,False,0.1577,True,data\G\frame_0095.jpg
MobileNetV2,G,X,False,False,False,0.1957,True,data\G\frame_0096.jpg
MobileNetV2,G,X,False,False,False,0.1867,True,data\G\frame_0097.jpg
MobileNetV2,G,X,False,False,False,0.2115,True,data\G\frame_0098.jpg
MobileNetV2,G,X,False,False,False,0.1466,True,data\G\frame_0099.jpg
MobileNetV2,G,X,False,False,False,0.1926,True,data\G\frame_0100.jpg
MobileNetV2,G,X,False,False,False,0.1711,True,data\G\frame_0101.jpg
MobileNetV2,G,X,False,False,False,0.173,True,data\G\frame_0102.jpg
MobileNetV2,G,X,False,False,False,0.1765,True,data\G\frame_0103.jpg
MobileNetV2,G,X,False,False,False,0.1765,True,data\G\frame_0104.jpg
MobileNetV2,G,X,False,False,False,0.1385,True,data\G\frame_0105.jpg
MobileNetV2,G,X,False,False,False,0.1729,True,data\G\frame_0106.jpg
MobileNetV2,G,X,False,False,False,0.1536,True,data\G\frame_0107.jpg
MobileNetV2,G,X,False,False,False,0.1906,True,data\G\frame_0108.jpg
MobileNetV2,G,X,False,False,False,0.2263,True,data\G\frame_0109.jpg
MobileNetV2,G,X,False,False,False,0.1812,True,data\G\frame_0110.jpg
MobileNetV2,G,X,False,False,False,0.146,True,data\G\frame_0111.jpg
MobileNetV2,G,X,False,False,False,0.1748,True,data\G\frame_0112.jpg
MobileNetV2,G,X,False,False,False,0.141,True,data\G\frame_0113.jpg
MobileNetV2,G,X,False,False,False,0.1798,True,data\G\frame_0114.jpg
MobileNetV2,G,X,False,False,False,0.1798,True,data\G\frame_0115.jpg
MobileNetV2,G,K,False,False,False,0.1493,True,data\G\frame_0116.jpg
MobileNetV2,G,X,False,False,False,0.1842,True,data\G\frame_0117.jpg
MobileNetV2,G,X,False,False,False,0.1618,True,data\G\frame_0118.jpg
MobileNetV2,G,K,False,False,False,0.1578,True,data\G\frame_0119.jpg
MobileNetV2,G,X,False,False,False,0.1506,True,data\G\frame_0120.jpg
MobileNetV2,G,X,False,False,False,0.1474,True,data\G\frame_0121.jpg
MobileNetV2,G,P,False,False,False,0.1807,True,data\G\frame_0122.jpg
MobileNetV2,G,P,False,False,False,0.1229,True,data\G\frame_0123.jpg
MobileNetV2,G,X,False,False,False,0.1536,True,data\G\frame_0124.jpg
MobileNetV2,G,P,False,False,False,0.1418,True,data\G\frame_0125.jpg
MobileNetV2,G,P,False,False,False,0.1418,True,data\G\frame_0126.jpg
MobileNetV2,G,X,False,False,False,0.1371,True,data\G\frame_0127.jpg
MobileNetV2,G,X,False,False,False,0.1431,True,data\G\frame_0128.jpg
MobileNetV2,G,X,False,False,False,0.1895,True,data\G\frame_0129.jpg
MobileNetV2,G,X,False,False,False,0.1329,True,data\G\frame_0130.jpg
MobileNetV2,G,X,False,False,False,0.1766,True,data\G\frame_0131.jpg
MobileNetV2,G,X,False,False,False,0.1472,True,data\G\frame_0132.jpg
MobileNetV2,G,X,False,False,False,0.1679,True,data\G\frame_0133.jpg
MobileNetV2,G,X,False,False,False,0.1591,True,data\G\frame_0134.jpg
MobileNetV2,G,K,False,False,False,0.1549,True,data\G\frame_0135.jpg
MobileNetV2,G,X,False,False,False,0.1575,True,data\G\frame_0136.jpg
MobileNetV2,G,X,False,False,False,0.1575,True,data\G\frame_0137.jpg
MobileNetV2,G,X,False,False,False,0.1431,True,data\G\frame_0138.jpg
MobileNetV2,G,X,False,False,False,0.1326,True,data\G\frame_0139.jpg
MobileNetV2,G,X,False,False,False,0.1657,True,data\G\frame_0140.jpg
MobileNetV2,G,X,False,False,False,0.1706,True,data\G\frame_0141.jpg
MobileNetV2,G,X,False,False,False,0.1592,True,data\G\frame_0142.jpg
MobileNetV2,G,X,False,False,False,0.1711,True,data\G\frame_0143.jpg
MobileNetV2,G,K,False,False,False,0.1818,True,data\G\frame_0144.jpg
MobileNetV2,G,X,False,False,False,0.1537,True,data\G\frame_0145.jpg
MobileNetV2,G,X,False,False,False,0.1637,True,data\G\frame_0146.jpg
MobileNetV2,G,K,False,False,False,0.1967,True,data\G\frame_0147.jpg
MobileNetV2,G,K,False,False,False,0.1967,True,data\G\frame_0148.jpg
MobileNetV2,G,X,False,False,False,0.1564,True,data\G\frame_0149.jpg
MobileNetV2,G,X,False,False,False,0.1668,True,data\G\frame_0150.jpg
MobileNetV2,H,Râu,False,True,True,0.209,True,data\H\frame_0001.jpg
MobileNetV2,H,Râu,False,False,False,0.1478,True,data\H\frame_0002.jpg
MobileNetV2,H,T,False,False,False,0.1097,True,data\H\frame_0003.jpg
MobileNetV2,H,I,False,False,False,0.1257,True,data\H\frame_0004.jpg
MobileNetV2,H,I,False,False,False,0.1494,True,data\H\frame_0005.jpg
MobileNetV2,H,I,False,False,False,0.1494,True,data\H\frame_0006.jpg
MobileNetV2,H,I,False,False,False,0.1437,True,data\H\frame_0007.jpg
MobileNetV2,H,I,False,False,False,0.1619,True,data\H\frame_0008.jpg
MobileNetV2,H,Râu,False,False,False,0.1317,True,data\H\frame_0009.jpg
MobileNetV2,H,Râu,False,False,False,0.1309,True,data\H\frame_0010.jpg
MobileNetV2,H,Râu,False,False,True,0.1978,True,data\H\frame_0011.jpg
MobileNetV2,H,I,False,False,False,0.1574,True,data\H\frame_0012.jpg
MobileNetV2,H,Râu,False,False,False,0.123,True,data\H\frame_0013.jpg
MobileNetV2,H,I,False,False,False,0.1495,True,data\H\frame_0014.jpg
MobileNetV2,H,Râu,False,False,False,0.1331,True,data\H\frame_0015.jpg
MobileNetV2,H,Râu,False,False,False,0.272,True,data\H\frame_0016.jpg
MobileNetV2,H,Râu,False,False,False,0.272,True,data\H\frame_0017.jpg
MobileNetV2,H,Râu,False,True,True,0.1819,True,data\H\frame_0018.jpg
MobileNetV2,H,Râu,False,False,True,0.2297,True,data\H\frame_0019.jpg
MobileNetV2,H,Râu,False,False,False,0.1966,True,data\H\frame_0020.jpg
MobileNetV2,H,I,False,False,False,0.1433,True,data\H\frame_0021.jpg
MobileNetV2,H,Râu,False,False,False,0.1899,True,data\H\frame_0022.jpg
MobileNetV2,H,Râu,False,True,True,0.2029,True,data\H\frame_0023.jpg
MobileNetV2,H,Râu,False,False,False,0.1779,True,data\H\frame_0024.jpg
MobileNetV2,H,I,False,False,True,0.1439,True,data\H\frame_0025.jpg
MobileNetV2,H,Râu,False,False,False,0.1467,True,data\H\frame_0026.jpg
MobileNetV2,H,Râu,False,False,True,0.1944,True,data\H\frame_0027.jpg
MobileNetV2,H,Râu,False,False,True,0.1944,True,data\H\frame_0028.jpg
MobileNetV2,H,Râu,False,False,False,0.2619,True,data\H\frame_0029.jpg
MobileNetV2,H,Râu,False,False,False,0.1542,True,data\H\frame_0030.jpg
MobileNetV2,H,Râu,False,False,False,0.1687,True,data\H\frame_0031.jpg
MobileNetV2,H,Râu,False,False,False,0.2227,True,data\H\frame_0032.jpg
MobileNetV2,H,I,False,False,True,0.1658,True,data\H\frame_0033.jpg
MobileNetV2,H,Râu,False,False,False,0.1897,True,data\H\frame_0034.jpg
MobileNetV2,H,I,False,False,False,0.1517,True,data\H\frame_0035.jpg
MobileNetV2,H,I,False,False,False,0.1468,True,data\H\frame_0036.jpg
MobileNetV2,H,Râu,False,False,True,0.2019,True,data\H\frame_0037.jpg
MobileNetV2,H,Râu,False,False,True,0.1597,True,data\H\frame_0038.jpg
MobileNetV2,H,Râu,False,False,True,0.1597,True,data\H\frame_0039.jpg
MobileNetV2,H,Râu,False,False,True,0.1744,True,data\H\frame_0040.jpg
MobileNetV2,H,Râu,False,False,False,0.1542,True,data\H\frame_0041.jpg
MobileNetV2,H,Râu,False,False,True,0.2154,True,data\H\frame_0042.jpg
MobileNetV2,H,Râu,False,False,True,0.216,True,data\H\frame_0043.jpg
MobileNetV2,H,I,False,False,True,0.1555,True,data\H\frame_0044.jpg
MobileNetV2,H,Râu,False,False,True,0.1317,True,data\H\frame_0045.jpg
MobileNetV2,H,Râu,False,False,True,0.1981,True,data\H\frame_0046.jpg
MobileNetV2,H,Râu,False,False,False,0.1788,True,data\H\frame_0047.jpg
MobileNetV2,H,I,False,False,True,0.1466,True,data\H\frame_0048.jpg
MobileNetV2,H,I,False,False,True,0.1556,True,data\H\frame_0049.jpg
MobileNetV2,H,I,False,False,True,0.1556,True,data\H\frame_0050.jpg
MobileNetV2,H,I,False,False,False,0.133,True,data\H\frame_0051.jpg
MobileNetV2,H,I,False,False,False,0.1547,True,data\H\frame_0052.jpg
MobileNetV2,H,I,False,False,True,0.1711,True,data\H\frame_0053.jpg
MobileNetV2,H,Râu,False,False,True,0.2476,True,data\H\frame_0054.jpg
MobileNetV2,H,I,False,False,False,0.2145,True,data\H\frame_0055.jpg
MobileNetV2,H,Râu,False,False,False,0.136,True,data\H\frame_0056.jpg
MobileNetV2,H,I,False,False,False,0.2743,True,data\H\frame_0057.jpg
MobileNetV2,H,I,False,False,False,0.1181,True,data\H\frame_0058.jpg
MobileNetV2,H,Râu,False,False,False,0.158,True,data\H\frame_0059.jpg
MobileNetV2,H,Râu,False,True,True,0.2848,True,data\H\frame_0060.jpg
MobileNetV2,H,Râu,False,False,True,0.2317,True,data\H\frame_0061.jpg
MobileNetV2,H,Râu,False,False,True,0.3216,True,data\H\frame_0062.jpg
MobileNetV2,H,Râu,False,False,False,0.2058,True,data\H\frame_0063.jpg
MobileNetV2,H,Râu,False,False,True,0.2632,True,data\H\frame_0064.jpg
MobileNetV2,H,Râu,False,False,False,0.2046,True,data\H\frame_0065.jpg
MobileNetV2,H,Râu,False,False,False,0.262,True,data\H\frame_0066.jpg
MobileNetV2,H,Râu,False,False,True,0.1901,True,data\H\frame_0067.jpg
MobileNetV2,H,I,False,False,False,0.1634,True,data\H\frame_0068.jpg
MobileNetV2,H,I,False,False,False,0.1778,True,data\H\frame_0069.jpg
MobileNetV2,H,I,False,False,False,0.1502,True,data\H\frame_0070.jpg
MobileNetV2,H,Râu,False,False,True,0.1335,True,data\H\frame_0071.jpg
MobileNetV2,H,I,False,False,False,0.2354,True,data\H\frame_0072.jpg
MobileNetV2,H,Râu,False,False,True,0.234,True,data\H\frame_0073.jpg
MobileNetV2,H,I,False,False,True,0.1907,True,data\H\frame_0074.jpg
MobileNetV2,H,Râu,False,False,False,0.1641,True,data\H\frame_0075.jpg
MobileNetV2,H,Râu,False,False,True,0.2241,True,data\H\frame_0076.jpg
MobileNetV2,H,I,False,False,True,0.2605,True,data\H\frame_0077.jpg
MobileNetV2,H,Râu,False,False,True,0.2974,True,data\H\frame_0078.jpg
MobileNetV2,H,Râu,False,False,True,0.1745,True,data\H\frame_0079.jpg
MobileNetV2,H,I,False,False,True,0.2082,True,data\H\frame_0080.jpg
MobileNetV2,H,Râu,False,False,True,0.2985,True,data\H\frame_0081.jpg
MobileNetV2,H,Râu,False,False,True,0.2691,True,data\H\frame_0082.jpg
MobileNetV2,H,Râu,False,False,True,0.2589,True,data\H\frame_0083.jpg
MobileNetV2,H,Râu,False,False,True,0.2768,True,data\H\frame_0084.jpg
MobileNetV2,H,I,False,False,True,0.1921,True,data\H\frame_0085.jpg
MobileNetV2,H,Râu,False,False,True,0.2197,True,data\H\frame_0086.jpg
MobileNetV2,H,Râu,False,False,True,0.2533,True,data\H\frame_0087.jpg
MobileNetV2,H,Râu,False,False,False,0.2435,True,data\H\frame_0088.jpg
MobileNetV2,H,Râu,False,False,True,0.2371,True,data\H\frame_0089.jpg
MobileNetV2,H,Râu,False,False,False,0.2748,True,data\H\frame_0090.jpg
MobileNetV2,H,I,False,False,True,0.2346,True,data\H\frame_0091.jpg
MobileNetV2,H,Râu,False,False,False,0.2833,True,data\H\frame_0092.jpg
MobileNetV2,H,Râu,False,False,True,0.2496,True,data\H\frame_0093.jpg
MobileNetV2,H,Râu,False,False,False,0.3367,True,data\H\frame_0094.jpg
MobileNetV2,H,Râu,False,False,False,0.2065,True,data\H\frame_0095.jpg
MobileNetV2,H,Râu,False,False,False,0.3022,True,data\H\frame_0096.jpg
MobileNetV2,H,Râu,False,False,True,0.245,True,data\H\frame_0097.jpg
MobileNetV2,H,I,False,False,False,0.2314,True,data\H\frame_0098.jpg
MobileNetV2,H,Râu,False,False,False,0.1652,True,data\H\frame_0099.jpg
MobileNetV2,H,Râu,False,False,False,0.2318,True,data\H\frame_0100.jpg
MobileNetV2,H,I,False,False,True,0.3243,True,data\H\frame_0101.jpg
MobileNetV2,H,Râu,False,False,False,0.2439,True,data\H\frame_0102.jpg
MobileNetV2,H,I,False,False,False,0.2642,True,data\H\frame_0103.jpg
MobileNetV2,H,Râu,False,False,True,0.1996,True,data\H\frame_0104.jpg
MobileNetV2,H,Râu,False,False,False,0.1866,True,data\H\frame_0105.jpg
MobileNetV2,H,Râu,False,False,False,0.2817,True,data\H\frame_0106.jpg
MobileNetV2,H,Râu,False,False,False,0.2394,True,data\H\frame_0107.jpg
MobileNetV2,H,Râu,False,False,False,0.2095,True,data\H\frame_0108.jpg
MobileNetV2,H,I,False,False,False,0.1474,True,data\H\frame_0109.jpg
MobileNetV2,H,I,False,True,True,0.1223,True,data\H\frame_0110.jpg
MobileNetV2,H,Râu,False,False,False,0.1819,True,data\H\frame_0111.jpg
MobileNetV2,H,Râu,False,False,False,0.1804,True,data\H\frame_0112.jpg
MobileNetV2,H,I,False,False,False,0.2711,True,data\H\frame_0113.jpg
MobileNetV2,H,Râu,False,False,False,0.1707,True,data\H\frame_0114.jpg
MobileNetV2,H,I,False,False,False,0.2336,True,data\H\frame_0115.jpg
MobileNetV2,H,I,False,False,False,0.1722,True,data\H\frame_0116.jpg
MobileNetV2,H,I,False,False,False,0.2053,True,data\H\frame_0117.jpg
MobileNetV2,H,I,False,False,False,0.2384,True,data\H\frame_0118.jpg
MobileNetV2,H,I,False,False,False,0.2634,True,data\H\frame_0119.jpg
MobileNetV2,H,I,False,False,False,0.2097,True,data\H\frame_0120.jpg
MobileNetV2,H,I,False,False,True,0.1714,True,data\H\frame_0121.jpg
MobileNetV2,H,I,False,False,False,0.1996,True,data\H\frame_0122.jpg
MobileNetV2,H,I,False,False,False,0.1676,True,data\H\frame_0123.jpg
MobileNetV2,H,I,False,False,False,0.1778,True,data\H\frame_0124.jpg
MobileNetV2,H,Râu,False,False,False,0.0916,True,data\H\frame_0125.jpg
MobileNetV2,H,I,False,False,False,0.1293,True,data\H\frame_0126.jpg
MobileNetV2,H,D,False,False,False,0.1629,True,data\H\frame_0127.jpg
MobileNetV2,H,D,False,False,False,0.1501,True,data\H\frame_0128.jpg
MobileNetV2,H,D,False,False,False,0.1763,True,data\H\frame_0129.jpg
MobileNetV2,H,D,False,False,True,0.1514,True,data\H\frame_0130.jpg
MobileNetV2,H,I,False,False,True,0.1463,True,data\H\frame_0131.jpg
MobileNetV2,H,D,False,False,False,0.1264,True,data\H\frame_0132.jpg
MobileNetV2,H,I,False,False,False,0.1569,True,data\H\frame_0133.jpg
MobileNetV2,H,D,False,False,False,0.148,True,data\H\frame_0134.jpg
MobileNetV2,H,I,False,False,False,0.2027,True,data\H\frame_0135.jpg
MobileNetV2,H,D,False,False,False,0.1263,True,data\H\frame_0136.jpg
MobileNetV2,H,D,False,False,False,0.1302,True,data\H\frame_0137.jpg
MobileNetV2,H,D,False,False,False,0.1309,True,data\H\frame_0138.jpg
MobileNetV2,H,D,False,False,False,0.1654,True,data\H\frame_0139.jpg
MobileNetV2,H,I,False,False,False,0.1405,True,data\H\frame_0140.jpg
MobileNetV2,H,I,False,False,False,0.169,True,data\H\frame_0141.jpg
MobileNetV2,H,D,False,False,False,0.212,True,data\H\frame_0142.jpg
MobileNetV2,H,I,False,False,False,0.1593,True,data\H\frame_0143.jpg
MobileNetV2,H,I,False,False,False,0.1518,True,data\H\frame_0144.jpg
MobileNetV2,H,I,False,False,False,0.1405,True,data\H\frame_0145.jpg
MobileNetV2,H,I,False,False,False,0.1156,True,data\H\frame_0146.jpg
MobileNetV2,H,I,False,False,False,0.2058,True,data\H\frame_0147.jpg
MobileNetV2,H,I,False,False,False,0.1226,True,data\H\frame_0148.jpg
MobileNetV2,H,I,False,False,True,0.2013,True,data\H\frame_0149.jpg
MobileNetV2,H,I,False,False,True,0.1144,True,data\H\frame_0150.jpg
MobileNetV2,I,I,True,True,True,0.8008,True,data\I\frame_0001.jpg
MobileNetV2,I,I,True,True,True,0.7776,True,data\I\frame_0002.jpg
MobileNetV2,I,I,True,True,True,0.8324,True,data\I\frame_0003.jpg
MobileNetV2,I,I,True,True,True,0.7477,True,data\I\frame_0004.jpg
MobileNetV2,I,I,True,True,True,0.8087,True,data\I\frame_0005.jpg
MobileNetV2,I,I,True,True,True,0.811,True,data\I\frame_0006.jpg
MobileNetV2,I,I,True,True,True,0.7596,True,data\I\frame_0007.jpg
MobileNetV2,I,I,True,True,True,0.7686,True,data\I\frame_0008.jpg
MobileNetV2,I,I,True,True,True,0.7627,True,data\I\frame_0009.jpg
MobileNetV2,I,I,True,True,True,0.8551,True,data\I\frame_0010.jpg
MobileNetV2,I,I,True,True,True,0.7847,True,data\I\frame_0011.jpg
MobileNetV2,I,I,True,True,True,0.7592,True,data\I\frame_0012.jpg
MobileNetV2,I,I,True,True,True,0.7423,True,data\I\frame_0013.jpg
MobileNetV2,I,I,True,True,True,0.7904,True,data\I\frame_0014.jpg
MobileNetV2,I,I,True,True,True,0.7101,True,data\I\frame_0015.jpg
MobileNetV2,I,I,True,True,True,0.7886,True,data\I\frame_0016.jpg
MobileNetV2,I,I,True,True,True,0.7176,True,data\I\frame_0017.jpg
MobileNetV2,I,I,True,True,True,0.7249,True,data\I\frame_0018.jpg
MobileNetV2,I,I,True,True,True,0.7104,True,data\I\frame_0019.jpg
MobileNetV2,I,I,True,True,True,0.7131,True,data\I\frame_0020.jpg
MobileNetV2,I,I,True,True,True,0.8205,True,data\I\frame_0021.jpg
MobileNetV2,I,I,True,True,True,0.7524,True,data\I\frame_0022.jpg
MobileNetV2,I,I,True,True,True,0.6187,True,data\I\frame_0023.jpg
MobileNetV2,I,I,True,True,True,0.7605,True,data\I\frame_0024.jpg
MobileNetV2,I,I,True,True,True,0.7432,True,data\I\frame_0025.jpg
MobileNetV2,I,I,True,True,True,0.7679,True,data\I\frame_0026.jpg
MobileNetV2,I,I,True,True,True,0.7921,True,data\I\frame_0027.jpg
MobileNetV2,I,I,True,True,True,0.6432,True,data\I\frame_0028.jpg
MobileNetV2,I,I,True,True,True,0.7157,True,data\I\frame_0029.jpg
MobileNetV2,I,I,True,True,True,0.7748,True,data\I\frame_0030.jpg
MobileNetV2,I,I,True,True,True,0.7678,True,data\I\frame_0031.jpg
MobileNetV2,I,I,True,True,True,0.7408,True,data\I\frame_0032.jpg
MobileNetV2,I,I,True,True,True,0.7914,True,data\I\frame_0033.jpg
MobileNetV2,I,I,True,True,True,0.8428,True,data\I\frame_0034.jpg
MobileNetV2,I,I,True,True,True,0.797,True,data\I\frame_0035.jpg
MobileNetV2,I,I,True,True,True,0.7094,True,data\I\frame_0036.jpg
MobileNetV2,I,I,True,True,True,0.7885,True,data\I\frame_0037.jpg
MobileNetV2,I,I,True,True,True,0.8271,True,data\I\frame_0038.jpg
MobileNetV2,I,I,True,True,True,0.7822,True,data\I\frame_0039.jpg
MobileNetV2,I,I,True,True,True,0.7574,True,data\I\frame_0040.jpg
MobileNetV2,I,I,True,True,True,0.7223,True,data\I\frame_0041.jpg
MobileNetV2,I,I,True,True,True,0.8311,True,data\I\frame_0042.jpg
MobileNetV2,I,I,True,True,True,0.7903,True,data\I\frame_0043.jpg
MobileNetV2,I,I,True,True,True,0.7318,True,data\I\frame_0044.jpg
MobileNetV2,I,I,True,True,True,0.676,True,data\I\frame_0045.jpg
MobileNetV2,I,I,True,True,True,0.7312,True,data\I\frame_0046.jpg
MobileNetV2,I,I,True,True,True,0.7967,True,data\I\frame_0047.jpg
MobileNetV2,I,I,True,True,True,0.7488,True,data\I\frame_0048.jpg
MobileNetV2,I,I,True,True,True,0.8005,True,data\I\frame_0049.jpg
MobileNetV2,I,I,True,True,True,0.6862,True,data\I\frame_0050.jpg
MobileNetV2,I,I,True,True,True,0.7958,True,data\I\frame_0051.jpg
MobileNetV2,I,I,True,True,True,0.7173,True,data\I\frame_0052.jpg
MobileNetV2,I,I,True,True,True,0.7657,True,data\I\frame_0053.jpg
MobileNetV2,I,I,True,True,True,0.769,True,data\I\frame_0054.jpg
MobileNetV2,I,I,True,True,True,0.7733,True,data\I\frame_0055.jpg
MobileNetV2,I,I,True,True,True,0.7753,True,data\I\frame_0056.jpg
MobileNetV2,I,I,True,True,True,0.7696,True,data\I\frame_0057.jpg
MobileNetV2,I,I,True,True,True,0.7301,True,data\I\frame_0058.jpg
MobileNetV2,I,I,True,True,True,0.6917,True,data\I\frame_0059.jpg
MobileNetV2,I,I,True,True,True,0.6935,True,data\I\frame_0060.jpg
MobileNetV2,I,I,True,True,True,0.6696,True,data\I\frame_0061.jpg
MobileNetV2,I,I,True,True,True,0.7272,True,data\I\frame_0062.jpg
MobileNetV2,I,I,True,True,True,0.6464,True,data\I\frame_0063.jpg
MobileNetV2,I,I,True,True,True,0.7126,True,data\I\frame_0064.jpg
MobileNetV2,I,I,True,True,True,0.6544,True,data\I\frame_0065.jpg
MobileNetV2,I,I,True,True,True,0.6507,True,data\I\frame_0066.jpg
MobileNetV2,I,I,True,True,True,0.5752,True,data\I\frame_0067.jpg
MobileNetV2,I,I,True,True,True,0.6675,True,data\I\frame_0068.jpg
MobileNetV2,I,I,True,True,True,0.6792,True,data\I\frame_0069.jpg
MobileNetV2,I,I,True,True,True,0.6646,True,data\I\frame_0070.jpg
MobileNetV2,I,I,True,True,True,0.6741,True,data\I\frame_0071.jpg
MobileNetV2,I,I,True,True,True,0.7483,True,data\I\frame_0072.jpg
MobileNetV2,I,I,True,True,True,0.746,True,data\I\frame_0073.jpg
MobileNetV2,I,I,True,True,True,0.722,True,data\I\frame_0074.jpg
MobileNetV2,I,I,True,True,True,0.7389,True,data\I\frame_0075.jpg
MobileNetV2,I,I,True,True,True,0.7339,True,data\I\frame_0076.jpg
MobileNetV2,I,I,True,True,True,0.5838,True,data\I\frame_0077.jpg
MobileNetV2,I,I,True,True,True,0.5369,True,data\I\frame_0078.jpg
MobileNetV2,I,I,True,True,True,0.6224,True,data\I\frame_0079.jpg
MobileNetV2,I,I,True,True,True,0.5831,True,data\I\frame_0080.jpg
MobileNetV2,I,I,True,True,True,0.4597,True,data\I\frame_0081.jpg
MobileNetV2,I,I,True,True,True,0.6527,True,data\I\frame_0082.jpg
MobileNetV2,I,I,True,True,True,0.3041,True,data\I\frame_0083.jpg
MobileNetV2,I,I,True,True,True,0.6239,True,data\I\frame_0084.jpg
MobileNetV2,I,I,True,True,True,0.7286,True,data\I\frame_0085.jpg
MobileNetV2,I,I,True,True,True,0.6443,True,data\I\frame_0086.jpg
MobileNetV2,I,I,True,True,True,0.5998,True,data\I\frame_0087.jpg
MobileNetV2,I,I,True,True,True,0.6035,True,data\I\frame_0088.jpg
MobileNetV2,I,I,True,True,True,0.6888,True,data\I\frame_0089.jpg
MobileNetV2,I,I,True,True,True,0.694,True,data\I\frame_0090.jpg
MobileNetV2,I,I,True,True,True,0.526,True,data\I\frame_0091.jpg
MobileNetV2,I,I,True,True,True,0.6795,True,data\I\frame_0092.jpg
MobileNetV2,I,I,True,True,True,0.678,True,data\I\frame_0093.jpg
MobileNetV2,I,I,True,True,True,0.7268,True,data\I\frame_0094.jpg
MobileNetV2,I,I,True,True,True,0.6143,True,data\I\frame_0095.jpg
MobileNetV2,I,I,True,True,True,0.448,True,data\I\frame_0096.jpg
MobileNetV2,I,I,True,True,True,0.6625,True,data\I\frame_0097.jpg
MobileNetV2,I,I,True,True,True,0.491,True,data\I\frame_0098.jpg
MobileNetV2,I,I,True,True,True,0.491,True,data\I\frame_0099.jpg
MobileNetV2,I,I,True,True,True,0.6335,True,data\I\frame_0100.jpg
MobileNetV2,I,I,True,True,True,0.6206,True,data\I\frame_0101.jpg
MobileNetV2,I,I,True,True,True,0.5023,True,data\I\frame_0102.jpg
MobileNetV2,I,I,True,True,True,0.5111,True,data\I\frame_0103.jpg
MobileNetV2,I,I,True,True,True,0.6006,True,data\I\frame_0104.jpg
MobileNetV2,I,I,True,True,True,0.5207,True,data\I\frame_0105.jpg
MobileNetV2,I,I,True,True,True,0.6909,True,data\I\frame_0106.jpg
MobileNetV2,I,I,True,True,True,0.5985,True,data\I\frame_0107.jpg
MobileNetV2,I,I,True,True,True,0.6138,True,data\I\frame_0108.jpg
MobileNetV2,I,I,True,True,True,0.7015,True,data\I\frame_0109.jpg
MobileNetV2,I,I,True,True,True,0.7015,True,data\I\frame_0110.jpg
MobileNetV2,I,I,True,True,True,0.6208,True,data\I\frame_0111.jpg
MobileNetV2,I,I,True,True,True,0.495,True,data\I\frame_0112.jpg
MobileNetV2,I,I,True,True,True,0.6472,True,data\I\frame_0113.jpg
MobileNetV2,I,I,True,True,True,0.7429,True,data\I\frame_0114.jpg
MobileNetV2,I,I,True,True,True,0.6826,True,data\I\frame_0115.jpg
MobileNetV2,I,I,True,True,True,0.5583,True,data\I\frame_0116.jpg
MobileNetV2,I,I,True,True,True,0.6532,True,data\I\frame_0117.jpg
MobileNetV2,I,I,True,True,True,0.6303,True,data\I\frame_0118.jpg
MobileNetV2,I,I,True,True,True,0.6904,True,data\I\frame_0119.jpg
MobileNetV2,I,I,True,True,True,0.6658,True,data\I\frame_0120.jpg
MobileNetV2,I,I,True,True,True,0.6658,True,data\I\frame_0121.jpg
MobileNetV2,I,I,True,True,True,0.7415,True,data\I\frame_0122.jpg
MobileNetV2,I,I,True,True,True,0.6023,True,data\I\frame_0123.jpg
MobileNetV2,I,I,True,True,True,0.671,True,data\I\frame_0124.jpg
MobileNetV2,I,I,True,True,True,0.5668,True,data\I\frame_0125.jpg
MobileNetV2,I,I,True,True,True,0.5494,True,data\I\frame_0126.jpg
MobileNetV2,I,I,True,True,True,0.7233,True,data\I\frame_0127.jpg
MobileNetV2,I,I,True,True,True,0.4915,True,data\I\frame_0128.jpg
MobileNetV2,I,I,True,True,True,0.6925,True,data\I\frame_0129.jpg
MobileNetV2,I,I,True,True,True,0.6527,True,data\I\frame_0130.jpg
MobileNetV2,I,I,True,True,True,0.6215,True,data\I\frame_0131.jpg
MobileNetV2,I,I,True,True,True,0.6215,True,data\I\frame_0132.jpg
MobileNetV2,I,I,True,True,True,0.6434,True,data\I\frame_0133.jpg
MobileNetV2,I,I,True,True,True,0.5398,True,data\I\frame_0134.jpg
MobileNetV2,I,I,True,True,True,0.5747,True,data\I\frame_0135.jpg
MobileNetV2,I,I,True,True,True,0.7059,True,data\I\frame_0136.jpg
MobileNetV2,I,I,True,True,True,0.8027,True,data\I\frame_0137.jpg
MobileNetV2,I,I,True,True,True,0.7555,True,data\I\frame_0138.jpg
MobileNetV2,I,I,True,True,True,0.7369,True,data\I\frame_0139.jpg
MobileNetV2,I,I,True,True,True,0.6863,True,data\I\frame_0140.jpg
MobileNetV2,I,I,True,True,True,0.6542,True,data\I\frame_0141.jpg
MobileNetV2,I,I,True,True,True,0.7152,True,data\I\frame_0142.jpg
MobileNetV2,I,I,True,True,True,0.7152,True,data\I\frame_0143.jpg
MobileNetV2,I,I,True,True,True,0.6661,True,data\I\frame_0144.jpg
MobileNetV2,I,I,True,True,True,0.6932,True,data\I\frame_0145.jpg
MobileNetV2,I,I,True,True,True,0.6857,True,data\I\frame_0146.jpg
MobileNetV2,I,I,True,True,True,0.7124,True,data\I\frame_0147.jpg
MobileNetV2,I,I,True,True,True,0.6845,True,data\I\frame_0148.jpg
MobileNetV2,I,I,True,True,True,0.4867,True,data\I\frame_0149.jpg
MobileNetV2,I,I,True,True,True,0.7113,True,data\I\frame_0150.jpg
MobileNetV2,K,K,True,True,True,0.3802,True,data\K\frame_0001.jpg
MobileNetV2,K,K,True,True,True,0.4097,True,data\K\frame_0002.jpg
MobileNetV2,K,K,True,True,True,0.383,True,data\K\frame_0003.jpg
MobileNetV2,K,K,True,True,True,0.3031,True,data\K\frame_0004.jpg
MobileNetV2,K,K,True,True,True,0.3701,True,data\K\frame_0005.jpg
MobileNetV2,K,K,True,True,True,0.3328,True,data\K\frame_0006.jpg
MobileNetV2,K,K,True,True,True,0.3073,True,data\K\frame_0007.jpg
MobileNetV2,K,K,True,True,True,0.3487,True,data\K\frame_0008.jpg
MobileNetV2,K,K,True,True,True,0.3715,True,data\K\frame_0009.jpg
MobileNetV2,K,K,True,True,True,0.3684,True,data\K\frame_0010.jpg
MobileNetV2,K,K,True,True,True,0.3739,True,data\K\frame_0011.jpg
MobileNetV2,K,K,True,True,True,0.3625,True,data\K\frame_0012.jpg
MobileNetV2,K,K,True,True,True,0.3006,True,data\K\frame_0013.jpg
MobileNetV2,K,K,True,True,True,0.2794,True,data\K\frame_0014.jpg
MobileNetV2,K,K,True,True,True,0.4295,True,data\K\frame_0015.jpg
MobileNetV2,K,K,True,True,True,0.326,True,data\K\frame_0016.jpg
MobileNetV2,K,K,True,True,True,0.3482,True,data\K\frame_0017.jpg
MobileNetV2,K,K,True,True,True,0.288,True,data\K\frame_0018.jpg
MobileNetV2,K,K,True,True,True,0.389,True,data\K\frame_0019.jpg
MobileNetV2,K,K,True,True,True,0.4263,True,data\K\frame_0020.jpg
MobileNetV2,K,K,True,True,True,0.2787,True,data\K\frame_0021.jpg
MobileNetV2,K,K,True,True,True,0.2712,True,data\K\frame_0022.jpg
MobileNetV2,K,K,True,True,True,0.3396,True,data\K\frame_0023.jpg
MobileNetV2,K,K,True,True,True,0.3574,True,data\K\frame_0024.jpg
MobileNetV2,K,K,True,True,True,0.3701,True,data\K\frame_0025.jpg
MobileNetV2,K,K,True,True,True,0.2704,True,data\K\frame_0026.jpg
MobileNetV2,K,K,True,True,True,0.3284,True,data\K\frame_0027.jpg
MobileNetV2,K,K,True,True,True,0.2623,True,data\K\frame_0028.jpg
MobileNetV2,K,K,True,True,True,0.3556,True,data\K\frame_0029.jpg
MobileNetV2,K,K,True,True,True,0.3438,True,data\K\frame_0030.jpg
MobileNetV2,K,K,True,True,True,0.3516,True,data\K\frame_0031.jpg
MobileNetV2,K,K,True,True,True,0.3859,True,data\K\frame_0032.jpg
MobileNetV2,K,K,True,True,True,0.2623,True,data\K\frame_0033.jpg
MobileNetV2,K,K,True,True,True,0.3232,True,data\K\frame_0034.jpg
MobileNetV2,K,K,True,True,True,0.4041,True,data\K\frame_0035.jpg
MobileNetV2,K,K,True,True,True,0.2754,True,data\K\frame_0036.jpg
MobileNetV2,K,K,True,True,True,0.353,True,data\K\frame_0037.jpg
MobileNetV2,K,K,True,True,True,0.3566,True,data\K\frame_0038.jpg
MobileNetV2,K,K,True,True,True,0.3677,True,data\K\frame_0039.jpg
MobileNetV2,K,K,True,True,True,0.2607,True,data\K\frame_0040.jpg
MobileNetV2,K,K,True,True,True,0.3366,True,data\K\frame_0041.jpg
MobileNetV2,K,K,True,True,True,0.2092,True,data\K\frame_0042.jpg
MobileNetV2,K,K,True,True,True,0.3626,True,data\K\frame_0043.jpg
MobileNetV2,K,K,True,True,True,0.2202,True,data\K\frame_0044.jpg
MobileNetV2,K,K,True,True,True,0.2469,True,data\K\frame_0045.jpg
MobileNetV2,K,K,True,True,True,0.1912,True,data\K\frame_0046.jpg
MobileNetV2,K,K,True,True,True,0.2969,True,data\K\frame_0047.jpg
MobileNetV2,K,K,True,True,True,0.2164,True,data\K\frame_0048.jpg
MobileNetV2,K,K,True,True,True,0.2169,True,data\K\frame_0049.jpg
MobileNetV2,K,K,True,True,True,0.2169,True,data\K\frame_0050.jpg
MobileNetV2,K,K,True,True,True,0.4629,True,data\K\frame_0051.jpg
MobileNetV2,K,K,True,True,True,0.4277,True,data\K\frame_0052.jpg
MobileNetV2,K,K,True,True,True,0.4082,True,data\K\frame_0053.jpg
MobileNetV2,K,K,True,True,True,0.3051,True,data\K\frame_0054.jpg
MobileNetV2,K,K,True,True,True,0.3726,True,data\K\frame_0055.jpg
MobileNetV2,K,K,True,True,True,0.3428,True,data\K\frame_0056.jpg
MobileNetV2,K,K,True,True,True,0.2724,True,data\K\frame_0057.jpg
MobileNetV2,K,K,True,True,True,0.3538,True,data\K\frame_0058.jpg
MobileNetV2,K,K,True,True,True,0.2607,True,data\K\frame_0059.jpg
MobileNetV2,K,K,True,True,True,0.3534,True,data\K\frame_0060.jpg
MobileNetV2,K,K,True,True,True,0.3534,True,data\K\frame_0061.jpg
MobileNetV2,K,K,True,True,True,0.3069,True,data\K\frame_0062.jpg
MobileNetV2,K,K,True,True,True,0.4079,True,data\K\frame_0063.jpg
MobileNetV2,K,K,True,True,True,0.2942,True,data\K\frame_0064.jpg
MobileNetV2,K,K,True,True,True,0.3157,True,data\K\frame_0065.jpg
MobileNetV2,K,K,True,True,True,0.3797,True,data\K\frame_0066.jpg
MobileNetV2,K,K,True,True,True,0.3463,True,data\K\frame_0067.jpg
MobileNetV2,K,K,True,True,True,0.3338,True,data\K\frame_0068.jpg
MobileNetV2,K,K,True,True,True,0.3177,True,data\K\frame_0069.jpg
MobileNetV2,K,K,True,True,True,0.3735,True,data\K\frame_0070.jpg
MobileNetV2,K,K,True,True,True,0.3581,True,data\K\frame_0071.jpg
MobileNetV2,K,K,True,True,True,0.3581,True,data\K\frame_0072.jpg
MobileNetV2,K,K,True,True,True,0.4342,True,data\K\frame_0073.jpg
MobileNetV2,K,K,True,True,True,0.5186,True,data\K\frame_0074.jpg
MobileNetV2,K,K,True,True,True,0.3874,True,data\K\frame_0075.jpg
MobileNetV2,K,K,True,True,True,0.5114,True,data\K\frame_0076.jpg
MobileNetV2,K,K,True,True,True,0.4807,True,data\K\frame_0077.jpg
MobileNetV2,K,K,True,True,True,0.5193,True,data\K\frame_0078.jpg
MobileNetV2,K,K,True,True,True,0.4324,True,data\K\frame_0079.jpg
MobileNetV2,K,K,True,True,True,0.483,True,data\K\frame_0080.jpg
MobileNetV2,K,K,True,True,True,0.5401,True,data\K\frame_0081.jpg
MobileNetV2,K,K,True,True,True,0.5401,True,data\K\frame_0082.jpg
MobileNetV2,K,K,True,True,True,0.5606,True,data\K\frame_0083.jpg
MobileNetV2,K,K,True,True,True,0.4367,True,data\K\frame_0084.jpg
MobileNetV2,K,K,True,True,True,0.3938,True,data\K\frame_0085.jpg
MobileNetV2,K,K,True,True,True,0.4468,True,data\K\frame_0086.jpg
MobileNetV2,K,K,True,True,True,0.5036,True,data\K\frame_0087.jpg
MobileNetV2,K,K,True,True,True,0.5088,True,data\K\frame_0088.jpg
MobileNetV2,K,K,True,True,True,0.3989,True,data\K\frame_0089.jpg
MobileNetV2,K,K,True,True,True,0.4015,True,data\K\frame_0090.jpg
MobileNetV2,K,K,True,True,True,0.5005,True,data\K\frame_0091.jpg
MobileNetV2,K,K,True,True,True,0.3627,True,data\K\frame_0092.jpg
MobileNetV2,K,K,True,True,True,0.3627,True,data\K\frame_0093.jpg
MobileNetV2,K,K,True,True,True,0.3387,True,data\K\frame_0094.jpg
MobileNetV2,K,K,True,True,True,0.3866,True,data\K\frame_0095.jpg
MobileNetV2,K,K,True,True,True,0.3177,True,data\K\frame_0096.jpg
MobileNetV2,K,K,True,True,True,0.3895,True,data\K\frame_0097.jpg
MobileNetV2,K,K,True,True,True,0.3043,True,data\K\frame_0098.jpg
MobileNetV2,K,K,True,True,True,0.3799,True,data\K\frame_0099.jpg
MobileNetV2,K,K,True,True,True,0.4214,True,data\K\frame_0100.jpg
MobileNetV2,K,K,True,True,True,0.3038,True,data\K\frame_0101.jpg
MobileNetV2,K,K,True,True,True,0.3652,True,data\K\frame_0102.jpg
MobileNetV2,K,K,True,True,True,0.4583,True,data\K\frame_0103.jpg
MobileNetV2,K,K,True,True,True,0.4583,True,data\K\frame_0104.jpg
MobileNetV2,K,K,True,True,True,0.4672,True,data\K\frame_0105.jpg
MobileNetV2,K,K,True,True,True,0.427,True,data\K\frame_0106.jpg
MobileNetV2,K,K,True,True,True,0.3805,True,data\K\frame_0107.jpg
MobileNetV2,K,K,True,True,True,0.3934,True,data\K\frame_0108.jpg
MobileNetV2,K,K,True,True,True,0.3829,True,data\K\frame_0109.jpg
MobileNetV2,K,K,True,True,True,0.3753,True,data\K\frame_0110.jpg
MobileNetV2,K,K,True,True,True,0.5395,True,data\K\frame_0111.jpg
MobileNetV2,K,K,True,True,True,0.4181,True,data\K\frame_0112.jpg
MobileNetV2,K,K,True,True,True,0.4384,True,data\K\frame_0113.jpg
MobileNetV2,K,K,True,True,True,0.4324,True,data\K\frame_0114.jpg
MobileNetV2,K,K,True,True,True,0.4324,True,data\K\frame_0115.jpg
MobileNetV2,K,K,True,True,True,0.3987,True,data\K\frame_0116.jpg
MobileNetV2,K,K,True,True,True,0.5592,True,data\K\frame_0117.jpg
MobileNetV2,K,K,True,True,True,0.4936,True,data\K\frame_0118.jpg
MobileNetV2,K,K,True,True,True,0.4601,True,data\K\frame_0119.jpg
MobileNetV2,K,K,True,True,True,0.4419,True,data\K\frame_0120.jpg
MobileNetV2,K,K,True,True,True,0.5335,True,data\K\frame_0121.jpg
MobileNetV2,K,K,True,True,True,0.4353,True,data\K\frame_0122.jpg
MobileNetV2,K,K,True,True,True,0.4548,True,data\K\frame_0123.jpg
MobileNetV2,K,K,True,True,True,0.3514,True,data\K\frame_0124.jpg
MobileNetV2,K,K,True,True,True,0.2905,True,data\K\frame_0125.jpg
MobileNetV2,K,K,True,True,True,0.2905,True,data\K\frame_0126.jpg
MobileNetV2,K,K,True,True,True,0.5013,True,data\K\frame_0127.jpg
MobileNetV2,K,K,True,True,True,0.4124,True,data\K\frame_0128.jpg
MobileNetV2,K,K,True,True,True,0.4504,True,data\K\frame_0129.jpg
MobileNetV2,K,K,True,True,True,0.3692,True,data\K\frame_0130.jpg
MobileNetV2,K,K,True,True,True,0.4918,True,data\K\frame_0131.jpg
MobileNetV2,K,K,True,True,True,0.3837,True,data\K\frame_0132.jpg
MobileNetV2,K,K,True,True,True,0.4067,True,data\K\frame_0133.jpg
MobileNetV2,K,K,True,True,True,0.4641,True,data\K\frame_0134.jpg
MobileNetV2,K,K,True,True,True,0.3591,True,data\K\frame_0135.jpg
MobileNetV2,K,K,True,True,True,0.3381,True,data\K\frame_0136.jpg
MobileNetV2,K,K,True,True,True,0.3381,True,data\K\frame_0137.jpg
MobileNetV2,K,K,True,True,True,0.4277,True,data\K\frame_0138.jpg
MobileNetV2,K,K,True,True,True,0.3768,True,data\K\frame_0139.jpg
MobileNetV2,K,K,True,True,True,0.332,True,data\K\frame_0140.jpg
MobileNetV2,K,K,True,True,True,0.4638,True,data\K\frame_0141.jpg
MobileNetV2,K,K,True,True,True,0.4435,True,data\K\frame_0142.jpg
MobileNetV2,K,K,True,True,True,0.3927,True,data\K\frame_0143.jpg
MobileNetV2,K,K,True,True,True,0.4517,True,data\K\frame_0144.jpg
MobileNetV2,K,K,True,True,True,0.4513,True,data\K\frame_0145.jpg
MobileNetV2,K,K,True,True,True,0.3459,True,data\K\frame_0146.jpg
MobileNetV2,K,K,True,True,True,0.4909,True,data\K\frame_0147.jpg
MobileNetV2,K,K,True,True,True,0.4909,True,data\K\frame_0148.jpg
MobileNetV2,K,K,True,True,True,0.4553,True,data\K\frame_0149.jpg
MobileNetV2,K,K,True,True,True,0.3999,True,data\K\frame_0150.jpg
MobileNetV2,L,L,True,True,True,0.4153,True,data\L\frame_0001.jpg
MobileNetV2,L,L,True,True,True,0.5354,True,data\L\frame_0002.jpg
MobileNetV2,L,L,True,True,True,0.4377,True,data\L\frame_0003.jpg
MobileNetV2,L,L,True,True,True,0.4525,True,data\L\frame_0004.jpg
MobileNetV2,L,L,True,True,True,0.4186,True,data\L\frame_0005.jpg
MobileNetV2,L,L,True,True,True,0.5304,True,data\L\frame_0006.jpg
MobileNetV2,L,L,True,True,True,0.4843,True,data\L\frame_0007.jpg
MobileNetV2,L,L,True,True,True,0.4538,True,data\L\frame_0008.jpg
MobileNetV2,L,L,True,True,True,0.5154,True,data\L\frame_0009.jpg
MobileNetV2,L,L,True,True,True,0.4679,True,data\L\frame_0010.jpg
MobileNetV2,L,L,True,True,True,0.4939,True,data\L\frame_0011.jpg
MobileNetV2,L,L,True,True,True,0.4633,True,data\L\frame_0012.jpg
MobileNetV2,L,L,True,True,True,0.511,True,data\L\frame_0013.jpg
MobileNetV2,L,L,True,True,True,0.5221,True,data\L\frame_0014.jpg
MobileNetV2,L,L,True,True,True,0.3859,True,data\L\frame_0015.jpg
MobileNetV2,L,L,True,True,True,0.4698,True,data\L\frame_0016.jpg
MobileNetV2,L,L,True,True,True,0.3689,True,data\L\frame_0017.jpg
MobileNetV2,L,L,True,True,True,0.5304,True,data\L\frame_0018.jpg
MobileNetV2,L,L,True,True,True,0.5573,True,data\L\frame_0019.jpg
MobileNetV2,L,L,True,True,True,0.5075,True,data\L\frame_0020.jpg
MobileNetV2,L,L,True,True,True,0.4693,True,data\L\frame_0021.jpg
MobileNetV2,L,L,True,True,True,0.4768,True,data\L\frame_0022.jpg
MobileNetV2,L,L,True,True,True,0.5045,True,data\L\frame_0023.jpg
MobileNetV2,L,L,True,True,True,0.4052,True,data\L\frame_0024.jpg
MobileNetV2,L,L,True,True,True,0.5863,True,data\L\frame_0025.jpg
MobileNetV2,L,L,True,True,True,0.6602,True,data\L\frame_0026.jpg
MobileNetV2,L,L,True,True,True,0.5453,True,data\L\frame_0027.jpg
MobileNetV2,L,L,True,True,True,0.582,True,data\L\frame_0028.jpg
MobileNetV2,L,L,True,True,True,0.6563,True,data\L\frame_0029.jpg
MobileNetV2,L,L,True,True,True,0.5667,True,data\L\frame_0030.jpg
MobileNetV2,L,L,True,True,True,0.597,True,data\L\frame_0031.jpg
MobileNetV2,L,L,True,True,True,0.6073,True,data\L\frame_0032.jpg
MobileNetV2,L,L,True,True,True,0.5626,True,data\L\frame_0033.jpg
MobileNetV2,L,L,True,True,True,0.5985,True,data\L\frame_0034.jpg
MobileNetV2,L,L,True,True,True,0.5781,True,data\L\frame_0035.jpg
MobileNetV2,L,L,True,True,True,0.6154,True,data\L\frame_0036.jpg
MobileNetV2,L,L,True,True,True,0.5577,True,data\L\frame_0037.jpg
MobileNetV2,L,L,True,True,True,0.516,True,data\L\frame_0038.jpg
MobileNetV2,L,L,True,True,True,0.544,True,data\L\frame_0039.jpg
MobileNetV2,L,L,True,True,True,0.5733,True,data\L\frame_0040.jpg
MobileNetV2,L,L,True,True,True,0.5858,True,data\L\frame_0041.jpg
MobileNetV2,L,L,True,True,True,0.5888,True,data\L\frame_0042.jpg
MobileNetV2,L,L,True,True,True,0.6139,True,data\L\frame_0043.jpg
MobileNetV2,L,L,True,True,True,0.6056,True,data\L\frame_0044.jpg
MobileNetV2,L,L,True,True,True,0.5154,True,data\L\frame_0045.jpg
MobileNetV2,L,L,True,True,True,0.4901,True,data\L\frame_0046.jpg
MobileNetV2,L,L,True,True,True,0.5678,True,data\L\frame_0047.jpg
MobileNetV2,L,L,True,True,True,0.6057,True,data\L\frame_0048.jpg
MobileNetV2,L,L,True,True,True,0.4272,True,data\L\frame_0049.jpg
MobileNetV2,L,L,True,True,True,0.4881,True,data\L\frame_0050.jpg
MobileNetV2,L,L,True,True,True,0.4148,True,data\L\frame_0051.jpg
MobileNetV2,L,L,True,True,True,0.4507,True,data\L\frame_0052.jpg
MobileNetV2,L,L,True,True,True,0.4688,True,data\L\frame_0053.jpg
MobileNetV2,L,L,True,True,True,0.4758,True,data\L\frame_0054.jpg
MobileNetV2,L,L,True,True,True,0.4523,True,data\L\frame_0055.jpg
MobileNetV2,L,L,True,True,True,0.5556,True,data\L\frame_0056.jpg
MobileNetV2,L,L,True,True,True,0.4281,True,data\L\frame_0057.jpg
MobileNetV2,L,L,True,True,True,0.4232,True,data\L\frame_0058.jpg
MobileNetV2,L,L,True,True,True,0.4623,True,data\L\frame_0059.jpg
MobileNetV2,L,L,True,True,True,0.523,True,data\L\frame_0060.jpg
MobileNetV2,L,L,True,True,True,0.4743,True,data\L\frame_0061.jpg
MobileNetV2,L,L,True,True,True,0.5608,True,data\L\frame_0062.jpg
MobileNetV2,L,L,True,True,True,0.5595,True,data\L\frame_0063.jpg
MobileNetV2,L,L,True,True,True,0.5914,True,data\L\frame_0064.jpg
MobileNetV2,L,L,True,True,True,0.6311,True,data\L\frame_0065.jpg
MobileNetV2,L,L,True,True,True,0.5724,True,data\L\frame_0066.jpg
MobileNetV2,L,L,True,True,True,0.6871,True,data\L\frame_0067.jpg
MobileNetV2,L,L,True,True,True,0.6593,True,data\L\frame_0068.jpg
MobileNetV2,L,L,True,True,True,0.6806,True,data\L\frame_0069.jpg
MobileNetV2,L,L,True,True,True,0.6775,True,data\L\frame_0070.jpg
MobileNetV2,L,L,True,True,True,0.6066,True,data\L\frame_0071.jpg
MobileNetV2,L,L,True,True,True,0.602,True,data\L\frame_0072.jpg
MobileNetV2,L,L,True,True,True,0.5834,True,data\L\frame_0073.jpg
MobileNetV2,L,L,True,True,True,0.5644,True,data\L\frame_0074.jpg
MobileNetV2,L,L,True,True,True,0.5472,True,data\L\frame_0075.jpg
MobileNetV2,L,L,True,True,True,0.5904,True,data\L\frame_0076.jpg
MobileNetV2,L,L,True,True,True,0.5388,True,data\L\frame_0077.jpg
MobileNetV2,L,L,True,True,True,0.5958,True,data\L\frame_0078.jpg
MobileNetV2,L,L,True,True,True,0.6306,True,data\L\frame_0079.jpg
MobileNetV2,L,L,True,True,True,0.5969,True,data\L\frame_0080.jpg
MobileNetV2,L,L,True,True,True,0.6201,True,data\L\frame_0081.jpg
MobileNetV2,L,L,True,True,True,0.6301,True,data\L\frame_0082.jpg
MobileNetV2,L,L,True,True,True,0.5466,True,data\L\frame_0083.jpg
MobileNetV2,L,L,True,True,True,0.5948,True,data\L\frame_0084.jpg
MobileNetV2,L,L,True,True,True,0.5419,True,data\L\frame_0085.jpg
MobileNetV2,L,L,True,True,True,0.5634,True,data\L\frame_0086.jpg
MobileNetV2,L,L,True,True,True,0.5515,True,data\L\frame_0087.jpg
MobileNetV2,L,L,True,True,True,0.5284,True,data\L\frame_0088.jpg
MobileNetV2,L,L,True,True,True,0.5006,True,data\L\frame_0089.jpg
MobileNetV2,L,L,True,True,True,0.4771,True,data\L\frame_0090.jpg
MobileNetV2,L,L,True,True,True,0.4803,True,data\L\frame_0091.jpg
MobileNetV2,L,L,True,True,True,0.468,True,data\L\frame_0092.jpg
MobileNetV2,L,L,True,True,True,0.4855,True,data\L\frame_0093.jpg
MobileNetV2,L,L,True,True,True,0.6081,True,data\L\frame_0094.jpg
MobileNetV2,L,L,True,True,True,0.4802,True,data\L\frame_0095.jpg
MobileNetV2,L,L,True,True,True,0.57,True,data\L\frame_0096.jpg
MobileNetV2,L,L,True,True,True,0.4894,True,data\L\frame_0097.jpg
MobileNetV2,L,L,True,True,True,0.4763,True,data\L\frame_0098.jpg
MobileNetV2,L,L,True,True,True,0.5578,True,data\L\frame_0099.jpg
MobileNetV2,L,L,True,True,True,0.4073,True,data\L\frame_0100.jpg
MobileNetV2,L,L,True,True,True,0.4496,True,data\L\frame_0101.jpg
MobileNetV2,L,L,True,True,True,0.379,True,data\L\frame_0102.jpg
MobileNetV2,L,L,True,True,True,0.3728,True,data\L\frame_0103.jpg
MobileNetV2,L,L,True,True,True,0.4389,True,data\L\frame_0104.jpg
MobileNetV2,L,L,True,True,True,0.4553,True,data\L\frame_0105.jpg
MobileNetV2,L,L,True,True,True,0.544,True,data\L\frame_0106.jpg
MobileNetV2,L,L,True,True,True,0.4555,True,data\L\frame_0107.jpg
MobileNetV2,L,L,True,True,True,0.5269,True,data\L\frame_0108.jpg
MobileNetV2,L,L,True,True,True,0.5355,True,data\L\frame_0109.jpg
MobileNetV2,L,L,True,True,True,0.5042,True,data\L\frame_0110.jpg
MobileNetV2,L,L,True,True,True,0.5926,True,data\L\frame_0111.jpg
MobileNetV2,L,L,True,True,True,0.3755,True,data\L\frame_0112.jpg
MobileNetV2,L,L,True,True,True,0.4942,True,data\L\frame_0113.jpg
MobileNetV2,L,L,True,True,True,0.5513,True,data\L\frame_0114.jpg
MobileNetV2,L,L,True,True,True,0.6778,True,data\L\frame_0115.jpg
MobileNetV2,L,L,True,True,True,0.6172,True,data\L\frame_0116.jpg
MobileNetV2,L,L,True,True,True,0.5655,True,data\L\frame_0117.jpg
MobileNetV2,L,L,True,True,True,0.5173,True,data\L\frame_0118.jpg
MobileNetV2,L,L,True,True,True,0.5735,True,data\L\frame_0119.jpg
MobileNetV2,L,L,True,True,True,0.6771,True,data\L\frame_0120.jpg
MobileNetV2,L,L,True,True,True,0.4957,True,data\L\frame_0121.jpg
MobileNetV2,L,L,True,True,True,0.48,True,data\L\frame_0122.jpg
MobileNetV2,L,L,True,True,True,0.6555,True,data\L\frame_0123.jpg
MobileNetV2,L,L,True,True,True,0.4149,True,data\L\frame_0124.jpg
MobileNetV2,L,L,True,True,True,0.5171,True,data\L\frame_0125.jpg
MobileNetV2,L,L,True,True,True,0.598,True,data\L\frame_0126.jpg
MobileNetV2,L,L,True,True,True,0.4735,True,data\L\frame_0127.jpg
MobileNetV2,L,L,True,True,True,0.5599,True,data\L\frame_0128.jpg
MobileNetV2,L,L,True,True,True,0.5072,True,data\L\frame_0129.jpg
MobileNetV2,L,L,True,True,True,0.5889,True,data\L\frame_0130.jpg
MobileNetV2,L,L,True,True,True,0.4636,True,data\L\frame_0131.jpg
MobileNetV2,L,L,True,True,True,0.6754,True,data\L\frame_0132.jpg
MobileNetV2,L,L,True,True,True,0.7025,True,data\L\frame_0133.jpg
MobileNetV2,L,L,True,True,True,0.5623,True,data\L\frame_0134.jpg
MobileNetV2,L,L,True,True,True,0.6081,True,data\L\frame_0135.jpg
MobileNetV2,L,L,True,True,True,0.636,True,data\L\frame_0136.jpg
MobileNetV2,L,L,True,True,True,0.5964,True,data\L\frame_0137.jpg
MobileNetV2,L,L,True,True,True,0.6,True,data\L\frame_0138.jpg
MobileNetV2,L,L,True,True,True,0.623,True,data\L\frame_0139.jpg
MobileNetV2,L,L,True,True,True,0.6655,True,data\L\frame_0140.jpg
MobileNetV2,L,L,True,True,True,0.5801,True,data\L\frame_0141.jpg
MobileNetV2,L,L,True,True,True,0.6756,True,data\L\frame_0142.jpg
MobileNetV2,L,L,True,True,True,0.6625,True,data\L\frame_0143.jpg
MobileNetV2,L,L,True,True,True,0.668,True,data\L\frame_0144.jpg
MobileNetV2,L,L,True,True,True,0.5492,True,data\L\frame_0145.jpg
MobileNetV2,L,L,True,True,True,0.5861,True,data\L\frame_0146.jpg
MobileNetV2,L,L,True,True,True,0.707,True,data\L\frame_0147.jpg
MobileNetV2,L,L,True,True,True,0.5686,True,data\L\frame_0148.jpg
MobileNetV2,L,L,True,True,True,0.659,True,data\L\frame_0149.jpg
MobileNetV2,L,L,True,True,True,0.5525,True,data\L\frame_0150.jpg
MobileNetV2,M,M,True,True,True,0.8701,True,data\M\frame_0001.jpg
MobileNetV2,M,M,True,True,True,0.8191,True,data\M\frame_0002.jpg
MobileNetV2,M,M,True,True,True,0.8189,True,data\M\frame_0003.jpg
MobileNetV2,M,M,True,True,True,0.8295,True,data\M\frame_0004.jpg
MobileNetV2,M,M,True,True,True,0.8295,True,data\M\frame_0005.jpg
MobileNetV2,M,M,True,True,True,0.8715,True,data\M\frame_0006.jpg
MobileNetV2,M,M,True,True,True,0.8183,True,data\M\frame_0007.jpg
MobileNetV2,M,M,True,True,True,0.7999,True,data\M\frame_0008.jpg
MobileNetV2,M,M,True,True,True,0.8816,True,data\M\frame_0009.jpg
MobileNetV2,M,M,True,True,True,0.8338,True,data\M\frame_0010.jpg
MobileNetV2,M,M,True,True,True,0.8601,True,data\M\frame_0011.jpg
MobileNetV2,M,M,True,True,True,0.8519,True,data\M\frame_0012.jpg
MobileNetV2,M,M,True,True,True,0.8541,True,data\M\frame_0013.jpg
MobileNetV2,M,M,True,True,True,0.837,True,data\M\frame_0014.jpg
MobileNetV2,M,M,True,True,True,0.8604,True,data\M\frame_0015.jpg
MobileNetV2,M,M,True,True,True,0.8604,True,data\M\frame_0016.jpg
MobileNetV2,M,M,True,True,True,0.9036,True,data\M\frame_0017.jpg
MobileNetV2,M,M,True,True,True,0.9031,True,data\M\frame_0018.jpg
MobileNetV2,M,M,True,True,True,0.8741,True,data\M\frame_0019.jpg
MobileNetV2,M,M,True,True,True,0.7892,True,data\M\frame_0020.jpg
MobileNetV2,M,M,True,True,True,0.7557,True,data\M\frame_0021.jpg
MobileNetV2,M,M,True,True,True,0.7556,True,data\M\frame_0022.jpg
MobileNetV2,M,M,True,True,True,0.6967,True,data\M\frame_0023.jpg
MobileNetV2,M,M,True,True,True,0.4652,True,data\M\frame_0024.jpg
MobileNetV2,M,M,True,True,True,0.7541,True,data\M\frame_0025.jpg
MobileNetV2,M,M,True,True,True,0.7229,True,data\M\frame_0026.jpg
MobileNetV2,M,M,True,True,True,0.7229,True,data\M\frame_0027.jpg
MobileNetV2,M,M,True,True,True,0.7683,True,data\M\frame_0028.jpg
MobileNetV2,M,M,True,True,True,0.7212,True,data\M\frame_0029.jpg
MobileNetV2,M,M,True,True,True,0.7068,True,data\M\frame_0030.jpg
MobileNetV2,M,M,True,True,True,0.7669,True,data\M\frame_0031.jpg
MobileNetV2,M,M,True,True,True,0.7348,True,data\M\frame_0032.jpg
MobileNetV2,M,M,True,True,True,0.7915,True,data\M\frame_0033.jpg
MobileNetV2,M,M,True,True,True,0.7842,True,data\M\frame_0034.jpg
MobileNetV2,M,M,True,True,True,0.5659,True,data\M\frame_0035.jpg
MobileNetV2,M,M,True,True,True,0.7311,True,data\M\frame_0036.jpg
MobileNetV2,M,M,True,True,True,0.8221,True,data\M\frame_0037.jpg
MobileNetV2,M,M,True,True,True,0.8221,True,data\M\frame_0038.jpg
MobileNetV2,M,M,True,True,True,0.7727,True,data\M\frame_0039.jpg
MobileNetV2,M,M,True,True,True,0.7814,True,data\M\frame_0040.jpg
MobileNetV2,M,M,True,True,True,0.8465,True,data\M\frame_0041.jpg
MobileNetV2,M,M,True,True,True,0.7988,True,data\M\frame_0042.jpg
MobileNetV2,M,M,True,True,True,0.8937,True,data\M\frame_0043.jpg
MobileNetV2,M,M,True,True,True,0.8793,True,data\M\frame_0044.jpg
MobileNetV2,M,M,True,True,True,0.8703,True,data\M\frame_0045.jpg
MobileNetV2,M,M,True,True,True,0.921,True,data\M\frame_0046.jpg
MobileNetV2,M,M,True,True,True,0.8859,True,data\M\frame_0047.jpg
MobileNetV2,M,M,True,True,True,0.8407,True,data\M\frame_0048.jpg
MobileNetV2,M,M,True,True,True,0.8407,True,data\M\frame_0049.jpg
MobileNetV2,M,M,True,True,True,0.8651,True,data\M\frame_0050.jpg
MobileNetV2,M,M,True,True,True,0.8027,True,data\M\frame_0051.jpg
MobileNetV2,M,M,True,True,True,0.8947,True,data\M\frame_0052.jpg
MobileNetV2,M,M,True,True,True,0.9082,True,data\M\frame_0053.jpg
MobileNetV2,M,M,True,True,True,0.8704,True,data\M\frame_0054.jpg
MobileNetV2,M,M,True,True,True,0.8051,True,data\M\frame_0055.jpg
MobileNetV2,M,M,True,True,True,0.8832,True,data\M\frame_0056.jpg
MobileNetV2,M,M,True,True,True,0.7988,True,data\M\frame_0057.jpg
MobileNetV2,M,M,True,True,True,0.8464,True,data\M\frame_0058.jpg
MobileNetV2,M,M,True,True,True,0.8345,True,data\M\frame_0059.jpg
MobileNetV2,M,M,True,True,True,0.8345,True,data\M\frame_0060.jpg
MobileNetV2,M,M,True,True,True,0.8237,True,data\M\frame_0061.jpg
MobileNetV2,M,M,True,True,True,0.9003,True,data\M\frame_0062.jpg
MobileNetV2,M,M,True,True,True,0.8749,True,data\M\frame_0063.jpg
MobileNetV2,M,M,True,True,True,0.8291,True,data\M\frame_0064.jpg
MobileNetV2,M,M,True,True,True,0.8511,True,data\M\frame_0065.jpg
MobileNetV2,M,M,True,True,True,0.8919,True,data\M\frame_0066.jpg
MobileNetV2,M,M,True,True,True,0.8331,True,data\M\frame_0067.jpg
MobileNetV2,M,M,True,True,True,0.8593,True,data\M\frame_0068.jpg
MobileNetV2,M,M,True,True,True,0.8651,True,data\M\frame_0069.jpg
MobileNetV2,M,M,True,True,True,0.855,True,data\M\frame_0070.jpg
MobileNetV2,M,M,True,True,True,0.855,True,data\M\frame_0071.jpg
MobileNetV2,M,M,True,True,True,0.908,True,data\M\frame_0072.jpg
MobileNetV2,M,M,True,True,True,0.8254,True,data\M\frame_0073.jpg
MobileNetV2,M,M,True,True,True,0.8294,True,data\M\frame_0074.jpg
MobileNetV2,M,M,True,True,True,0.8315,True,data\M\frame_0075.jpg
MobileNetV2,M,M,True,True,True,0.8567,True,data\M\frame_0076.jpg
MobileNetV2,M,M,True,True,True,0.8004,True,data\M\frame_0077.jpg
MobileNetV2,M,M,True,True,True,0.8714,True,data\M\frame_0078.jpg
MobileNetV2,M,M,True,True,True,0.8609,True,data\M\frame_0079.jpg
MobileNetV2,M,M,True,True,True,0.9051,True,data\M\frame_0080.jpg
MobileNetV2,M,M,True,True,True,0.9051,True,data\M\frame_0081.jpg
MobileNetV2,M,M,True,True,True,0.8989,True,data\M\frame_0082.jpg
MobileNetV2,M,M,True,True,True,0.8801,True,data\M\frame_0083.jpg
MobileNetV2,M,M,True,True,True,0.8981,True,data\M\frame_0084.jpg
MobileNetV2,M,M,True,True,True,0.8958,True,data\M\frame_0085.jpg
MobileNetV2,M,M,True,True,True,0.8589,True,data\M\frame_0086.jpg
MobileNetV2,M,M,True,True,True,0.8914,True,data\M\frame_0087.jpg
MobileNetV2,M,M,True,True,True,0.8744,True,data\M\frame_0088.jpg
MobileNetV2,M,M,True,True,True,0.8906,True,data\M\frame_0089.jpg
MobileNetV2,M,M,True,True,True,0.8361,True,data\M\frame_0090.jpg
MobileNetV2,M,M,True,True,True,0.8449,True,data\M\frame_0091.jpg
MobileNetV2,M,M,True,True,True,0.835,True,data\M\frame_0092.jpg
MobileNetV2,M,M,True,True,True,0.8522,True,data\M\frame_0093.jpg
MobileNetV2,M,M,True,True,True,0.8528,True,data\M\frame_0094.jpg
MobileNetV2,M,M,True,True,True,0.8504,True,data\M\frame_0095.jpg
MobileNetV2,M,M,True,True,True,0.8413,True,data\M\frame_0096.jpg
MobileNetV2,M,M,True,True,True,0.8127,True,data\M\frame_0097.jpg
MobileNetV2,M,M,True,True,True,0.7648,True,data\M\frame_0098.jpg
MobileNetV2,M,M,True,True,True,0.7551,True,data\M\frame_0099.jpg
MobileNetV2,M,M,True,True,True,0.7839,True,data\M\frame_0100.jpg
MobileNetV2,M,M,True,True,True,0.7827,True,data\M\frame_0101.jpg
MobileNetV2,M,M,True,True,True,0.7584,True,data\M\frame_0102.jpg
MobileNetV2,M,M,True,True,True,0.7317,True,data\M\frame_0103.jpg
MobileNetV2,M,M,True,True,True,0.6852,True,data\M\frame_0104.jpg
MobileNetV2,M,M,True,True,True,0.8082,True,data\M\frame_0105.jpg
MobileNetV2,M,M,True,True,True,0.7723,True,data\M\frame_0106.jpg
MobileNetV2,M,M,True,True,True,0.8746,True,data\M\frame_0107.jpg
MobileNetV2,M,M,True,True,True,0.8261,True,data\M\frame_0108.jpg
MobileNetV2,M,M,True,True,True,0.846,True,data\M\frame_0109.jpg
MobileNetV2,M,M,True,True,True,0.848,True,data\M\frame_0110.jpg
MobileNetV2,M,M,True,True,True,0.7943,True,data\M\frame_0111.jpg
MobileNetV2,M,M,True,True,True,0.8935,True,data\M\frame_0112.jpg
MobileNetV2,M,M,True,True,True,0.8519,True,data\M\frame_0113.jpg
MobileNetV2,M,M,True,True,True,0.7533,True,data\M\frame_0114.jpg
MobileNetV2,M,M,True,True,True,0.8795,True,data\M\frame_0115.jpg
MobileNetV2,M,M,True,True,True,0.8367,True,data\M\frame_0116.jpg
MobileNetV2,M,M,True,True,True,0.8184,True,data\M\frame_0117.jpg
MobileNetV2,M,M,True,True,True,0.8336,True,data\M\frame_0118.jpg
MobileNetV2,M,M,True,True,True,0.8784,True,data\M\frame_0119.jpg
MobileNetV2,M,M,True,True,True,0.8319,True,data\M\frame_0120.jpg
MobileNetV2,M,M,True,True,True,0.864,True,data\M\frame_0121.jpg
MobileNetV2,M,M,True,True,True,0.8613,True,data\M\frame_0122.jpg
MobileNetV2,M,M,True,True,True,0.8832,True,data\M\frame_0123.jpg
MobileNetV2,M,M,True,True,True,0.8443,True,data\M\frame_0124.jpg
MobileNetV2,M,M,True,True,True,0.8037,True,data\M\frame_0125.jpg
MobileNetV2,M,M,True,True,True,0.8275,True,data\M\frame_0126.jpg
MobileNetV2,M,M,True,True,True,0.8786,True,data\M\frame_0127.jpg
MobileNetV2,M,M,True,True,True,0.8356,True,data\M\frame_0128.jpg
MobileNetV2,M,M,True,True,True,0.8142,True,data\M\frame_0129.jpg
MobileNetV2,M,M,True,True,True,0.8369,True,data\M\frame_0130.jpg
MobileNetV2,M,M,True,True,True,0.8093,True,data\M\frame_0131.jpg
MobileNetV2,M,M,True,True,True,0.8508,True,data\M\frame_0132.jpg
MobileNetV2,M,M,True,True,True,0.855,True,data\M\frame_0133.jpg
MobileNetV2,M,M,True,True,True,0.8747,True,data\M\frame_0134.jpg
MobileNetV2,M,M,True,True,True,0.8479,True,data\M\frame_0135.jpg
MobileNetV2,M,M,True,True,True,0.8473,True,data\M\frame_0136.jpg
MobileNetV2,M,M,True,True,True,0.7894,True,data\M\frame_0137.jpg
MobileNetV2,M,M,True,True,True,0.817,True,data\M\frame_0138.jpg
MobileNetV2,M,M,True,True,True,0.8402,True,data\M\frame_0139.jpg
MobileNetV2,M,M,True,True,True,0.8249,True,data\M\frame_0140.jpg
MobileNetV2,M,M,True,True,True,0.8315,True,data\M\frame_0141.jpg
MobileNetV2,M,M,True,True,True,0.7771,True,data\M\frame_0142.jpg
MobileNetV2,M,M,True,True,True,0.7919,True,data\M\frame_0143.jpg
MobileNetV2,M,M,True,True,True,0.8075,True,data\M\frame_0144.jpg
MobileNetV2,M,M,True,True,True,0.695,True,data\M\frame_0145.jpg
MobileNetV2,M,M,True,True,True,0.7982,True,data\M\frame_0146.jpg
MobileNetV2,M,M,True,True,True,0.7989,True,data\M\frame_0147.jpg
MobileNetV2,M,M,True,True,True,0.7718,True,data\M\frame_0148.jpg
MobileNetV2,M,M,True,True,True,0.8425,True,data\M\frame_0149.jpg
MobileNetV2,M,M,True,True,True,0.8382,True,data\M\frame_0150.jpg
MobileNetV2,mũ,mũ,True,True,True,0.5512,True,data\mu_\frame_0001.jpg
MobileNetV2,mũ,mũ,True,True,True,0.6214,True,data\mu_\frame_0002.jpg
MobileNetV2,mũ,mũ,True,True,True,0.6214,True,data\mu_\frame_0003.jpg
MobileNetV2,mũ,mũ,True,True,True,0.574,True,data\mu_\frame_0004.jpg
MobileNetV2,mũ,mũ,True,True,True,0.5356,True,data\mu_\frame_0005.jpg
MobileNetV2,mũ,mũ,True,True,True,0.5071,True,data\mu_\frame_0006.jpg
MobileNetV2,mũ,mũ,True,True,True,0.5407,True,data\mu_\frame_0007.jpg
MobileNetV2,mũ,mũ,True,True,True,0.5213,True,data\mu_\frame_0008.jpg
MobileNetV2,mũ,mũ,True,True,True,0.4623,True,data\mu_\frame_0009.jpg
MobileNetV2,mũ,mũ,True,True,True,0.4565,True,data\mu_\frame_0010.jpg
MobileNetV2,mũ,mũ,True,True,True,0.4625,True,data\mu_\frame_0011.jpg
MobileNetV2,mũ,mũ,True,True,True,0.5863,True,data\mu_\frame_0012.jpg
MobileNetV2,mũ,mũ,True,True,True,0.557,True,data\mu_\frame_0013.jpg
MobileNetV2,mũ,mũ,True,True,True,0.557,True,data\mu_\frame_0014.jpg
MobileNetV2,mũ,mũ,True,True,True,0.7131,True,data\mu_\frame_0015.jpg
MobileNetV2,mũ,mũ,True,True,True,0.5546,True,data\mu_\frame_0016.jpg
MobileNetV2,mũ,mũ,True,True,True,0.5783,True,data\mu_\frame_0017.jpg
MobileNetV2,mũ,mũ,True,True,True,0.5702,True,data\mu_\frame_0018.jpg
MobileNetV2,mũ,mũ,True,True,True,0.5409,True,data\mu_\frame_0019.jpg
MobileNetV2,mũ,mũ,True,True,True,0.4792,True,data\mu_\frame_0020.jpg
MobileNetV2,mũ,mũ,True,True,True,0.6508,True,data\mu_\frame_0021.jpg
MobileNetV2,mũ,mũ,True,True,True,0.5244,True,data\mu_\frame_0022.jpg
MobileNetV2,mũ,mũ,True,True,True,0.5756,True,data\mu_\frame_0023.jpg
MobileNetV2,mũ,mũ,True,True,True,0.6732,True,data\mu_\frame_0024.jpg
MobileNetV2,mũ,mũ,True,True,True,0.5543,True,data\mu_\frame_0025.jpg
MobileNetV2,mũ,mũ,True,True,True,0.4804,True,data\mu_\frame_0026.jpg
MobileNetV2,mũ,mũ,True,True,True,0.4637,True,data\mu_\frame_0027.jpg
MobileNetV2,mũ,mũ,True,True,True,0.507,True,data\mu_\frame_0028.jpg
MobileNetV2,mũ,mũ,True,True,True,0.4588,True,data\mu_\frame_0029.jpg
MobileNetV2,mũ,mũ,True,True,True,0.4081,True,data\mu_\frame_0030.jpg
MobileNetV2,mũ,mũ,True,True,True,0.4817,True,data\mu_\frame_0031.jpg
MobileNetV2,mũ,mũ,True,True,True,0.5152,True,data\mu_\frame_0032.jpg
MobileNetV2,mũ,mũ,True,True,True,0.4865,True,data\mu_\frame_0033.jpg
MobileNetV2,mũ,mũ,True,True,True,0.5133,True,data\mu_\frame_0034.jpg
MobileNetV2,mũ,mũ,True,True,True,0.5356,True,data\mu_\frame_0035.jpg
MobileNetV2,mũ,mũ,True,True,True,0.4948,True,data\mu_\frame_0036.jpg
MobileNetV2,mũ,mũ,True,True,True,0.368,True,data\mu_\frame_0037.jpg
MobileNetV2,mũ,mũ,True,True,True,0.5089,True,data\mu_\frame_0038.jpg
MobileNetV2,mũ,mũ,True,True,True,0.5296,True,data\mu_\frame_0039.jpg
MobileNetV2,mũ,mũ,True,True,True,0.591,True,data\mu_\frame_0040.jpg
MobileNetV2,mũ,mũ,True,True,True,0.5839,True,data\mu_\frame_0041.jpg
MobileNetV2,mũ,mũ,True,True,True,0.6248,True,data\mu_\frame_0042.jpg
MobileNetV2,mũ,mũ,True,True,True,0.5219,True,data\mu_\frame_0043.jpg
MobileNetV2,mũ,mũ,True,True,True,0.5716,True,data\mu_\frame_0044.jpg
MobileNetV2,mũ,mũ,True,True,True,0.5868,True,data\mu_\frame_0045.jpg
MobileNetV2,mũ,mũ,True,True,True,0.5424,True,data\mu_\frame_0046.jpg
MobileNetV2,mũ,mũ,True,True,True,0.6416,True,data\mu_\frame_0047.jpg
MobileNetV2,mũ,mũ,True,True,True,0.6209,True,data\mu_\frame_0048.jpg
MobileNetV2,mũ,mũ,True,True,True,0.5264,True,data\mu_\frame_0049.jpg
MobileNetV2,mũ,mũ,True,True,True,0.5699,True,data\mu_\frame_0050.jpg
MobileNetV2,mũ,mũ,True,True,True,0.4948,True,data\mu_\frame_0051.jpg
MobileNetV2,mũ,mũ,True,True,True,0.5805,True,data\mu_\frame_0052.jpg
MobileNetV2,mũ,mũ,True,True,True,0.6155,True,data\mu_\frame_0053.jpg
MobileNetV2,mũ,mũ,True,True,True,0.5341,True,data\mu_\frame_0054.jpg
MobileNetV2,mũ,mũ,True,True,True,0.5039,True,data\mu_\frame_0055.jpg
MobileNetV2,mũ,mũ,True,True,True,0.4496,True,data\mu_\frame_0056.jpg
MobileNetV2,mũ,mũ,True,True,True,0.452,True,data\mu_\frame_0057.jpg
MobileNetV2,mũ,mũ,True,True,True,0.4243,True,data\mu_\frame_0058.jpg
MobileNetV2,mũ,mũ,True,True,True,0.4486,True,data\mu_\frame_0059.jpg
MobileNetV2,mũ,mũ,True,True,True,0.6361,True,data\mu_\frame_0060.jpg
MobileNetV2,mũ,mũ,True,True,True,0.5548,True,data\mu_\frame_0061.jpg
MobileNetV2,mũ,mũ,True,True,True,0.5049,True,data\mu_\frame_0062.jpg
MobileNetV2,mũ,mũ,True,True,True,0.6269,True,data\mu_\frame_0063.jpg
MobileNetV2,mũ,mũ,True,True,True,0.5646,True,data\mu_\frame_0064.jpg
MobileNetV2,mũ,mũ,True,True,True,0.5459,True,data\mu_\frame_0065.jpg
MobileNetV2,mũ,mũ,True,True,True,0.5608,True,data\mu_\frame_0066.jpg
MobileNetV2,mũ,mũ,True,True,True,0.5262,True,data\mu_\frame_0067.jpg
MobileNetV2,mũ,mũ,True,True,True,0.584,True,data\mu_\frame_0068.jpg
MobileNetV2,mũ,mũ,True,True,True,0.5537,True,data\mu_\frame_0069.jpg
MobileNetV2,mũ,mũ,True,True,True,0.5801,True,data\mu_\frame_0070.jpg
MobileNetV2,mũ,mũ,True,True,True,0.5881,True,data\mu_\frame_0071.jpg
MobileNetV2,mũ,mũ,True,True,True,0.6296,True,data\mu_\frame_0072.jpg
MobileNetV2,mũ,mũ,True,True,True,0.6178,True,data\mu_\frame_0073.jpg
MobileNetV2,mũ,mũ,True,True,True,0.4218,True,data\mu_\frame_0074.jpg
MobileNetV2,mũ,mũ,True,True,True,0.6237,True,data\mu_\frame_0075.jpg
MobileNetV2,mũ,mũ,True,True,True,0.6277,True,data\mu_\frame_0076.jpg
MobileNetV2,mũ,mũ,True,True,True,0.6434,True,data\mu_\frame_0077.jpg
MobileNetV2,mũ,mũ,True,True,True,0.6204,True,data\mu_\frame_0078.jpg
MobileNetV2,mũ,mũ,True,True,True,0.5804,True,data\mu_\frame_0079.jpg
MobileNetV2,mũ,mũ,True,True,True,0.5849,True,data\mu_\frame_0080.jpg
MobileNetV2,mũ,mũ,True,True,True,0.6015,True,data\mu_\frame_0081.jpg
MobileNetV2,mũ,mũ,True,True,True,0.5651,True,data\mu_\frame_0082.jpg
MobileNetV2,mũ,mũ,True,True,True,0.588,True,data\mu_\frame_0083.jpg
MobileNetV2,mũ,mũ,True,True,True,0.612,True,data\mu_\frame_0084.jpg
MobileNetV2,mũ,mũ,True,True,True,0.5657,True,data\mu_\frame_0085.jpg
MobileNetV2,mũ,mũ,True,True,True,0.6247,True,data\mu_\frame_0086.jpg
MobileNetV2,mũ,mũ,True,True,True,0.6533,True,data\mu_\frame_0087.jpg
MobileNetV2,mũ,mũ,True,True,True,0.6251,True,data\mu_\frame_0088.jpg
MobileNetV2,mũ,mũ,True,True,True,0.6301,True,data\mu_\frame_0089.jpg
MobileNetV2,mũ,mũ,True,True,True,0.4787,True,data\mu_\frame_0090.jpg
MobileNetV2,mũ,mũ,True,True,True,0.5682,True,data\mu_\frame_0091.jpg
MobileNetV2,mũ,mũ,True,True,True,0.6503,True,data\mu_\frame_0092.jpg
MobileNetV2,mũ,mũ,True,True,True,0.5867,True,data\mu_\frame_0093.jpg
MobileNetV2,mũ,mũ,True,True,True,0.6305,True,data\mu_\frame_0094.jpg
MobileNetV2,mũ,mũ,True,True,True,0.5064,True,data\mu_\frame_0095.jpg
MobileNetV2,mũ,mũ,True,True,True,0.4778,True,data\mu_\frame_0096.jpg
MobileNetV2,mũ,mũ,True,True,True,0.6852,True,data\mu_\frame_0097.jpg
MobileNetV2,mũ,mũ,True,True,True,0.5605,True,data\mu_\frame_0098.jpg
MobileNetV2,mũ,mũ,True,True,True,0.5565,True,data\mu_\frame_0099.jpg
MobileNetV2,mũ,mũ,True,True,True,0.6201,True,data\mu_\frame_0100.jpg
MobileNetV2,mũ,mũ,True,True,True,0.6101,True,data\mu_\frame_0101.jpg
MobileNetV2,mũ,mũ,True,True,True,0.5531,True,data\mu_\frame_0102.jpg
MobileNetV2,mũ,mũ,True,True,True,0.5198,True,data\mu_\frame_0103.jpg
MobileNetV2,mũ,mũ,True,True,True,0.5619,True,data\mu_\frame_0104.jpg
MobileNetV2,mũ,mũ,True,True,True,0.53,True,data\mu_\frame_0105.jpg
MobileNetV2,mũ,mũ,True,True,True,0.484,True,data\mu_\frame_0106.jpg
MobileNetV2,mũ,mũ,True,True,True,0.5271,True,data\mu_\frame_0107.jpg
MobileNetV2,mũ,mũ,True,True,True,0.5845,True,data\mu_\frame_0108.jpg
MobileNetV2,mũ,mũ,True,True,True,0.6104,True,data\mu_\frame_0109.jpg
MobileNetV2,mũ,mũ,True,True,True,0.548,True,data\mu_\frame_0110.jpg
MobileNetV2,mũ,mũ,True,True,True,0.5876,True,data\mu_\frame_0111.jpg
MobileNetV2,mũ,mũ,True,True,True,0.4822,True,data\mu_\frame_0112.jpg
MobileNetV2,mũ,mũ,True,True,True,0.5452,True,data\mu_\frame_0113.jpg
MobileNetV2,mũ,mũ,True,True,True,0.4406,True,data\mu_\frame_0114.jpg
MobileNetV2,mũ,mũ,True,True,True,0.5091,True,data\mu_\frame_0115.jpg
MobileNetV2,mũ,mũ,True,True,True,0.4839,True,data\mu_\frame_0116.jpg
MobileNetV2,mũ,mũ,True,True,True,0.4657,True,data\mu_\frame_0117.jpg
MobileNetV2,mũ,mũ,True,True,True,0.5091,True,data\mu_\frame_0118.jpg
MobileNetV2,mũ,mũ,True,True,True,0.5656,True,data\mu_\frame_0119.jpg
MobileNetV2,mũ,mũ,True,True,True,0.4775,True,data\mu_\frame_0120.jpg
MobileNetV2,mũ,mũ,True,True,True,0.5841,True,data\mu_\frame_0121.jpg
MobileNetV2,mũ,mũ,True,True,True,0.5554,True,data\mu_\frame_0122.jpg
MobileNetV2,mũ,mũ,True,True,True,0.7017,True,data\mu_\frame_0123.jpg
MobileNetV2,mũ,mũ,True,True,True,0.6685,True,data\mu_\frame_0124.jpg
MobileNetV2,mũ,mũ,True,True,True,0.708,True,data\mu_\frame_0125.jpg
MobileNetV2,mũ,mũ,True,True,True,0.727,True,data\mu_\frame_0126.jpg
MobileNetV2,mũ,mũ,True,True,True,0.7137,True,data\mu_\frame_0127.jpg
MobileNetV2,mũ,mũ,True,True,True,0.6972,True,data\mu_\frame_0128.jpg
MobileNetV2,mũ,mũ,True,True,True,0.7603,True,data\mu_\frame_0129.jpg
MobileNetV2,mũ,mũ,True,True,True,0.6792,True,data\mu_\frame_0130.jpg
MobileNetV2,mũ,mũ,True,True,True,0.7597,True,data\mu_\frame_0131.jpg
MobileNetV2,mũ,mũ,True,True,True,0.7261,True,data\mu_\frame_0132.jpg
MobileNetV2,mũ,mũ,True,True,True,0.7117,True,data\mu_\frame_0133.jpg
MobileNetV2,mũ,mũ,True,True,True,0.7309,True,data\mu_\frame_0134.jpg
MobileNetV2,mũ,mũ,True,True,True,0.6821,True,data\mu_\frame_0135.jpg
MobileNetV2,mũ,mũ,True,True,True,0.4838,True,data\mu_\frame_0136.jpg
MobileNetV2,mũ,mũ,True,True,True,0.4756,True,data\mu_\frame_0137.jpg
MobileNetV2,mũ,mũ,True,True,True,0.4869,True,data\mu_\frame_0138.jpg
MobileNetV2,mũ,mũ,True,True,True,0.5863,True,data\mu_\frame_0139.jpg
MobileNetV2,mũ,mũ,True,True,True,0.5901,True,data\mu_\frame_0140.jpg
MobileNetV2,mũ,mũ,True,True,True,0.46,True,data\mu_\frame_0141.jpg
MobileNetV2,mũ,mũ,True,True,True,0.4596,True,data\mu_\frame_0142.jpg
MobileNetV2,mũ,mũ,True,True,True,0.4419,True,data\mu_\frame_0143.jpg
MobileNetV2,mũ,mũ,True,True,True,0.4992,True,data\mu_\frame_0144.jpg
MobileNetV2,mũ,mũ,True,True,True,0.4997,True,data\mu_\frame_0145.jpg
MobileNetV2,mũ,mũ,True,True,True,0.4268,True,data\mu_\frame_0146.jpg
MobileNetV2,mũ,mũ,True,True,True,0.4687,True,data\mu_\frame_0147.jpg
MobileNetV2,mũ,mũ,True,True,True,0.4789,True,data\mu_\frame_0148.jpg
MobileNetV2,mũ,mũ,True,True,True,0.5297,True,data\mu_\frame_0149.jpg
MobileNetV2,mũ,mũ,True,True,True,0.4704,True,data\mu_\frame_0150.jpg
MobileNetV2,N,,False,False,False,0.0,False,data\N\frame_0001.jpg
MobileNetV2,N,N,True,True,True,0.7358,True,data\N\frame_0002.jpg
MobileNetV2,N,,False,False,False,0.0,False,data\N\frame_0003.jpg
MobileNetV2,N,N,True,True,True,0.6072,True,data\N\frame_0004.jpg
MobileNetV2,N,N,True,True,True,0.7629,True,data\N\frame_0005.jpg
MobileNetV2,N,N,True,True,True,0.28,True,data\N\frame_0006.jpg
MobileNetV2,N,,False,False,False,0.0,False,data\N\frame_0007.jpg
MobileNetV2,N,,False,False,False,0.0,False,data\N\frame_0008.jpg
MobileNetV2,N,N,True,True,True,0.2743,True,data\N\frame_0009.jpg
MobileNetV2,N,N,True,True,True,0.2743,True,data\N\frame_0010.jpg
MobileNetV2,N,N,True,True,True,0.4313,True,data\N\frame_0011.jpg
MobileNetV2,N,N,True,True,True,0.8884,True,data\N\frame_0012.jpg
MobileNetV2,N,N,True,True,True,0.2403,True,data\N\frame_0013.jpg
MobileNetV2,N,Q,False,True,True,0.3244,True,data\N\frame_0014.jpg
MobileNetV2,N,N,True,True,True,0.3562,True,data\N\frame_0015.jpg
MobileNetV2,N,N,True,True,True,0.3011,True,data\N\frame_0016.jpg
MobileNetV2,N,N,True,True,True,0.2216,True,data\N\frame_0017.jpg
MobileNetV2,N,N,True,True,True,0.2092,True,data\N\frame_0018.jpg
MobileNetV2,N,N,True,True,True,0.2943,True,data\N\frame_0019.jpg
MobileNetV2,N,N,True,True,True,0.8546,True,data\N\frame_0020.jpg
MobileNetV2,N,N,True,True,True,0.8546,True,data\N\frame_0021.jpg
MobileNetV2,N,N,True,True,True,0.7541,True,data\N\frame_0022.jpg
MobileNetV2,N,N,True,True,True,0.6858,True,data\N\frame_0023.jpg
MobileNetV2,N,N,True,True,True,0.4608,True,data\N\frame_0024.jpg
MobileNetV2,N,N,True,True,True,0.2929,True,data\N\frame_0025.jpg
MobileNetV2,N,N,True,True,True,0.3295,True,data\N\frame_0026.jpg
MobileNetV2,N,N,True,True,True,0.2197,True,data\N\frame_0027.jpg
MobileNetV2,N,N,True,True,True,0.1731,True,data\N\frame_0028.jpg
MobileNetV2,N,N,True,True,True,0.7829,True,data\N\frame_0029.jpg
MobileNetV2,N,,False,False,False,0.0,False,data\N\frame_0030.jpg
MobileNetV2,N,N,True,True,True,0.2959,True,data\N\frame_0031.jpg
MobileNetV2,N,N,True,True,True,0.2959,True,data\N\frame_0032.jpg
MobileNetV2,N,N,True,True,True,0.198,True,data\N\frame_0033.jpg
MobileNetV2,N,N,True,True,True,0.3372,True,data\N\frame_0034.jpg
MobileNetV2,N,,False,False,False,0.0,False,data\N\frame_0035.jpg
MobileNetV2,N,N,True,True,True,0.6723,True,data\N\frame_0036.jpg
MobileNetV2,N,Q,False,True,True,0.2642,True,data\N\frame_0037.jpg
MobileNetV2,N,,False,False,False,0.0,False,data\N\frame_0038.jpg
MobileNetV2,N,N,True,True,True,0.6908,True,data\N\frame_0039.jpg
MobileNetV2,N,N,True,True,True,0.6363,True,data\N\frame_0040.jpg
MobileNetV2,N,N,True,True,True,0.6973,True,data\N\frame_0041.jpg
MobileNetV2,N,,False,False,False,0.0,False,data\N\frame_0042.jpg
MobileNetV2,N,,False,False,False,0.0,False,data\N\frame_0043.jpg
MobileNetV2,N,N,True,True,True,0.6691,True,data\N\frame_0044.jpg
MobileNetV2,N,N,True,True,True,0.7628,True,data\N\frame_0045.jpg
MobileNetV2,N,N,True,True,True,0.6953,True,data\N\frame_0046.jpg
MobileNetV2,N,N,True,True,True,0.7726,True,data\N\frame_0047.jpg
MobileNetV2,N,N,True,True,True,0.6868,True,data\N\frame_0048.jpg
MobileNetV2,N,N,True,True,True,0.5472,True,data\N\frame_0049.jpg
MobileNetV2,N,N,True,True,True,0.5647,True,data\N\frame_0050.jpg
MobileNetV2,N,M,False,True,True,0.6136,True,data\N\frame_0051.jpg
MobileNetV2,N,N,True,True,True,0.4299,True,data\N\frame_0052.jpg
MobileNetV2,N,M,False,True,True,0.157,True,data\N\frame_0053.jpg
MobileNetV2,N,M,False,True,True,0.157,True,data\N\frame_0054.jpg
MobileNetV2,N,N,True,True,True,0.1826,True,data\N\frame_0055.jpg
MobileNetV2,N,N,True,True,True,0.2571,True,data\N\frame_0056.jpg
MobileNetV2,N,N,True,True,True,0.4002,True,data\N\frame_0057.jpg
MobileNetV2,N,N,True,True,True,0.2658,True,data\N\frame_0058.jpg
MobileNetV2,N,N,True,True,True,0.174,True,data\N\frame_0059.jpg
MobileNetV2,N,N,True,True,True,0.1628,True,data\N\frame_0060.jpg
MobileNetV2,N,N,True,True,True,0.5378,True,data\N\frame_0061.jpg
MobileNetV2,N,N,True,True,True,0.4196,True,data\N\frame_0062.jpg
MobileNetV2,N,N,True,True,True,0.2068,True,data\N\frame_0063.jpg
MobileNetV2,N,S,False,True,True,0.1714,True,data\N\frame_0064.jpg
MobileNetV2,N,N,True,True,True,0.1908,True,data\N\frame_0065.jpg
MobileNetV2,N,N,True,True,True,0.158,True,data\N\frame_0066.jpg
MobileNetV2,N,N,True,True,True,0.2049,True,data\N\frame_0067.jpg
MobileNetV2,N,N,True,True,True,0.1577,True,data\N\frame_0068.jpg
MobileNetV2,N,S,False,True,True,0.138,True,data\N\frame_0069.jpg
MobileNetV2,N,N,True,True,True,0.2808,True,data\N\frame_0070.jpg
MobileNetV2,N,N,True,True,True,0.2415,True,data\N\frame_0071.jpg
MobileNetV2,N,N,True,True,True,0.1805,True,data\N\frame_0072.jpg
MobileNetV2,N,N,True,True,True,0.2009,True,data\N\frame_0073.jpg
MobileNetV2,N,N,True,True,True,0.3489,True,data\N\frame_0074.jpg
MobileNetV2,N,N,True,True,True,0.1974,True,data\N\frame_0075.jpg
MobileNetV2,N,N,True,True,True,0.4895,True,data\N\frame_0076.jpg
MobileNetV2,N,N,True,True,True,0.3866,True,data\N\frame_0077.jpg
MobileNetV2,N,N,True,True,True,0.5649,True,data\N\frame_0078.jpg
MobileNetV2,N,Q,False,True,True,0.237,True,data\N\frame_0079.jpg
MobileNetV2,N,Q,False,True,True,0.2997,True,data\N\frame_0080.jpg
MobileNetV2,N,N,True,True,True,0.2205,True,data\N\frame_0081.jpg
MobileNetV2,N,M,False,True,True,0.2287,True,data\N\frame_0082.jpg
MobileNetV2,N,N,True,True,True,0.2554,True,data\N\frame_0083.jpg
MobileNetV2,N,N,True,True,True,0.3705,True,data\N\frame_0084.jpg
MobileNetV2,N,M,False,False,True,0.5289,True,data\N\frame_0085.jpg
MobileNetV2,N,N,True,True,True,0.2326,True,data\N\frame_0086.jpg
MobileNetV2,N,N,True,True,True,0.3294,True,data\N\frame_0087.jpg
MobileNetV2,N,N,True,True,True,0.3715,True,data\N\frame_0088.jpg
MobileNetV2,N,N,True,True,True,0.3631,True,data\N\frame_0089.jpg
MobileNetV2,N,N,True,True,True,0.522,True,data\N\frame_0090.jpg
MobileNetV2,N,N,True,True,True,0.468,True,data\N\frame_0091.jpg
MobileNetV2,N,N,True,True,True,0.4448,True,data\N\frame_0092.jpg
MobileNetV2,N,N,True,True,True,0.3841,True,data\N\frame_0093.jpg
MobileNetV2,N,N,True,True,True,0.3469,True,data\N\frame_0094.jpg
MobileNetV2,N,N,True,True,True,0.3312,True,data\N\frame_0095.jpg
MobileNetV2,N,N,True,True,True,0.261,True,data\N\frame_0096.jpg
MobileNetV2,N,Q,False,True,True,0.2827,True,data\N\frame_0097.jpg
MobileNetV2,N,N,True,True,True,0.2084,True,data\N\frame_0098.jpg
MobileNetV2,N,N,True,True,True,0.3929,True,data\N\frame_0099.jpg
MobileNetV2,N,N,True,True,True,0.3594,True,data\N\frame_0100.jpg
MobileNetV2,N,N,True,True,True,0.4762,True,data\N\frame_0101.jpg
MobileNetV2,N,N,True,True,True,0.2611,True,data\N\frame_0102.jpg
MobileNetV2,N,Q,False,True,True,0.2503,True,data\N\frame_0103.jpg
MobileNetV2,N,N,True,True,True,0.2647,True,data\N\frame_0104.jpg
MobileNetV2,N,N,True,True,True,0.3201,True,data\N\frame_0105.jpg
MobileNetV2,N,Q,False,True,True,0.2809,True,data\N\frame_0106.jpg
MobileNetV2,N,Q,False,True,True,0.3078,True,data\N\frame_0107.jpg
MobileNetV2,N,Q,False,True,True,0.5409,True,data\N\frame_0108.jpg
MobileNetV2,N,Q,False,True,True,0.467,True,data\N\frame_0109.jpg
MobileNetV2,N,Q,False,True,True,0.43,True,data\N\frame_0110.jpg
MobileNetV2,N,Q,False,True,True,0.2912,True,data\N\frame_0111.jpg
MobileNetV2,N,N,True,True,True,0.3346,True,data\N\frame_0112.jpg
MobileNetV2,N,Q,False,True,True,0.3477,True,data\N\frame_0113.jpg
MobileNetV2,N,Q,False,True,True,0.5462,True,data\N\frame_0114.jpg
MobileNetV2,N,Q,False,True,True,0.3724,True,data\N\frame_0115.jpg
MobileNetV2,N,N,True,True,True,0.3429,True,data\N\frame_0116.jpg
MobileNetV2,N,N,True,True,True,0.4379,True,data\N\frame_0117.jpg
MobileNetV2,N,N,True,True,True,0.6969,True,data\N\frame_0118.jpg
MobileNetV2,N,N,True,True,True,0.7601,True,data\N\frame_0119.jpg
MobileNetV2,N,N,True,True,True,0.7214,True,data\N\frame_0120.jpg
MobileNetV2,N,N,True,True,True,0.6349,True,data\N\frame_0121.jpg
MobileNetV2,N,N,True,True,True,0.5867,True,data\N\frame_0122.jpg
MobileNetV2,N,N,True,True,True,0.549,True,data\N\frame_0123.jpg
MobileNetV2,N,N,True,True,True,0.5461,True,data\N\frame_0124.jpg
MobileNetV2,N,N,True,True,True,0.6816,True,data\N\frame_0125.jpg
MobileNetV2,N,N,True,True,True,0.5956,True,data\N\frame_0126.jpg
MobileNetV2,N,N,True,True,True,0.4521,True,data\N\frame_0127.jpg
MobileNetV2,N,N,True,True,True,0.5209,True,data\N\frame_0128.jpg
MobileNetV2,N,N,True,True,True,0.3359,True,data\N\frame_0129.jpg
MobileNetV2,N,N,True,True,True,0.2655,True,data\N\frame_0130.jpg
MobileNetV2,N,N,True,True,True,0.4682,True,data\N\frame_0131.jpg
MobileNetV2,N,N,True,True,True,0.5291,True,data\N\frame_0132.jpg
MobileNetV2,N,N,True,True,True,0.1777,True,data\N\frame_0133.jpg
MobileNetV2,N,N,True,True,True,0.5051,True,data\N\frame_0134.jpg
MobileNetV2,N,N,True,True,True,0.5496,True,data\N\frame_0135.jpg
MobileNetV2,N,N,True,True,True,0.4769,True,data\N\frame_0136.jpg
MobileNetV2,N,N,True,True,True,0.5828,True,data\N\frame_0137.jpg
MobileNetV2,N,N,True,True,True,0.1827,True,data\N\frame_0138.jpg
MobileNetV2,N,N,True,True,True,0.1643,True,data\N\frame_0139.jpg
MobileNetV2,N,N,True,True,True,0.2284,True,data\N\frame_0140.jpg
MobileNetV2,N,N,True,True,True,0.2305,True,data\N\frame_0141.jpg
MobileNetV2,N,N,True,True,True,0.3836,True,data\N\frame_0142.jpg
MobileNetV2,N,N,True,True,True,0.455,True,data\N\frame_0143.jpg
MobileNetV2,N,N,True,True,True,0.6243,True,data\N\frame_0144.jpg
MobileNetV2,N,N,True,True,True,0.2792,True,data\N\frame_0145.jpg
MobileNetV2,N,N,True,True,True,0.2152,True,data\N\frame_0146.jpg
MobileNetV2,N,N,True,True,True,0.1588,True,data\N\frame_0147.jpg
MobileNetV2,N,N,True,True,True,0.1852,True,data\N\frame_0148.jpg
MobileNetV2,N,N,True,True,True,0.1598,True,data\N\frame_0149.jpg
MobileNetV2,N,N,True,True,True,0.2174,True,data\N\frame_0150.jpg
MobileNetV2,O,O,True,True,True,0.6739,True,data\O\frame_0001.jpg
MobileNetV2,O,O,True,True,True,0.6588,True,data\O\frame_0002.jpg
MobileNetV2,O,O,True,True,True,0.6034,True,data\O\frame_0003.jpg
MobileNetV2,O,O,True,True,True,0.5932,True,data\O\frame_0004.jpg
MobileNetV2,O,O,True,True,True,0.6072,True,data\O\frame_0005.jpg
MobileNetV2,O,O,True,True,True,0.7004,True,data\O\frame_0006.jpg
MobileNetV2,O,O,True,True,True,0.6417,True,data\O\frame_0007.jpg
MobileNetV2,O,O,True,True,True,0.6848,True,data\O\frame_0008.jpg
MobileNetV2,O,O,True,True,True,0.6162,True,data\O\frame_0009.jpg
MobileNetV2,O,O,True,True,True,0.6415,True,data\O\frame_0010.jpg
MobileNetV2,O,O,True,True,True,0.4878,True,data\O\frame_0011.jpg
MobileNetV2,O,O,True,True,True,0.5951,True,data\O\frame_0012.jpg
MobileNetV2,O,O,True,True,True,0.5235,True,data\O\frame_0013.jpg
MobileNetV2,O,O,True,True,True,0.5161,True,data\O\frame_0014.jpg
MobileNetV2,O,O,True,True,True,0.6402,True,data\O\frame_0015.jpg
MobileNetV2,O,O,True,True,True,0.6386,True,data\O\frame_0016.jpg
MobileNetV2,O,O,True,True,True,0.6053,True,data\O\frame_0017.jpg
MobileNetV2,O,O,True,True,True,0.6787,True,data\O\frame_0018.jpg
MobileNetV2,O,O,True,True,True,0.6464,True,data\O\frame_0019.jpg
MobileNetV2,O,O,True,True,True,0.6953,True,data\O\frame_0020.jpg
MobileNetV2,O,O,True,True,True,0.7571,True,data\O\frame_0021.jpg
MobileNetV2,O,O,True,True,True,0.7928,True,data\O\frame_0022.jpg
MobileNetV2,O,O,True,True,True,0.7176,True,data\O\frame_0023.jpg
MobileNetV2,O,O,True,True,True,0.712,True,data\O\frame_0024.jpg
MobileNetV2,O,O,True,True,True,0.6678,True,data\O\frame_0025.jpg
MobileNetV2,O,O,True,True,True,0.6692,True,data\O\frame_0026.jpg
MobileNetV2,O,O,True,True,True,0.7077,True,data\O\frame_0027.jpg
MobileNetV2,O,O,True,True,True,0.6991,True,data\O\frame_0028.jpg
MobileNetV2,O,O,True,True,True,0.6524,True,data\O\frame_0029.jpg
MobileNetV2,O,O,True,True,True,0.6681,True,data\O\frame_0030.jpg
MobileNetV2,O,O,True,True,True,0.7718,True,data\O\frame_0031.jpg
MobileNetV2,O,O,True,True,True,0.7589,True,data\O\frame_0032.jpg
MobileNetV2,O,O,True,True,True,0.7253,True,data\O\frame_0033.jpg
MobileNetV2,O,O,True,True,True,0.7135,True,data\O\frame_0034.jpg
MobileNetV2,O,O,True,True,True,0.7473,True,data\O\frame_0035.jpg
MobileNetV2,O,O,True,True,True,0.7429,True,data\O\frame_0036.jpg
MobileNetV2,O,O,True,True,True,0.728,True,data\O\frame_0037.jpg
MobileNetV2,O,O,True,True,True,0.7889,True,data\O\frame_0038.jpg
MobileNetV2,O,O,True,True,True,0.7162,True,data\O\frame_0039.jpg
MobileNetV2,O,O,True,True,True,0.778,True,data\O\frame_0040.jpg
MobileNetV2,O,O,True,True,True,0.769,True,data\O\frame_0041.jpg
MobileNetV2,O,O,True,True,True,0.7339,True,data\O\frame_0042.jpg
MobileNetV2,O,O,True,True,True,0.7247,True,data\O\frame_0043.jpg
MobileNetV2,O,O,True,True,True,0.7604,True,data\O\frame_0044.jpg
MobileNetV2,O,O,True,True,True,0.7439,True,data\O\frame_0045.jpg
MobileNetV2,O,O,True,True,True,0.7403,True,data\O\frame_0046.jpg
MobileNetV2,O,O,True,True,True,0.7357,True,data\O\frame_0047.jpg
MobileNetV2,O,O,True,True,True,0.6323,True,data\O\frame_0048.jpg
MobileNetV2,O,O,True,True,True,0.7608,True,data\O\frame_0049.jpg
MobileNetV2,O,O,True,True,True,0.7221,True,data\O\frame_0050.jpg
MobileNetV2,O,O,True,True,True,0.714,True,data\O\frame_0051.jpg
MobileNetV2,O,O,True,True,True,0.7158,True,data\O\frame_0052.jpg
MobileNetV2,O,O,True,True,True,0.7554,True,data\O\frame_0053.jpg
MobileNetV2,O,O,True,True,True,0.6634,True,data\O\frame_0054.jpg
MobileNetV2,O,O,True,True,True,0.6634,True,data\O\frame_0055.jpg
MobileNetV2,O,O,True,True,True,0.778,True,data\O\frame_0056.jpg
MobileNetV2,O,O,True,True,True,0.7254,True,data\O\frame_0057.jpg
MobileNetV2,O,O,True,True,True,0.6745,True,data\O\frame_0058.jpg
MobileNetV2,O,O,True,True,True,0.7529,True,data\O\frame_0059.jpg
MobileNetV2,O,O,True,True,True,0.7224,True,data\O\frame_0060.jpg
MobileNetV2,O,O,True,True,True,0.6716,True,data\O\frame_0061.jpg
MobileNetV2,O,O,True,True,True,0.6536,True,data\O\frame_0062.jpg
MobileNetV2,O,O,True,True,True,0.6857,True,data\O\frame_0063.jpg
MobileNetV2,O,O,True,True,True,0.6745,True,data\O\frame_0064.jpg
MobileNetV2,O,O,True,True,True,0.655,True,data\O\frame_0065.jpg
MobileNetV2,O,O,True,True,True,0.655,True,data\O\frame_0066.jpg
MobileNetV2,O,O,True,True,True,0.7309,True,data\O\frame_0067.jpg
MobileNetV2,O,O,True,True,True,0.6389,True,data\O\frame_0068.jpg
MobileNetV2,O,O,True,True,True,0.7188,True,data\O\frame_0069.jpg
MobileNetV2,O,O,True,True,True,0.7004,True,data\O\frame_0070.jpg
MobileNetV2,O,O,True,True,True,0.8068,True,data\O\frame_0071.jpg
MobileNetV2,O,O,True,True,True,0.8069,True,data\O\frame_0072.jpg
MobileNetV2,O,O,True,True,True,0.7728,True,data\O\frame_0073.jpg
MobileNetV2,O,O,True,True,True,0.7871,True,data\O\frame_0074.jpg
MobileNetV2,O,O,True,True,True,0.7893,True,data\O\frame_0075.jpg
MobileNetV2,O,O,True,True,True,0.7653,True,data\O\frame_0076.jpg
MobileNetV2,O,O,True,True,True,0.8031,True,data\O\frame_0077.jpg
MobileNetV2,O,O,True,True,True,0.7605,True,data\O\frame_0078.jpg
MobileNetV2,O,O,True,True,True,0.8258,True,data\O\frame_0079.jpg
MobileNetV2,O,O,True,True,True,0.81,True,data\O\frame_0080.jpg
MobileNetV2,O,O,True,True,True,0.8301,True,data\O\frame_0081.jpg
MobileNetV2,O,O,True,True,True,0.7873,True,data\O\frame_0082.jpg
MobileNetV2,O,O,True,True,True,0.7823,True,data\O\frame_0083.jpg
MobileNetV2,O,O,True,True,True,0.8065,True,data\O\frame_0084.jpg
MobileNetV2,O,O,True,True,True,0.8543,True,data\O\frame_0085.jpg
MobileNetV2,O,O,True,True,True,0.7573,True,data\O\frame_0086.jpg
MobileNetV2,O,O,True,True,True,0.7573,True,data\O\frame_0087.jpg
MobileNetV2,O,O,True,True,True,0.8024,True,data\O\frame_0088.jpg
MobileNetV2,O,O,True,True,True,0.8483,True,data\O\frame_0089.jpg
MobileNetV2,O,O,True,True,True,0.7512,True,data\O\frame_0090.jpg
MobileNetV2,O,O,True,True,True,0.7737,True,data\O\frame_0091.jpg
MobileNetV2,O,O,True,True,True,0.7823,True,data\O\frame_0092.jpg
MobileNetV2,O,O,True,True,True,0.7422,True,data\O\frame_0093.jpg
MobileNetV2,O,O,True,True,True,0.7198,True,data\O\frame_0094.jpg
MobileNetV2,O,O,True,True,True,0.793,True,data\O\frame_0095.jpg
MobileNetV2,O,O,True,True,True,0.7768,True,data\O\frame_0096.jpg
MobileNetV2,O,O,True,True,True,0.7831,True,data\O\frame_0097.jpg
MobileNetV2,O,O,True,True,True,0.7831,True,data\O\frame_0098.jpg
MobileNetV2,O,O,True,True,True,0.7716,True,data\O\frame_0099.jpg
MobileNetV2,O,O,True,True,True,0.6352,True,data\O\frame_0100.jpg
MobileNetV2,O,O,True,True,True,0.7443,True,data\O\frame_0101.jpg
MobileNetV2,O,O,True,True,True,0.6235,True,data\O\frame_0102.jpg
MobileNetV2,O,O,True,True,True,0.6754,True,data\O\frame_0103.jpg
MobileNetV2,O,O,True,True,True,0.7065,True,data\O\frame_0104.jpg
MobileNetV2,O,O,True,True,True,0.643,True,data\O\frame_0105.jpg
MobileNetV2,O,O,True,True,True,0.7018,True,data\O\frame_0106.jpg
MobileNetV2,O,O,True,True,True,0.6625,True,data\O\frame_0107.jpg
MobileNetV2,O,O,True,True,True,0.6829,True,data\O\frame_0108.jpg
MobileNetV2,O,O,True,True,True,0.6829,True,data\O\frame_0109.jpg
MobileNetV2,O,O,True,True,True,0.6318,True,data\O\frame_0110.jpg
MobileNetV2,O,O,True,True,True,0.6422,True,data\O\frame_0111.jpg
MobileNetV2,O,O,True,True,True,0.7433,True,data\O\frame_0112.jpg
MobileNetV2,O,O,True,True,True,0.6896,True,data\O\frame_0113.jpg
MobileNetV2,O,O,True,True,True,0.7695,True,data\O\frame_0114.jpg
MobileNetV2,O,O,True,True,True,0.7215,True,data\O\frame_0115.jpg
MobileNetV2,O,O,True,True,True,0.697,True,data\O\frame_0116.jpg
MobileNetV2,O,O,True,True,True,0.712,True,data\O\frame_0117.jpg
MobileNetV2,O,O,True,True,True,0.7141,True,data\O\frame_0118.jpg
MobileNetV2,O,O,True,True,True,0.7149,True,data\O\frame_0119.jpg
MobileNetV2,O,O,True,True,True,0.7149,True,data\O\frame_0120.jpg
MobileNetV2,O,O,True,True,True,0.806,True,data\O\frame_0121.jpg
MobileNetV2,O,O,True,True,True,0.8107,True,data\O\frame_0122.jpg
MobileNetV2,O,O,True,True,True,0.798,True,data\O\frame_0123.jpg
MobileNetV2,O,O,True,True,True,0.7519,True,data\O\frame_0124.jpg
MobileNetV2,O,O,True,True,True,0.7856,True,data\O\frame_0125.jpg
MobileNetV2,O,O,True,True,True,0.7794,True,data\O\frame_0126.jpg
MobileNetV2,O,O,True,True,True,0.7286,True,data\O\frame_0127.jpg
MobileNetV2,O,O,True,True,True,0.8112,True,data\O\frame_0128.jpg
MobileNetV2,O,O,True,True,True,0.7917,True,data\O\frame_0129.jpg
MobileNetV2,O,O,True,True,True,0.8088,True,data\O\frame_0130.jpg
MobileNetV2,O,O,True,True,True,0.8088,True,data\O\frame_0131.jpg
MobileNetV2,O,O,True,True,True,0.8021,True,data\O\frame_0132.jpg
MobileNetV2,O,O,True,True,True,0.7471,True,data\O\frame_0133.jpg
MobileNetV2,O,O,True,True,True,0.675,True,data\O\frame_0134.jpg
MobileNetV2,O,O,True,True,True,0.682,True,data\O\frame_0135.jpg
MobileNetV2,O,O,True,True,True,0.7024,True,data\O\frame_0136.jpg
MobileNetV2,O,O,True,True,True,0.5609,True,data\O\frame_0137.jpg
MobileNetV2,O,O,True,True,True,0.6854,True,data\O\frame_0138.jpg
MobileNetV2,O,O,True,True,True,0.6593,True,data\O\frame_0139.jpg
MobileNetV2,O,O,True,True,True,0.6754,True,data\O\frame_0140.jpg
MobileNetV2,O,O,True,True,True,0.7242,True,data\O\frame_0141.jpg
MobileNetV2,O,O,True,True,True,0.7242,True,data\O\frame_0142.jpg
MobileNetV2,O,O,True,True,True,0.7749,True,data\O\frame_0143.jpg
MobileNetV2,O,O,True,True,True,0.7149,True,data\O\frame_0144.jpg
MobileNetV2,O,O,True,True,True,0.7652,True,data\O\frame_0145.jpg
MobileNetV2,O,O,True,True,True,0.7894,True,data\O\frame_0146.jpg
MobileNetV2,O,O,True,True,True,0.7787,True,data\O\frame_0147.jpg
MobileNetV2,O,O,True,True,True,0.8124,True,data\O\frame_0148.jpg
MobileNetV2,O,O,True,True,True,0.7845,True,data\O\frame_0149.jpg
MobileNetV2,O,O,True,True,True,0.7821,True,data\O\frame_0150.jpg
MobileNetV2,P,P,True,True,True,0.6658,True,data\P\frame_0001.jpg
MobileNetV2,P,P,True,True,True,0.6087,True,data\P\frame_0002.jpg
MobileNetV2,P,P,True,True,True,0.6989,True,data\P\frame_0003.jpg
MobileNetV2,P,P,True,True,True,0.6887,True,data\P\frame_0004.jpg
MobileNetV2,P,P,True,True,True,0.572,True,data\P\frame_0005.jpg
MobileNetV2,P,P,True,True,True,0.6818,True,data\P\frame_0006.jpg
MobileNetV2,P,P,True,True,True,0.6943,True,data\P\frame_0007.jpg
MobileNetV2,P,P,True,True,True,0.6506,True,data\P\frame_0008.jpg
MobileNetV2,P,P,True,True,True,0.6572,True,data\P\frame_0009.jpg
MobileNetV2,P,P,True,True,True,0.742,True,data\P\frame_0010.jpg
MobileNetV2,P,P,True,True,True,0.5679,True,data\P\frame_0011.jpg
MobileNetV2,P,P,True,True,True,0.6448,True,data\P\frame_0012.jpg
MobileNetV2,P,P,True,True,True,0.6949,True,data\P\frame_0013.jpg
MobileNetV2,P,P,True,True,True,0.6162,True,data\P\frame_0014.jpg
MobileNetV2,P,P,True,True,True,0.7235,True,data\P\frame_0015.jpg
MobileNetV2,P,P,True,True,True,0.6113,True,data\P\frame_0016.jpg
MobileNetV2,P,P,True,True,True,0.6426,True,data\P\frame_0017.jpg
MobileNetV2,P,P,True,True,True,0.6531,True,data\P\frame_0018.jpg
MobileNetV2,P,P,True,True,True,0.6341,True,data\P\frame_0019.jpg
MobileNetV2,P,P,True,True,True,0.6257,True,data\P\frame_0020.jpg
MobileNetV2,P,P,True,True,True,0.7185,True,data\P\frame_0021.jpg
MobileNetV2,P,P,True,True,True,0.6298,True,data\P\frame_0022.jpg
MobileNetV2,P,P,True,True,True,0.5748,True,data\P\frame_0023.jpg
MobileNetV2,P,P,True,True,True,0.6336,True,data\P\frame_0024.jpg
MobileNetV2,P,P,True,True,True,0.6638,True,data\P\frame_0025.jpg
MobileNetV2,P,P,True,True,True,0.7159,True,data\P\frame_0026.jpg
MobileNetV2,P,P,True,True,True,0.7275,True,data\P\frame_0027.jpg
MobileNetV2,P,P,True,True,True,0.7187,True,data\P\frame_0028.jpg
MobileNetV2,P,P,True,True,True,0.7278,True,data\P\frame_0029.jpg
MobileNetV2,P,P,True,True,True,0.7941,True,data\P\frame_0030.jpg
MobileNetV2,P,P,True,True,True,0.7425,True,data\P\frame_0031.jpg
MobileNetV2,P,P,True,True,True,0.796,True,data\P\frame_0032.jpg
MobileNetV2,P,P,True,True,True,0.8251,True,data\P\frame_0033.jpg
MobileNetV2,P,P,True,True,True,0.7922,True,data\P\frame_0034.jpg
MobileNetV2,P,P,True,True,True,0.7733,True,data\P\frame_0035.jpg
MobileNetV2,P,P,True,True,True,0.7622,True,data\P\frame_0036.jpg
MobileNetV2,P,P,True,True,True,0.834,True,data\P\frame_0037.jpg
MobileNetV2,P,P,True,True,True,0.7006,True,data\P\frame_0038.jpg
MobileNetV2,P,P,True,True,True,0.7889,True,data\P\frame_0039.jpg
MobileNetV2,P,P,True,True,True,0.7313,True,data\P\frame_0040.jpg
MobileNetV2,P,P,True,True,True,0.7066,True,data\P\frame_0041.jpg
MobileNetV2,P,P,True,True,True,0.6714,True,data\P\frame_0042.jpg
MobileNetV2,P,P,True,True,True,0.6176,True,data\P\frame_0043.jpg
MobileNetV2,P,P,True,True,True,0.5316,True,data\P\frame_0044.jpg
MobileNetV2,P,P,True,True,True,0.5248,True,data\P\frame_0045.jpg
MobileNetV2,P,P,True,True,True,0.6029,True,data\P\frame_0046.jpg
MobileNetV2,P,P,True,True,True,0.6542,True,data\P\frame_0047.jpg
MobileNetV2,P,P,True,True,True,0.6235,True,data\P\frame_0048.jpg
MobileNetV2,P,P,True,True,True,0.6438,True,data\P\frame_0049.jpg
MobileNetV2,P,P,True,True,True,0.6298,True,data\P\frame_0050.jpg
MobileNetV2,P,P,True,True,True,0.5122,True,data\P\frame_0051.jpg
MobileNetV2,P,P,True,True,True,0.7261,True,data\P\frame_0052.jpg
MobileNetV2,P,P,True,True,True,0.6457,True,data\P\frame_0053.jpg
MobileNetV2,P,P,True,True,True,0.5866,True,data\P\frame_0054.jpg
MobileNetV2,P,P,True,True,True,0.561,True,data\P\frame_0055.jpg
MobileNetV2,P,P,True,True,True,0.604,True,data\P\frame_0056.jpg
MobileNetV2,P,P,True,True,True,0.4363,True,data\P\frame_0057.jpg
MobileNetV2,P,P,True,True,True,0.5445,True,data\P\frame_0058.jpg
MobileNetV2,P,P,True,True,True,0.4414,True,data\P\frame_0059.jpg
MobileNetV2,P,P,True,True,True,0.6326,True,data\P\frame_0060.jpg
MobileNetV2,P,P,True,True,True,0.5199,True,data\P\frame_0061.jpg
MobileNetV2,P,P,True,True,True,0.669,True,data\P\frame_0062.jpg
MobileNetV2,P,P,True,True,True,0.5874,True,data\P\frame_0063.jpg
MobileNetV2,P,P,True,True,True,0.6368,True,data\P\frame_0064.jpg
MobileNetV2,P,P,True,True,True,0.4416,True,data\P\frame_0065.jpg
MobileNetV2,P,P,True,True,True,0.5115,True,data\P\frame_0066.jpg
MobileNetV2,P,P,True,True,True,0.7228,True,data\P\frame_0067.jpg
MobileNetV2,P,P,True,True,True,0.6678,True,data\P\frame_0068.jpg
MobileNetV2,P,P,True,True,True,0.6623,True,data\P\frame_0069.jpg
MobileNetV2,P,P,True,True,True,0.6383,True,data\P\frame_0070.jpg
MobileNetV2,P,P,True,True,True,0.6948,True,data\P\frame_0071.jpg
MobileNetV2,P,P,True,True,True,0.6793,True,data\P\frame_0072.jpg
MobileNetV2,P,P,True,True,True,0.6245,True,data\P\frame_0073.jpg
MobileNetV2,P,P,True,True,True,0.6371,True,data\P\frame_0074.jpg
MobileNetV2,P,P,True,True,True,0.6827,True,data\P\frame_0075.jpg
MobileNetV2,P,P,True,True,True,0.5138,True,data\P\frame_0076.jpg
MobileNetV2,P,P,True,True,True,0.73,True,data\P\frame_0077.jpg
MobileNetV2,P,P,True,True,True,0.6797,True,data\P\frame_0078.jpg
MobileNetV2,P,P,True,True,True,0.6819,True,data\P\frame_0079.jpg
MobileNetV2,P,P,True,True,True,0.6755,True,data\P\frame_0080.jpg
MobileNetV2,P,P,True,True,True,0.728,True,data\P\frame_0081.jpg
MobileNetV2,P,P,True,True,True,0.6995,True,data\P\frame_0082.jpg
MobileNetV2,P,P,True,True,True,0.6816,True,data\P\frame_0083.jpg
MobileNetV2,P,P,True,True,True,0.5577,True,data\P\frame_0084.jpg
MobileNetV2,P,P,True,True,True,0.5529,True,data\P\frame_0085.jpg
MobileNetV2,P,P,True,True,True,0.5775,True,data\P\frame_0086.jpg
MobileNetV2,P,P,True,True,True,0.6125,True,data\P\frame_0087.jpg
MobileNetV2,P,P,True,True,True,0.5322,True,data\P\frame_0088.jpg
MobileNetV2,P,P,True,True,True,0.6244,True,data\P\frame_0089.jpg
MobileNetV2,P,P,True,True,True,0.6836,True,data\P\frame_0090.jpg
MobileNetV2,P,P,True,True,True,0.6487,True,data\P\frame_0091.jpg
MobileNetV2,P,P,True,True,True,0.559,True,data\P\frame_0092.jpg
MobileNetV2,P,P,True,True,True,0.5235,True,data\P\frame_0093.jpg
MobileNetV2,P,P,True,True,True,0.5586,True,data\P\frame_0094.jpg
MobileNetV2,P,P,True,True,True,0.5356,True,data\P\frame_0095.jpg
MobileNetV2,P,P,True,True,True,0.7057,True,data\P\frame_0096.jpg
MobileNetV2,P,P,True,True,True,0.6899,True,data\P\frame_0097.jpg
MobileNetV2,P,P,True,True,True,0.6381,True,data\P\frame_0098.jpg
MobileNetV2,P,P,True,True,True,0.619,True,data\P\frame_0099.jpg
MobileNetV2,P,P,True,True,True,0.5876,True,data\P\frame_0100.jpg
MobileNetV2,P,P,True,True,True,0.6325,True,data\P\frame_0101.jpg
MobileNetV2,P,P,True,True,True,0.5503,True,data\P\frame_0102.jpg
MobileNetV2,P,P,True,True,True,0.649,True,data\P\frame_0103.jpg
MobileNetV2,P,P,True,True,True,0.606,True,data\P\frame_0104.jpg
MobileNetV2,P,P,True,True,True,0.6674,True,data\P\frame_0105.jpg
MobileNetV2,P,P,True,True,True,0.6941,True,data\P\frame_0106.jpg
MobileNetV2,P,P,True,True,True,0.6044,True,data\P\frame_0107.jpg
MobileNetV2,P,P,True,True,True,0.5965,True,data\P\frame_0108.jpg
MobileNetV2,P,P,True,True,True,0.6038,True,data\P\frame_0109.jpg
MobileNetV2,P,P,True,True,True,0.6647,True,data\P\frame_0110.jpg
MobileNetV2,P,P,True,True,True,0.5838,True,data\P\frame_0111.jpg
MobileNetV2,P,P,True,True,True,0.6793,True,data\P\frame_0112.jpg
MobileNetV2,P,P,True,True,True,0.6197,True,data\P\frame_0113.jpg
MobileNetV2,P,P,True,True,True,0.7433,True,data\P\frame_0114.jpg
MobileNetV2,P,P,True,True,True,0.6875,True,data\P\frame_0115.jpg
MobileNetV2,P,P,True,True,True,0.6849,True,data\P\frame_0116.jpg
MobileNetV2,P,P,True,True,True,0.6615,True,data\P\frame_0117.jpg
MobileNetV2,P,P,True,True,True,0.6191,True,data\P\frame_0118.jpg
MobileNetV2,P,P,True,True,True,0.6302,True,data\P\frame_0119.jpg
MobileNetV2,P,P,True,True,True,0.7257,True,data\P\frame_0120.jpg
MobileNetV2,P,P,True,True,True,0.6124,True,data\P\frame_0121.jpg
MobileNetV2,P,P,True,True,True,0.653,True,data\P\frame_0122.jpg
MobileNetV2,P,P,True,True,True,0.585,True,data\P\frame_0123.jpg
MobileNetV2,P,P,True,True,True,0.7094,True,data\P\frame_0124.jpg
MobileNetV2,P,P,True,True,True,0.7148,True,data\P\frame_0125.jpg
MobileNetV2,P,P,True,True,True,0.6465,True,data\P\frame_0126.jpg
MobileNetV2,P,P,True,True,True,0.7484,True,data\P\frame_0127.jpg
MobileNetV2,P,P,True,True,True,0.6645,True,data\P\frame_0128.jpg
MobileNetV2,P,P,True,True,True,0.6672,True,data\P\frame_0129.jpg
MobileNetV2,P,P,True,True,True,0.617,True,data\P\frame_0130.jpg
MobileNetV2,P,P,True,True,True,0.6978,True,data\P\frame_0131.jpg
MobileNetV2,P,P,True,True,True,0.7858,True,data\P\frame_0132.jpg
MobileNetV2,P,P,True,True,True,0.7403,True,data\P\frame_0133.jpg
MobileNetV2,P,P,True,True,True,0.768,True,data\P\frame_0134.jpg
MobileNetV2,P,P,True,True,True,0.7583,True,data\P\frame_0135.jpg
MobileNetV2,P,P,True,True,True,0.6648,True,data\P\frame_0136.jpg
MobileNetV2,P,P,True,True,True,0.6883,True,data\P\frame_0137.jpg
MobileNetV2,P,P,True,True,True,0.6708,True,data\P\frame_0138.jpg
MobileNetV2,P,P,True,True,True,0.6956,True,data\P\frame_0139.jpg
MobileNetV2,P,P,True,True,True,0.5989,True,data\P\frame_0140.jpg
MobileNetV2,P,P,True,True,True,0.585,True,data\P\frame_0141.jpg
MobileNetV2,P,P,True,True,True,0.6533,True,data\P\frame_0142.jpg
MobileNetV2,P,P,True,True,True,0.6675,True,data\P\frame_0143.jpg
MobileNetV2,P,P,True,True,True,0.5642,True,data\P\frame_0144.jpg
MobileNetV2,P,P,True,True,True,0.5482,True,data\P\frame_0145.jpg
MobileNetV2,P,P,True,True,True,0.5838,True,data\P\frame_0146.jpg
MobileNetV2,P,P,True,True,True,0.5838,True,data\P\frame_0147.jpg
MobileNetV2,P,P,True,True,True,0.538,True,data\P\frame_0148.jpg
MobileNetV2,P,P,True,True,True,0.6165,True,data\P\frame_0149.jpg
MobileNetV2,P,P,True,True,True,0.6928,True,data\P\frame_0150.jpg
MobileNetV2,Q,,False,False,False,0.0,False,data\Q\frame_0001.jpg
MobileNetV2,Q,,False,False,False,0.0,False,data\Q\frame_0002.jpg
MobileNetV2,Q,,False,False,False,0.0,False,data\Q\frame_0003.jpg
MobileNetV2,Q,Q,True,True,True,0.2463,True,data\Q\frame_0004.jpg
MobileNetV2,Q,N,False,False,True,0.1996,True,data\Q\frame_0005.jpg
MobileNetV2,Q,N,False,True,True,0.4656,True,data\Q\frame_0006.jpg
MobileNetV2,Q,Q,True,True,True,0.3035,True,data\Q\frame_0007.jpg
MobileNetV2,Q,Q,True,True,True,0.2722,True,data\Q\frame_0008.jpg
MobileNetV2,Q,,False,False,False,0.0,False,data\Q\frame_0009.jpg
MobileNetV2,Q,N,False,True,True,0.4595,True,data\Q\frame_0010.jpg
MobileNetV2,Q,N,False,True,True,0.3291,True,data\Q\frame_0011.jpg
MobileNetV2,Q,N,False,True,True,0.4142,True,data\Q\frame_0012.jpg
MobileNetV2,Q,N,False,True,True,0.4515,True,data\Q\frame_0013.jpg
MobileNetV2,Q,N,False,True,True,0.3131,True,data\Q\frame_0014.jpg
MobileNetV2,Q,N,False,True,True,0.2154,True,data\Q\frame_0015.jpg
MobileNetV2,Q,N,False,True,True,0.3379,True,data\Q\frame_0016.jpg
MobileNetV2,Q,N,False,True,True,0.3193,True,data\Q\frame_0017.jpg
MobileNetV2,Q,N,False,True,True,0.3132,True,data\Q\frame_0018.jpg
MobileNetV2,Q,N,False,True,True,0.3108,True,data\Q\frame_0019.jpg
MobileNetV2,Q,N,False,True,True,0.2607,True,data\Q\frame_0020.jpg
MobileNetV2,Q,N,False,True,True,0.3633,True,data\Q\frame_0021.jpg
MobileNetV2,Q,,False,False,False,0.0,False,data\Q\frame_0022.jpg
MobileNetV2,Q,,False,False,False,0.0,False,data\Q\frame_0023.jpg
MobileNetV2,Q,Q,True,True,True,0.498,True,data\Q\frame_0024.jpg
MobileNetV2,Q,,False,False,False,0.0,False,data\Q\frame_0025.jpg
MobileNetV2,Q,,False,False,False,0.0,False,data\Q\frame_0026.jpg
MobileNetV2,Q,,False,False,False,0.0,False,data\Q\frame_0027.jpg
MobileNetV2,Q,,False,False,False,0.0,False,data\Q\frame_0028.jpg
MobileNetV2,Q,,False,False,False,0.0,False,data\Q\frame_0029.jpg
MobileNetV2,Q,N,False,True,True,0.523,True,data\Q\frame_0030.jpg
MobileNetV2,Q,Q,True,True,True,0.1605,True,data\Q\frame_0031.jpg
MobileNetV2,Q,,False,False,False,0.0,False,data\Q\frame_0032.jpg
MobileNetV2,Q,,False,False,False,0.0,False,data\Q\frame_0033.jpg
MobileNetV2,Q,Q,True,True,True,0.3737,True,data\Q\frame_0034.jpg
MobileNetV2,Q,M,False,True,True,0.1953,True,data\Q\frame_0035.jpg
MobileNetV2,Q,,False,False,False,0.0,False,data\Q\frame_0036.jpg
MobileNetV2,Q,,False,False,False,0.0,False,data\Q\frame_0037.jpg
MobileNetV2,Q,Q,True,True,True,0.5812,True,data\Q\frame_0038.jpg
MobileNetV2,Q,,False,False,False,0.0,False,data\Q\frame_0039.jpg
MobileNetV2,Q,P,False,True,True,0.144,True,data\Q\frame_0040.jpg
MobileNetV2,Q,,False,False,False,0.0,False,data\Q\frame_0041.jpg
MobileNetV2,Q,M,False,True,True,0.3979,True,data\Q\frame_0042.jpg
MobileNetV2,Q,,False,False,False,0.0,False,data\Q\frame_0043.jpg
MobileNetV2,Q,N,False,False,True,0.2253,True,data\Q\frame_0044.jpg
MobileNetV2,Q,,False,False,False,0.0,False,data\Q\frame_0045.jpg
MobileNetV2,Q,,False,False,False,0.0,False,data\Q\frame_0046.jpg
MobileNetV2,Q,,False,False,False,0.0,False,data\Q\frame_0047.jpg
MobileNetV2,Q,,False,False,False,0.0,False,data\Q\frame_0048.jpg
MobileNetV2,Q,,False,False,False,0.0,False,data\Q\frame_0049.jpg
MobileNetV2,Q,,False,False,False,0.0,False,data\Q\frame_0050.jpg
MobileNetV2,Q,,False,False,False,0.0,False,data\Q\frame_0051.jpg
MobileNetV2,Q,,False,False,False,0.0,False,data\Q\frame_0052.jpg
MobileNetV2,Q,,False,False,False,0.0,False,data\Q\frame_0053.jpg
MobileNetV2,Q,,False,False,False,0.0,False,data\Q\frame_0054.jpg
MobileNetV2,Q,,False,False,False,0.0,False,data\Q\frame_0055.jpg
MobileNetV2,Q,,False,False,False,0.0,False,data\Q\frame_0056.jpg
MobileNetV2,Q,Q,True,True,True,0.2659,True,data\Q\frame_0057.jpg
MobileNetV2,Q,Q,True,True,True,0.2647,True,data\Q\frame_0058.jpg
MobileNetV2,Q,,False,False,False,0.0,False,data\Q\frame_0059.jpg
MobileNetV2,Q,N,False,True,True,0.252,True,data\Q\frame_0060.jpg
MobileNetV2,Q,,False,False,False,0.0,False,data\Q\frame_0061.jpg
MobileNetV2,Q,N,False,False,True,0.5343,True,data\Q\frame_0062.jpg
MobileNetV2,Q,N,False,True,True,0.3898,True,data\Q\frame_0063.jpg
MobileNetV2,Q,N,False,True,True,0.3754,True,data\Q\frame_0064.jpg
MobileNetV2,Q,N,False,True,True,0.2646,True,data\Q\frame_0065.jpg
MobileNetV2,Q,N,False,True,True,0.3288,True,data\Q\frame_0066.jpg
MobileNetV2,Q,N,False,True,True,0.3522,True,data\Q\frame_0067.jpg
MobileNetV2,Q,N,False,True,True,0.2519,True,data\Q\frame_0068.jpg
MobileNetV2,Q,N,False,True,True,0.3217,True,data\Q\frame_0069.jpg
MobileNetV2,Q,N,False,False,True,0.4077,True,data\Q\frame_0070.jpg
MobileNetV2,Q,N,False,True,True,0.3663,True,data\Q\frame_0071.jpg
MobileNetV2,Q,N,False,True,True,0.4905,True,data\Q\frame_0072.jpg
MobileNetV2,Q,N,False,True,True,0.2891,True,data\Q\frame_0073.jpg
MobileNetV2,Q,Q,True,True,True,0.2971,True,data\Q\frame_0074.jpg
MobileNetV2,Q,N,False,True,True,0.2763,True,data\Q\frame_0075.jpg
MobileNetV2,Q,N,False,True,True,0.3261,True,data\Q\frame_0076.jpg
MobileNetV2,Q,N,False,True,True,0.5549,True,data\Q\frame_0077.jpg
MobileNetV2,Q,N,False,True,True,0.3928,True,data\Q\frame_0078.jpg
MobileNetV2,Q,N,False,True,True,0.3347,True,data\Q\frame_0079.jpg
MobileNetV2,Q,N,False,True,True,0.4583,True,data\Q\frame_0080.jpg
MobileNetV2,Q,N,False,True,True,0.2978,True,data\Q\frame_0081.jpg
MobileNetV2,Q,N,False,True,True,0.3852,True,data\Q\frame_0082.jpg
MobileNetV2,Q,Q,True,True,True,0.245,True,data\Q\frame_0083.jpg
MobileNetV2,Q,N,False,True,True,0.308,True,data\Q\frame_0084.jpg
MobileNetV2,Q,N,False,True,True,0.4214,True,data\Q\frame_0085.jpg
MobileNetV2,Q,N,False,True,True,0.223,True,data\Q\frame_0086.jpg
MobileNetV2,Q,,False,False,False,0.0,False,data\Q\frame_0087.jpg
MobileNetV2,Q,N,False,True,True,0.4358,True,data\Q\frame_0088.jpg
MobileNetV2,Q,Q,True,True,True,0.2824,True,data\Q\frame_0089.jpg
MobileNetV2,Q,Q,True,True,True,0.2856,True,data\Q\frame_0090.jpg
MobileNetV2,Q,Q,True,True,True,0.2326,True,data\Q\frame_0091.jpg
MobileNetV2,Q,,False,False,False,0.0,False,data\Q\frame_0092.jpg
MobileNetV2,Q,,False,False,False,0.0,False,data\Q\frame_0093.jpg
MobileNetV2,Q,,False,False,False,0.0,False,data\Q\frame_0094.jpg
MobileNetV2,Q,Q,True,True,True,0.2579,True,data\Q\frame_0095.jpg
MobileNetV2,Q,,False,False,False,0.0,False,data\Q\frame_0096.jpg
MobileNetV2,Q,Q,True,True,True,0.2359,True,data\Q\frame_0097.jpg
MobileNetV2,Q,Q,True,True,True,0.2359,True,data\Q\frame_0098.jpg
MobileNetV2,Q,,False,False,False,0.0,False,data\Q\frame_0099.jpg
MobileNetV2,Q,N,False,False,False,0.172,True,data\Q\frame_0100.jpg
MobileNetV2,Q,,False,False,False,0.0,False,data\Q\frame_0101.jpg
MobileNetV2,Q,,False,False,False,0.0,False,data\Q\frame_0102.jpg
MobileNetV2,Q,N,False,True,True,0.1425,True,data\Q\frame_0103.jpg
MobileNetV2,Q,,False,False,False,0.0,False,data\Q\frame_0104.jpg
MobileNetV2,Q,,False,False,False,0.0,False,data\Q\frame_0105.jpg
MobileNetV2,Q,,False,False,False,0.0,False,data\Q\frame_0106.jpg
MobileNetV2,Q,,False,False,False,0.0,False,data\Q\frame_0107.jpg
MobileNetV2,Q,,False,False,False,0.0,False,data\Q\frame_0108.jpg
MobileNetV2,Q,,False,False,False,0.0,False,data\Q\frame_0109.jpg
MobileNetV2,Q,,False,False,False,0.0,False,data\Q\frame_0110.jpg
MobileNetV2,Q,,False,False,False,0.0,False,data\Q\frame_0111.jpg
MobileNetV2,Q,,False,False,False,0.0,False,data\Q\frame_0112.jpg
MobileNetV2,Q,,False,False,False,0.0,False,data\Q\frame_0113.jpg
MobileNetV2,Q,,False,False,False,0.0,False,data\Q\frame_0114.jpg
MobileNetV2,Q,,False,False,False,0.0,False,data\Q\frame_0115.jpg
MobileNetV2,Q,,False,False,False,0.0,False,data\Q\frame_0116.jpg
MobileNetV2,Q,,False,False,False,0.0,False,data\Q\frame_0117.jpg
MobileNetV2,Q,,False,False,False,0.0,False,data\Q\frame_0118.jpg
MobileNetV2,Q,,False,False,False,0.0,False,data\Q\frame_0119.jpg
MobileNetV2,Q,,False,False,False,0.0,False,data\Q\frame_0120.jpg
MobileNetV2,Q,,False,False,False,0.0,False,data\Q\frame_0121.jpg
MobileNetV2,Q,,False,False,False,0.0,False,data\Q\frame_0122.jpg
MobileNetV2,Q,Q,True,True,True,0.2135,True,data\Q\frame_0123.jpg
MobileNetV2,Q,Q,True,True,True,0.4039,True,data\Q\frame_0124.jpg
MobileNetV2,Q,N,False,True,True,0.2385,True,data\Q\frame_0125.jpg
MobileNetV2,Q,Q,True,True,True,0.26,True,data\Q\frame_0126.jpg
MobileNetV2,Q,,False,False,False,0.0,False,data\Q\frame_0127.jpg
MobileNetV2,Q,,False,False,False,0.0,False,data\Q\frame_0128.jpg
MobileNetV2,Q,N,False,True,True,0.2475,True,data\Q\frame_0129.jpg
MobileNetV2,Q,N,False,True,True,0.4298,True,data\Q\frame_0130.jpg
MobileNetV2,Q,N,False,True,True,0.4298,True,data\Q\frame_0131.jpg
MobileNetV2,Q,N,False,True,True,0.4216,True,data\Q\frame_0132.jpg
MobileNetV2,Q,,False,False,False,0.0,False,data\Q\frame_0133.jpg
MobileNetV2,Q,,False,False,False,0.0,False,data\Q\frame_0134.jpg
MobileNetV2,Q,,False,False,False,0.0,False,data\Q\frame_0135.jpg
MobileNetV2,Q,Q,True,True,True,0.3122,True,data\Q\frame_0136.jpg
MobileNetV2,Q,N,False,True,True,0.2556,True,data\Q\frame_0137.jpg
MobileNetV2,Q,N,False,True,True,0.3679,True,data\Q\frame_0138.jpg
MobileNetV2,Q,N,False,True,True,0.4308,True,data\Q\frame_0139.jpg
MobileNetV2,Q,N,False,True,True,0.2678,True,data\Q\frame_0140.jpg
MobileNetV2,Q,N,False,True,True,0.4096,True,data\Q\frame_0141.jpg
MobileNetV2,Q,N,False,True,True,0.4096,True,data\Q\frame_0142.jpg
MobileNetV2,Q,,False,False,False,0.0,False,data\Q\frame_0143.jpg
MobileNetV2,Q,N,False,True,True,0.3396,True,data\Q\frame_0144.jpg
MobileNetV2,Q,Q,True,True,True,0.265,True,data\Q\frame_0145.jpg
MobileNetV2,Q,,False,False,False,0.0,False,data\Q\frame_0146.jpg
MobileNetV2,Q,N,False,True,True,0.3174,True,data\Q\frame_0147.jpg
MobileNetV2,Q,,False,False,False,0.0,False,data\Q\frame_0148.jpg
MobileNetV2,Q,N,False,True,True,0.3976,True,data\Q\frame_0149.jpg
MobileNetV2,Q,,False,False,False,0.0,False,data\Q\frame_0150.jpg
MobileNetV2,R,R,True,True,True,0.2895,True,data\R\frame_0001.jpg
MobileNetV2,R,R,True,True,True,0.2895,True,data\R\frame_0002.jpg
MobileNetV2,R,R,True,True,True,0.494,True,data\R\frame_0003.jpg
MobileNetV2,R,R,True,True,True,0.4701,True,data\R\frame_0004.jpg
MobileNetV2,R,R,True,True,True,0.4491,True,data\R\frame_0005.jpg
MobileNetV2,R,R,True,True,True,0.4522,True,data\R\frame_0006.jpg
MobileNetV2,R,R,True,True,True,0.5103,True,data\R\frame_0007.jpg
MobileNetV2,R,R,True,True,True,0.398,True,data\R\frame_0008.jpg
MobileNetV2,R,R,True,True,True,0.3616,True,data\R\frame_0009.jpg
MobileNetV2,R,R,True,True,True,0.3978,True,data\R\frame_0010.jpg
MobileNetV2,R,R,True,True,True,0.5315,True,data\R\frame_0011.jpg
MobileNetV2,R,R,True,True,True,0.4434,True,data\R\frame_0012.jpg
MobileNetV2,R,R,True,True,True,0.4434,True,data\R\frame_0013.jpg
MobileNetV2,R,R,True,True,True,0.375,True,data\R\frame_0014.jpg
MobileNetV2,R,R,True,True,True,0.3282,True,data\R\frame_0015.jpg
MobileNetV2,R,R,True,True,True,0.4276,True,data\R\frame_0016.jpg
MobileNetV2,R,R,True,True,True,0.356,True,data\R\frame_0017.jpg
MobileNetV2,R,R,True,True,True,0.426,True,data\R\frame_0018.jpg
MobileNetV2,R,R,True,True,True,0.4376,True,data\R\frame_0019.jpg
MobileNetV2,R,R,True,True,True,0.3593,True,data\R\frame_0020.jpg
MobileNetV2,R,R,True,True,True,0.3884,True,data\R\frame_0021.jpg
MobileNetV2,R,R,True,True,True,0.4841,True,data\R\frame_0022.jpg
MobileNetV2,R,R,True,True,True,0.422,True,data\R\frame_0023.jpg
MobileNetV2,R,R,True,True,True,0.422,True,data\R\frame_0024.jpg
MobileNetV2,R,R,True,True,True,0.5165,True,data\R\frame_0025.jpg
MobileNetV2,R,R,True,True,True,0.5023,True,data\R\frame_0026.jpg
MobileNetV2,R,R,True,True,True,0.4085,True,data\R\frame_0027.jpg
MobileNetV2,R,R,True,True,True,0.4484,True,data\R\frame_0028.jpg
MobileNetV2,R,R,True,True,True,0.3911,True,data\R\frame_0029.jpg
MobileNetV2,R,R,True,True,True,0.4104,True,data\R\frame_0030.jpg
MobileNetV2,R,R,True,True,True,0.4325,True,data\R\frame_0031.jpg
MobileNetV2,R,R,True,True,True,0.3433,True,data\R\frame_0032.jpg
MobileNetV2,R,R,True,True,True,0.2492,True,data\R\frame_0033.jpg
MobileNetV2,R,R,True,True,True,0.2544,True,data\R\frame_0034.jpg
MobileNetV2,R,R,True,True,True,0.2544,True,data\R\frame_0035.jpg
MobileNetV2,R,R,True,True,True,0.2981,True,data\R\frame_0036.jpg
MobileNetV2,R,R,True,True,True,0.2558,True,data\R\frame_0037.jpg
MobileNetV2,R,R,True,True,True,0.2767,True,data\R\frame_0038.jpg
MobileNetV2,R,R,True,True,True,0.1974,True,data\R\frame_0039.jpg
MobileNetV2,R,I,False,True,True,0.1955,True,data\R\frame_0040.jpg
MobileNetV2,R,K,False,True,True,0.1732,True,data\R\frame_0041.jpg
MobileNetV2,R,R,True,True,True,0.3455,True,data\R\frame_0042.jpg
MobileNetV2,R,R,True,True,True,0.2987,True,data\R\frame_0043.jpg
MobileNetV2,R,R,True,True,True,0.38,True,data\R\frame_0044.jpg
MobileNetV2,R,R,True,True,True,0.2029,True,data\R\frame_0045.jpg
MobileNetV2,R,R,True,True,True,0.2029,True,data\R\frame_0046.jpg
MobileNetV2,R,R,True,True,True,0.3199,True,data\R\frame_0047.jpg
MobileNetV2,R,R,True,True,True,0.2708,True,data\R\frame_0048.jpg
MobileNetV2,R,R,True,True,True,0.2722,True,data\R\frame_0049.jpg
MobileNetV2,R,R,True,True,True,0.4101,True,data\R\frame_0050.jpg
MobileNetV2,R,R,True,True,True,0.3369,True,data\R\frame_0051.jpg
MobileNetV2,R,R,True,True,True,0.3458,True,data\R\frame_0052.jpg
MobileNetV2,R,R,True,True,True,0.4002,True,data\R\frame_0053.jpg
MobileNetV2,R,R,True,True,True,0.3809,True,data\R\frame_0054.jpg
MobileNetV2,R,R,True,True,True,0.4901,True,data\R\frame_0055.jpg
MobileNetV2,R,R,True,True,True,0.5536,True,data\R\frame_0056.jpg
MobileNetV2,R,R,True,True,True,0.5536,True,data\R\frame_0057.jpg
MobileNetV2,R,R,True,True,True,0.4993,True,data\R\frame_0058.jpg
MobileNetV2,R,R,True,True,True,0.3115,True,data\R\frame_0059.jpg
MobileNetV2,R,R,True,True,True,0.4327,True,data\R\frame_0060.jpg
MobileNetV2,R,R,True,True,True,0.4116,True,data\R\frame_0061.jpg
MobileNetV2,R,R,True,True,True,0.518,True,data\R\frame_0062.jpg
MobileNetV2,R,R,True,True,True,0.484,True,data\R\frame_0063.jpg
MobileNetV2,R,R,True,True,True,0.4361,True,data\R\frame_0064.jpg
MobileNetV2,R,R,True,True,True,0.3605,True,data\R\frame_0065.jpg
MobileNetV2,R,R,True,True,True,0.3876,True,data\R\frame_0066.jpg
MobileNetV2,R,R,True,True,True,0.3295,True,data\R\frame_0067.jpg
MobileNetV2,R,R,True,True,True,0.3295,True,data\R\frame_0068.jpg
MobileNetV2,R,R,True,True,True,0.342,True,data\R\frame_0069.jpg
MobileNetV2,R,R,True,True,True,0.4018,True,data\R\frame_0070.jpg
MobileNetV2,R,R,True,True,True,0.4472,True,data\R\frame_0071.jpg
MobileNetV2,R,R,True,True,True,0.4494,True,data\R\frame_0072.jpg
MobileNetV2,R,R,True,True,True,0.4088,True,data\R\frame_0073.jpg
MobileNetV2,R,R,True,True,True,0.4913,True,data\R\frame_0074.jpg
MobileNetV2,R,R,True,True,True,0.5064,True,data\R\frame_0075.jpg
MobileNetV2,R,R,True,True,True,0.3226,True,data\R\frame_0076.jpg
MobileNetV2,R,R,True,True,True,0.2306,True,data\R\frame_0077.jpg
MobileNetV2,R,R,True,True,True,0.2306,True,data\R\frame_0078.jpg
MobileNetV2,R,R,True,True,True,0.3624,True,data\R\frame_0079.jpg
MobileNetV2,R,R,True,True,True,0.3816,True,data\R\frame_0080.jpg
MobileNetV2,R,R,True,True,True,0.2195,True,data\R\frame_0081.jpg
MobileNetV2,R,R,True,True,True,0.3099,True,data\R\frame_0082.jpg
MobileNetV2,R,R,True,True,True,0.3034,True,data\R\frame_0083.jpg
MobileNetV2,R,R,True,True,True,0.2781,True,data\R\frame_0084.jpg
MobileNetV2,R,R,True,True,True,0.2284,True,data\R\frame_0085.jpg
MobileNetV2,R,R,True,True,True,0.2106,True,data\R\frame_0086.jpg
MobileNetV2,R,I,False,True,True,0.2176,True,data\R\frame_0087.jpg
MobileNetV2,R,I,False,True,True,0.2023,True,data\R\frame_0088.jpg
MobileNetV2,R,I,False,True,True,0.2023,True,data\R\frame_0089.jpg
MobileNetV2,R,I,False,False,True,0.2726,True,data\R\frame_0090.jpg
MobileNetV2,R,I,False,True,True,0.2197,True,data\R\frame_0091.jpg
MobileNetV2,R,I,False,True,True,0.1919,True,data\R\frame_0092.jpg
MobileNetV2,R,R,True,True,True,0.2075,True,data\R\frame_0093.jpg
MobileNetV2,R,R,True,True,True,0.3716,True,data\R\frame_0094.jpg
MobileNetV2,R,R,True,True,True,0.3269,True,data\R\frame_0095.jpg
MobileNetV2,R,R,True,True,True,0.436,True,data\R\frame_0096.jpg
MobileNetV2,R,R,True,True,True,0.2717,True,data\R\frame_0097.jpg
MobileNetV2,R,R,True,True,True,0.4126,True,data\R\frame_0098.jpg
MobileNetV2,R,R,True,True,True,0.3887,True,data\R\frame_0099.jpg
MobileNetV2,R,R,True,True,True,0.3887,True,data\R\frame_0100.jpg
MobileNetV2,R,R,True,True,True,0.3048,True,data\R\frame_0101.jpg
MobileNetV2,R,R,True,True,True,0.2586,True,data\R\frame_0102.jpg
MobileNetV2,R,R,True,True,True,0.253,True,data\R\frame_0103.jpg
MobileNetV2,R,R,True,True,True,0.2149,True,data\R\frame_0104.jpg
MobileNetV2,R,R,True,True,True,0.3021,True,data\R\frame_0105.jpg
MobileNetV2,R,R,True,True,True,0.3886,True,data\R\frame_0106.jpg
MobileNetV2,R,R,True,True,True,0.1698,True,data\R\frame_0107.jpg
MobileNetV2,R,R,True,True,True,0.2655,True,data\R\frame_0108.jpg
MobileNetV2,R,R,True,True,True,0.2187,True,data\R\frame_0109.jpg
MobileNetV2,R,R,True,True,True,0.2796,True,data\R\frame_0110.jpg
MobileNetV2,R,R,True,True,True,0.2468,True,data\R\frame_0111.jpg
MobileNetV2,R,R,True,True,True,0.4229,True,data\R\frame_0112.jpg
MobileNetV2,R,R,True,True,True,0.2888,True,data\R\frame_0113.jpg
MobileNetV2,R,R,True,True,True,0.2579,True,data\R\frame_0114.jpg
MobileNetV2,R,R,True,True,True,0.3435,True,data\R\frame_0115.jpg
MobileNetV2,R,R,True,True,True,0.3358,True,data\R\frame_0116.jpg
MobileNetV2,R,R,True,True,True,0.4497,True,data\R\frame_0117.jpg
MobileNetV2,R,R,True,True,True,0.3989,True,data\R\frame_0118.jpg
MobileNetV2,R,R,True,True,True,0.2946,True,data\R\frame_0119.jpg
MobileNetV2,R,R,True,True,True,0.3542,True,data\R\frame_0120.jpg
MobileNetV2,R,R,True,True,True,0.3122,True,data\R\frame_0121.jpg
MobileNetV2,R,R,True,True,True,0.4586,True,data\R\frame_0122.jpg
MobileNetV2,R,R,True,True,True,0.3224,True,data\R\frame_0123.jpg
MobileNetV2,R,R,True,True,True,0.3562,True,data\R\frame_0124.jpg
MobileNetV2,R,R,True,True,True,0.3993,True,data\R\frame_0125.jpg
MobileNetV2,R,R,True,True,True,0.4103,True,data\R\frame_0126.jpg
MobileNetV2,R,R,True,True,True,0.5216,True,data\R\frame_0127.jpg
MobileNetV2,R,R,True,True,True,0.5518,True,data\R\frame_0128.jpg
MobileNetV2,R,R,True,True,True,0.5051,True,data\R\frame_0129.jpg
MobileNetV2,R,R,True,True,True,0.5702,True,data\R\frame_0130.jpg
MobileNetV2,R,R,True,True,True,0.4875,True,data\R\frame_0131.jpg
MobileNetV2,R,R,True,True,True,0.6591,True,data\R\frame_0132.jpg
MobileNetV2,R,R,True,True,True,0.4437,True,data\R\frame_0133.jpg
MobileNetV2,R,R,True,True,True,0.5039,True,data\R\frame_0134.jpg
MobileNetV2,R,R,True,True,True,0.5924,True,data\R\frame_0135.jpg
MobileNetV2,R,R,True,True,True,0.4787,True,data\R\frame_0136.jpg
MobileNetV2,R,R,True,True,True,0.5581,True,data\R\frame_0137.jpg
MobileNetV2,R,R,True,True,True,0.4782,True,data\R\frame_0138.jpg
MobileNetV2,R,R,True,True,True,0.468,True,data\R\frame_0139.jpg
MobileNetV2,R,R,True,True,True,0.596,True,data\R\frame_0140.jpg
MobileNetV2,R,R,True,True,True,0.5321,True,data\R\frame_0141.jpg
MobileNetV2,R,R,True,True,True,0.4894,True,data\R\frame_0142.jpg
MobileNetV2,R,R,True,True,True,0.4699,True,data\R\frame_0143.jpg
MobileNetV2,R,R,True,True,True,0.4684,True,data\R\frame_0144.jpg
MobileNetV2,R,R,True,True,True,0.5035,True,data\R\frame_0145.jpg
MobileNetV2,R,R,True,True,True,0.4815,True,data\R\frame_0146.jpg
MobileNetV2,R,R,True,True,True,0.5543,True,data\R\frame_0147.jpg
MobileNetV2,R,R,True,True,True,0.4041,True,data\R\frame_0148.jpg
MobileNetV2,R,R,True,True,True,0.5617,True,data\R\frame_0149.jpg
MobileNetV2,R,R,True,True,True,0.4127,True,data\R\frame_0150.jpg
MobileNetV2,Râu,Râu,True,True,True,0.4632,True,data\Rau\frame_0001.jpg
MobileNetV2,Râu,Râu,True,True,True,0.5205,True,data\Rau\frame_0002.jpg
MobileNetV2,Râu,Râu,True,True,True,0.4087,True,data\Rau\frame_0003.jpg
MobileNetV2,Râu,Râu,True,True,True,0.4166,True,data\Rau\frame_0004.jpg
MobileNetV2,Râu,Râu,True,True,True,0.4092,True,data\Rau\frame_0005.jpg
MobileNetV2,Râu,Râu,True,True,True,0.4086,True,data\Rau\frame_0006.jpg
MobileNetV2,Râu,Râu,True,True,True,0.4633,True,data\Rau\frame_0007.jpg
MobileNetV2,Râu,Râu,True,True,True,0.4633,True,data\Rau\frame_0008.jpg
MobileNetV2,Râu,Râu,True,True,True,0.3684,True,data\Rau\frame_0009.jpg
MobileNetV2,Râu,Râu,True,True,True,0.4912,True,data\Rau\frame_0010.jpg
MobileNetV2,Râu,Râu,True,True,True,0.4178,True,data\Rau\frame_0011.jpg
MobileNetV2,Râu,Râu,True,True,True,0.4072,True,data\Rau\frame_0012.jpg
MobileNetV2,Râu,Râu,True,True,True,0.5006,True,data\Rau\frame_0013.jpg
MobileNetV2,Râu,Râu,True,True,True,0.3583,True,data\Rau\frame_0014.jpg
MobileNetV2,Râu,Râu,True,True,True,0.5635,True,data\Rau\frame_0015.jpg
MobileNetV2,Râu,Râu,True,True,True,0.4455,True,data\Rau\frame_0016.jpg
MobileNetV2,Râu,Râu,True,True,True,0.4291,True,data\Rau\frame_0017.jpg
MobileNetV2,Râu,Râu,True,True,True,0.4939,True,data\Rau\frame_0018.jpg
MobileNetV2,Râu,Râu,True,True,True,0.4939,True,data\Rau\frame_0019.jpg
MobileNetV2,Râu,Râu,True,True,True,0.4841,True,data\Rau\frame_0020.jpg
MobileNetV2,Râu,Râu,True,True,True,0.4735,True,data\Rau\frame_0021.jpg
MobileNetV2,Râu,Râu,True,True,True,0.4311,True,data\Rau\frame_0022.jpg
MobileNetV2,Râu,Râu,True,True,True,0.5823,True,data\Rau\frame_0023.jpg
MobileNetV2,Râu,Râu,True,True,True,0.5883,True,data\Rau\frame_0024.jpg
MobileNetV2,Râu,Râu,True,True,True,0.4561,True,data\Rau\frame_0025.jpg
MobileNetV2,Râu,Râu,True,True,True,0.544,True,data\Rau\frame_0026.jpg
MobileNetV2,Râu,Râu,True,True,True,0.4321,True,data\Rau\frame_0027.jpg
MobileNetV2,Râu,Râu,True,True,True,0.5533,True,data\Rau\frame_0028.jpg
MobileNetV2,Râu,Râu,True,True,True,0.5076,True,data\Rau\frame_0029.jpg
MobileNetV2,Râu,Râu,True,True,True,0.5076,True,data\Rau\frame_0030.jpg
MobileNetV2,Râu,Râu,True,True,True,0.5248,True,data\Rau\frame_0031.jpg
MobileNetV2,Râu,Râu,True,True,True,0.4326,True,data\Rau\frame_0032.jpg
MobileNetV2,Râu,Râu,True,True,True,0.586,True,data\Rau\frame_0033.jpg
MobileNetV2,Râu,Râu,True,True,True,0.4864,True,data\Rau\frame_0034.jpg
MobileNetV2,Râu,Râu,True,True,True,0.5639,True,data\Rau\frame_0035.jpg
MobileNetV2,Râu,Râu,True,True,True,0.4943,True,data\Rau\frame_0036.jpg
MobileNetV2,Râu,Râu,True,True,True,0.6112,True,data\Rau\frame_0037.jpg
MobileNetV2,Râu,Râu,True,True,True,0.5549,True,data\Rau\frame_0038.jpg
MobileNetV2,Râu,Râu,True,True,True,0.5543,True,data\Rau\frame_0039.jpg
MobileNetV2,Râu,Râu,True,True,True,0.5849,True,data\Rau\frame_0040.jpg
MobileNetV2,Râu,Râu,True,True,True,0.5849,True,data\Rau\frame_0041.jpg
MobileNetV2,Râu,Râu,True,True,True,0.5993,True,data\Rau\frame_0042.jpg
MobileNetV2,Râu,Râu,True,True,True,0.522,True,data\Rau\frame_0043.jpg
MobileNetV2,Râu,Râu,True,True,True,0.6109,True,data\Rau\frame_0044.jpg
MobileNetV2,Râu,Râu,True,True,True,0.4278,True,data\Rau\frame_0045.jpg
MobileNetV2,Râu,Râu,True,True,True,0.6408,True,data\Rau\frame_0046.jpg
MobileNetV2,Râu,Râu,True,True,True,0.7085,True,data\Rau\frame_0047.jpg
MobileNetV2,Râu,Râu,True,True,True,0.5071,True,data\Rau\frame_0048.jpg
MobileNetV2,Râu,Râu,True,True,True,0.6026,True,data\Rau\frame_0049.jpg
MobileNetV2,Râu,Râu,True,True,True,0.5079,True,data\Rau\frame_0050.jpg
MobileNetV2,Râu,Râu,True,True,True,0.6611,True,data\Rau\frame_0051.jpg
MobileNetV2,Râu,Râu,True,True,True,0.6611,True,data\Rau\frame_0052.jpg
MobileNetV2,Râu,Râu,True,True,True,0.5831,True,data\Rau\frame_0053.jpg
MobileNetV2,Râu,Râu,True,True,True,0.5946,True,data\Rau\frame_0054.jpg
MobileNetV2,Râu,Râu,True,True,True,0.6759,True,data\Rau\frame_0055.jpg
MobileNetV2,Râu,Râu,True,True,True,0.5133,True,data\Rau\frame_0056.jpg
MobileNetV2,Râu,Râu,True,True,True,0.6437,True,data\Rau\frame_0057.jpg
MobileNetV2,Râu,Râu,True,True,True,0.5186,True,data\Rau\frame_0058.jpg
MobileNetV2,Râu,Râu,True,True,True,0.6052,True,data\Rau\frame_0059.jpg
MobileNetV2,Râu,Râu,True,True,True,0.5917,True,data\Rau\frame_0060.jpg
MobileNetV2,Râu,Râu,True,True,True,0.5069,True,data\Rau\frame_0061.jpg
MobileNetV2,Râu,Râu,True,True,True,0.4377,True,data\Rau\frame_0062.jpg
MobileNetV2,Râu,Râu,True,True,True,0.4377,True,data\Rau\frame_0063.jpg
MobileNetV2,Râu,Râu,True,True,True,0.3626,True,data\Rau\frame_0064.jpg
MobileNetV2,Râu,I,False,True,True,0.3365,True,data\Rau\frame_0065.jpg
MobileNetV2,Râu,Râu,True,True,True,0.3512,True,data\Rau\frame_0066.jpg
MobileNetV2,Râu,Râu,True,True,True,0.367,True,data\Rau\frame_0067.jpg
MobileNetV2,Râu,I,False,True,True,0.3075,True,data\Rau\frame_0068.jpg
MobileNetV2,Râu,Râu,True,True,True,0.4102,True,data\Rau\frame_0069.jpg
MobileNetV2,Râu,Râu,True,True,True,0.4323,True,data\Rau\frame_0070.jpg
MobileNetV2,Râu,Râu,True,True,True,0.4051,True,data\Rau\frame_0071.jpg
MobileNetV2,Râu,Râu,True,True,True,0.3497,True,data\Rau\frame_0072.jpg
MobileNetV2,Râu,Râu,True,True,True,0.3497,True,data\Rau\frame_0073.jpg
MobileNetV2,Râu,Râu,True,True,True,0.5357,True,data\Rau\frame_0074.jpg
MobileNetV2,Râu,Râu,True,True,True,0.5457,True,data\Rau\frame_0075.jpg
MobileNetV2,Râu,Râu,True,True,True,0.3889,True,data\Rau\frame_0076.jpg
MobileNetV2,Râu,Râu,True,True,True,0.5303,True,data\Rau\frame_0077.jpg
MobileNetV2,Râu,Râu,True,True,True,0.4468,True,data\Rau\frame_0078.jpg
MobileNetV2,Râu,Râu,True,True,True,0.3801,True,data\Rau\frame_0079.jpg
MobileNetV2,Râu,Râu,True,True,True,0.422,True,data\Rau\frame_0080.jpg
MobileNetV2,Râu,Râu,True,True,True,0.3236,True,data\Rau\frame_0081.jpg
MobileNetV2,Râu,Râu,True,True,True,0.5305,True,data\Rau\frame_0082.jpg
MobileNetV2,Râu,Râu,True,True,True,0.5797,True,data\Rau\frame_0083.jpg
MobileNetV2,Râu,Râu,True,True,True,0.5628,True,data\Rau\frame_0084.jpg
MobileNetV2,Râu,Râu,True,True,True,0.4217,True,data\Rau\frame_0085.jpg
MobileNetV2,Râu,Râu,True,True,True,0.5732,True,data\Rau\frame_0086.jpg
MobileNetV2,Râu,Râu,True,True,True,0.5388,True,data\Rau\frame_0087.jpg
MobileNetV2,Râu,Râu,True,True,True,0.5225,True,data\Rau\frame_0088.jpg
MobileNetV2,Râu,Râu,True,True,True,0.5402,True,data\Rau\frame_0089.jpg
MobileNetV2,Râu,Râu,True,True,True,0.6333,True,data\Rau\frame_0090.jpg
MobileNetV2,Râu,Râu,True,True,True,0.5741,True,data\Rau\frame_0091.jpg
MobileNetV2,Râu,Râu,True,True,True,0.6126,True,data\Rau\frame_0092.jpg
MobileNetV2,Râu,Râu,True,True,True,0.5881,True,data\Rau\frame_0093.jpg
MobileNetV2,Râu,Râu,True,True,True,0.5406,True,data\Rau\frame_0094.jpg
MobileNetV2,Râu,Râu,True,True,True,0.6561,True,data\Rau\frame_0095.jpg
MobileNetV2,Râu,Râu,True,True,True,0.6571,True,data\Rau\frame_0096.jpg
MobileNetV2,Râu,Râu,True,True,True,0.6496,True,data\Rau\frame_0097.jpg
MobileNetV2,Râu,Râu,True,True,True,0.6624,True,data\Rau\frame_0098.jpg
MobileNetV2,Râu,Râu,True,True,True,0.6173,True,data\Rau\frame_0099.jpg
MobileNetV2,Râu,Râu,True,True,True,0.5011,True,data\Rau\frame_0100.jpg
MobileNetV2,Râu,Râu,True,True,True,0.5416,True,data\Rau\frame_0101.jpg
MobileNetV2,Râu,Râu,True,True,True,0.5473,True,data\Rau\frame_0102.jpg
MobileNetV2,Râu,Râu,True,True,True,0.5613,True,data\Rau\frame_0103.jpg
MobileNetV2,Râu,Râu,True,True,True,0.5928,True,data\Rau\frame_0104.jpg
MobileNetV2,Râu,Râu,True,True,True,0.5787,True,data\Rau\frame_0105.jpg
MobileNetV2,Râu,Râu,True,True,True,0.6953,True,data\Rau\frame_0106.jpg
MobileNetV2,Râu,Râu,True,True,True,0.6023,True,data\Rau\frame_0107.jpg
MobileNetV2,Râu,Râu,True,True,True,0.6282,True,data\Rau\frame_0108.jpg
MobileNetV2,Râu,Râu,True,True,True,0.5783,True,data\Rau\frame_0109.jpg
MobileNetV2,Râu,Râu,True,True,True,0.5656,True,data\Rau\frame_0110.jpg
MobileNetV2,Râu,Râu,True,True,True,0.5723,True,data\Rau\frame_0111.jpg
MobileNetV2,Râu,Râu,True,True,True,0.5387,True,data\Rau\frame_0112.jpg
MobileNetV2,Râu,Râu,True,True,True,0.5843,True,data\Rau\frame_0113.jpg
MobileNetV2,Râu,Râu,True,True,True,0.496,True,data\Rau\frame_0114.jpg
MobileNetV2,Râu,Râu,True,True,True,0.5544,True,data\Rau\frame_0115.jpg
MobileNetV2,Râu,Râu,True,True,True,0.5671,True,data\Rau\frame_0116.jpg
MobileNetV2,Râu,Râu,True,True,True,0.4958,True,data\Rau\frame_0117.jpg
MobileNetV2,Râu,Râu,True,True,True,0.5137,True,data\Rau\frame_0118.jpg
MobileNetV2,Râu,Râu,True,True,True,0.5604,True,data\Rau\frame_0119.jpg
MobileNetV2,Râu,Râu,True,True,True,0.4708,True,data\Rau\frame_0120.jpg
MobileNetV2,Râu,Râu,True,True,True,0.5679,True,data\Rau\frame_0121.jpg
MobileNetV2,Râu,Râu,True,True,True,0.5075,True,data\Rau\frame_0122.jpg
MobileNetV2,Râu,Râu,True,True,True,0.3129,True,data\Rau\frame_0123.jpg
MobileNetV2,Râu,Râu,True,True,True,0.3877,True,data\Rau\frame_0124.jpg
MobileNetV2,Râu,Râu,True,True,True,0.375,True,data\Rau\frame_0125.jpg
MobileNetV2,Râu,Râu,True,True,True,0.4445,True,data\Rau\frame_0126.jpg
MobileNetV2,Râu,Râu,True,True,True,0.3974,True,data\Rau\frame_0127.jpg
MobileNetV2,Râu,Râu,True,True,True,0.5057,True,data\Rau\frame_0128.jpg
MobileNetV2,Râu,Râu,True,True,True,0.2555,True,data\Rau\frame_0129.jpg
MobileNetV2,Râu,Râu,True,True,True,0.3538,True,data\Rau\frame_0130.jpg
MobileNetV2,Râu,Râu,True,True,True,0.4165,True,data\Rau\frame_0131.jpg
MobileNetV2,Râu,Râu,True,True,True,0.5011,True,data\Rau\frame_0132.jpg
MobileNetV2,Râu,Râu,True,True,True,0.4066,True,data\Rau\frame_0133.jpg
MobileNetV2,Râu,Râu,True,True,True,0.4971,True,data\Rau\frame_0134.jpg
MobileNetV2,Râu,Râu,True,True,True,0.5239,True,data\Rau\frame_0135.jpg
MobileNetV2,Râu,Râu,True,True,True,0.5914,True,data\Rau\frame_0136.jpg
MobileNetV2,Râu,Râu,True,True,True,0.6063,True,data\Rau\frame_0137.jpg
MobileNetV2,Râu,Râu,True,True,True,0.6226,True,data\Rau\frame_0138.jpg
MobileNetV2,Râu,Râu,True,True,True,0.6717,True,data\Rau\frame_0139.jpg
MobileNetV2,Râu,Râu,True,True,True,0.68,True,data\Rau\frame_0140.jpg
MobileNetV2,Râu,Râu,True,True,True,0.6798,True,data\Rau\frame_0141.jpg
MobileNetV2,Râu,Râu,True,True,True,0.7155,True,data\Rau\frame_0142.jpg
MobileNetV2,Râu,Râu,True,True,True,0.6471,True,data\Rau\frame_0143.jpg
MobileNetV2,Râu,Râu,True,True,True,0.6346,True,data\Rau\frame_0144.jpg
MobileNetV2,Râu,Râu,True,True,True,0.5727,True,data\Rau\frame_0145.jpg
MobileNetV2,Râu,Râu,True,True,True,0.6514,True,data\Rau\frame_0146.jpg
MobileNetV2,Râu,Râu,True,True,True,0.4643,True,data\Rau\frame_0147.jpg
MobileNetV2,Râu,Râu,True,True,True,0.4126,True,data\Rau\frame_0148.jpg
MobileNetV2,Râu,Râu,True,True,True,0.4918,True,data\Rau\frame_0149.jpg
MobileNetV2,Râu,Râu,True,True,True,0.5384,True,data\Rau\frame_0150.jpg
MobileNetV2,S,X,False,True,True,0.19,True,data\S\frame_0001.jpg
MobileNetV2,S,S,True,True,True,0.2577,True,data\S\frame_0002.jpg
MobileNetV2,S,S,True,True,True,0.2612,True,data\S\frame_0003.jpg
MobileNetV2,S,S,True,True,True,0.224,True,data\S\frame_0004.jpg
MobileNetV2,S,S,True,True,True,0.224,True,data\S\frame_0005.jpg
MobileNetV2,S,S,True,True,True,0.1935,True,data\S\frame_0006.jpg
MobileNetV2,S,S,True,True,True,0.1935,True,data\S\frame_0007.jpg
MobileNetV2,S,X,False,True,True,0.1966,True,data\S\frame_0008.jpg
MobileNetV2,S,S,True,True,True,0.2337,True,data\S\frame_0009.jpg
MobileNetV2,S,S,True,True,True,0.2337,True,data\S\frame_0010.jpg
MobileNetV2,S,S,True,True,True,0.2604,True,data\S\frame_0011.jpg
MobileNetV2,S,S,True,True,True,0.1866,True,data\S\frame_0012.jpg
MobileNetV2,S,S,True,True,True,0.1866,True,data\S\frame_0013.jpg
MobileNetV2,S,S,True,True,True,0.2557,True,data\S\frame_0014.jpg
MobileNetV2,S,S,True,True,True,0.2028,True,data\S\frame_0015.jpg
MobileNetV2,S,S,True,True,True,0.1782,True,data\S\frame_0016.jpg
MobileNetV2,S,S,True,True,True,0.1782,True,data\S\frame_0017.jpg
MobileNetV2,S,S,True,True,True,0.2002,True,data\S\frame_0018.jpg
MobileNetV2,S,S,True,True,True,0.2524,True,data\S\frame_0019.jpg
MobileNetV2,S,X,False,True,True,0.1933,True,data\S\frame_0020.jpg
MobileNetV2,S,S,True,True,True,0.2038,True,data\S\frame_0021.jpg
MobileNetV2,S,S,True,True,True,0.216,True,data\S\frame_0022.jpg
MobileNetV2,S,S,True,True,True,0.1775,True,data\S\frame_0023.jpg
MobileNetV2,S,S,True,True,True,0.2177,True,data\S\frame_0024.jpg
MobileNetV2,S,X,False,True,True,0.2445,True,data\S\frame_0025.jpg
MobileNetV2,S,S,True,True,True,0.1401,True,data\S\frame_0026.jpg
MobileNetV2,S,S,True,True,True,0.1779,True,data\S\frame_0027.jpg
MobileNetV2,S,S,True,True,True,0.2097,True,data\S\frame_0028.jpg
MobileNetV2,S,S,True,True,True,0.1858,True,data\S\frame_0029.jpg
MobileNetV2,S,X,False,True,True,0.2009,True,data\S\frame_0030.jpg
MobileNetV2,S,S,True,True,True,0.186,True,data\S\frame_0031.jpg
MobileNetV2,S,S,True,True,True,0.2493,True,data\S\frame_0032.jpg
MobileNetV2,S,S,True,True,True,0.1685,True,data\S\frame_0033.jpg
MobileNetV2,S,X,False,True,True,0.1618,True,data\S\frame_0034.jpg
MobileNetV2,S,S,True,True,True,0.2015,True,data\S\frame_0035.jpg
MobileNetV2,S,S,True,True,True,0.2296,True,data\S\frame_0036.jpg
MobileNetV2,S,S,True,True,True,0.1836,True,data\S\frame_0037.jpg
MobileNetV2,S,S,True,True,True,0.2293,True,data\S\frame_0038.jpg
MobileNetV2,S,S,True,True,True,0.2617,True,data\S\frame_0039.jpg
MobileNetV2,S,S,True,True,True,0.1793,True,data\S\frame_0040.jpg
MobileNetV2,S,S,True,True,True,0.1715,True,data\S\frame_0041.jpg
MobileNetV2,S,S,True,True,True,0.2128,True,data\S\frame_0042.jpg
MobileNetV2,S,S,True,True,True,0.215,True,data\S\frame_0043.jpg
MobileNetV2,S,S,True,True,True,0.1831,True,data\S\frame_0044.jpg
MobileNetV2,S,S,True,True,True,0.1732,True,data\S\frame_0045.jpg
MobileNetV2,S,S,True,True,True,0.1537,True,data\S\frame_0046.jpg
MobileNetV2,S,S,True,True,True,0.1681,True,data\S\frame_0047.jpg
MobileNetV2,S,S,True,True,True,0.2303,True,data\S\frame_0048.jpg
MobileNetV2,S,S,True,True,True,0.2631,True,data\S\frame_0049.jpg
MobileNetV2,S,S,True,True,True,0.204,True,data\S\frame_0050.jpg
MobileNetV2,S,S,True,True,True,0.1877,True,data\S\frame_0051.jpg
MobileNetV2,S,S,True,True,True,0.1866,True,data\S\frame_0052.jpg
MobileNetV2,S,S,True,True,True,0.2336,True,data\S\frame_0053.jpg
MobileNetV2,S,S,True,True,True,0.266,True,data\S\frame_0054.jpg
MobileNetV2,S,S,True,True,True,0.1564,True,data\S\frame_0055.jpg
MobileNetV2,S,S,True,True,True,0.203,True,data\S\frame_0056.jpg
MobileNetV2,S,S,True,True,True,0.1646,True,data\S\frame_0057.jpg
MobileNetV2,S,S,True,True,True,0.3074,True,data\S\frame_0058.jpg
MobileNetV2,S,S,True,True,True,0.2566,True,data\S\frame_0059.jpg
MobileNetV2,S,S,True,True,True,0.2125,True,data\S\frame_0060.jpg
MobileNetV2,S,S,True,True,True,0.1743,True,data\S\frame_0061.jpg
MobileNetV2,S,S,True,True,True,0.1906,True,data\S\frame_0062.jpg
MobileNetV2,S,S,True,True,True,0.1798,True,data\S\frame_0063.jpg
MobileNetV2,S,S,True,True,True,0.2407,True,data\S\frame_0064.jpg
MobileNetV2,S,S,True,True,True,0.2114,True,data\S\frame_0065.jpg
MobileNetV2,S,S,True,True,True,0.2265,True,data\S\frame_0066.jpg
MobileNetV2,S,S,True,True,True,0.2212,True,data\S\frame_0067.jpg
MobileNetV2,S,S,True,True,True,0.1994,True,data\S\frame_0068.jpg
MobileNetV2,S,S,True,True,True,0.1381,True,data\S\frame_0069.jpg
MobileNetV2,S,S,True,True,True,0.1993,True,data\S\frame_0070.jpg
MobileNetV2,S,S,True,True,True,0.206,True,data\S\frame_0071.jpg
MobileNetV2,S,S,True,True,True,0.1759,True,data\S\frame_0072.jpg
MobileNetV2,S,S,True,True,True,0.1909,True,data\S\frame_0073.jpg
MobileNetV2,S,S,True,True,True,0.1772,True,data\S\frame_0074.jpg
MobileNetV2,S,S,True,True,True,0.2164,True,data\S\frame_0075.jpg
MobileNetV2,S,S,True,True,True,0.2108,True,data\S\frame_0076.jpg
MobileNetV2,S,S,True,True,True,0.2174,True,data\S\frame_0077.jpg
MobileNetV2,S,S,True,True,True,0.2696,True,data\S\frame_0078.jpg
MobileNetV2,S,S,True,True,True,0.257,True,data\S\frame_0079.jpg
MobileNetV2,S,S,True,True,True,0.1912,True,data\S\frame_0080.jpg
MobileNetV2,S,S,True,True,True,0.1941,True,data\S\frame_0081.jpg
MobileNetV2,S,S,True,True,True,0.2551,True,data\S\frame_0082.jpg
MobileNetV2,S,S,True,True,True,0.2586,True,data\S\frame_0083.jpg
MobileNetV2,S,S,True,True,True,0.196,True,data\S\frame_0084.jpg
MobileNetV2,S,S,True,True,True,0.2186,True,data\S\frame_0085.jpg
MobileNetV2,S,S,True,True,True,0.2702,True,data\S\frame_0086.jpg
MobileNetV2,S,S,True,True,True,0.1895,True,data\S\frame_0087.jpg
MobileNetV2,S,S,True,True,True,0.2247,True,data\S\frame_0088.jpg
MobileNetV2,S,S,True,True,True,0.2156,True,data\S\frame_0089.jpg
MobileNetV2,S,S,True,True,True,0.2212,True,data\S\frame_0090.jpg
MobileNetV2,S,S,True,True,True,0.1893,True,data\S\frame_0091.jpg
MobileNetV2,S,S,True,True,True,0.2154,True,data\S\frame_0092.jpg
MobileNetV2,S,S,True,True,True,0.2426,True,data\S\frame_0093.jpg
MobileNetV2,S,S,True,True,True,0.1884,True,data\S\frame_0094.jpg
MobileNetV2,S,I,False,True,True,0.1936,True,data\S\frame_0095.jpg
MobileNetV2,S,S,True,True,True,0.1749,True,data\S\frame_0096.jpg
MobileNetV2,S,I,False,True,True,0.1454,True,data\S\frame_0097.jpg
MobileNetV2,S,I,False,True,True,0.1994,True,data\S\frame_0098.jpg
MobileNetV2,S,I,False,True,True,0.1691,True,data\S\frame_0099.jpg
MobileNetV2,S,S,True,True,True,0.1524,True,data\S\frame_0100.jpg
MobileNetV2,S,I,False,True,True,0.1802,True,data\S\frame_0101.jpg
MobileNetV2,S,I,False,True,True,0.1825,True,data\S\frame_0102.jpg
MobileNetV2,S,I,False,True,True,0.1802,True,data\S\frame_0103.jpg
MobileNetV2,S,I,False,False,True,0.1839,True,data\S\frame_0104.jpg
MobileNetV2,S,S,True,True,True,0.1706,True,data\S\frame_0105.jpg
MobileNetV2,S,S,True,True,True,0.2542,True,data\S\frame_0106.jpg
MobileNetV2,S,S,True,True,True,0.1737,True,data\S\frame_0107.jpg
MobileNetV2,S,S,True,True,True,0.2335,True,data\S\frame_0108.jpg
MobileNetV2,S,S,True,True,True,0.2211,True,data\S\frame_0109.jpg
MobileNetV2,S,S,True,True,True,0.2551,True,data\S\frame_0110.jpg
MobileNetV2,S,S,True,True,True,0.2225,True,data\S\frame_0111.jpg
MobileNetV2,S,S,True,True,True,0.2149,True,data\S\frame_0112.jpg
MobileNetV2,S,S,True,True,True,0.2057,True,data\S\frame_0113.jpg
MobileNetV2,S,S,True,True,True,0.2651,True,data\S\frame_0114.jpg
MobileNetV2,S,S,True,True,True,0.2687,True,data\S\frame_0115.jpg
MobileNetV2,S,S,True,True,True,0.2741,True,data\S\frame_0116.jpg
MobileNetV2,S,S,True,True,True,0.1868,True,data\S\frame_0117.jpg
MobileNetV2,S,S,True,True,True,0.2206,True,data\S\frame_0118.jpg
MobileNetV2,S,S,True,True,True,0.2101,True,data\S\frame_0119.jpg
MobileNetV2,S,S,True,True,True,0.274,True,data\S\frame_0120.jpg
MobileNetV2,S,S,True,True,True,0.2883,True,data\S\frame_0121.jpg
MobileNetV2,S,S,True,True,True,0.2787,True,data\S\frame_0122.jpg
MobileNetV2,S,S,True,True,True,0.2717,True,data\S\frame_0123.jpg
MobileNetV2,S,S,True,True,True,0.2101,True,data\S\frame_0124.jpg
MobileNetV2,S,S,True,True,True,0.2479,True,data\S\frame_0125.jpg
MobileNetV2,S,S,True,True,True,0.2453,True,data\S\frame_0126.jpg
MobileNetV2,S,S,True,True,True,0.2483,True,data\S\frame_0127.jpg
MobileNetV2,S,S,True,True,True,0.2795,True,data\S\frame_0128.jpg
MobileNetV2,S,S,True,True,True,0.2484,True,data\S\frame_0129.jpg
MobileNetV2,S,S,True,True,True,0.1738,True,data\S\frame_0130.jpg
MobileNetV2,S,S,True,True,True,0.1883,True,data\S\frame_0131.jpg
MobileNetV2,S,S,True,True,True,0.203,True,data\S\frame_0132.jpg
MobileNetV2,S,S,True,True,True,0.1989,True,data\S\frame_0133.jpg
MobileNetV2,S,S,True,True,True,0.2366,True,data\S\frame_0134.jpg
MobileNetV2,S,S,True,True,True,0.2137,True,data\S\frame_0135.jpg
MobileNetV2,S,X,False,True,True,0.145,True,data\S\frame_0136.jpg
MobileNetV2,S,S,True,True,True,0.1664,True,data\S\frame_0137.jpg
MobileNetV2,S,S,True,True,True,0.2246,True,data\S\frame_0138.jpg
MobileNetV2,S,S,True,True,True,0.1799,True,data\S\frame_0139.jpg
MobileNetV2,S,S,True,True,True,0.2905,True,data\S\frame_0140.jpg
MobileNetV2,S,S,True,True,True,0.19,True,data\S\frame_0141.jpg
MobileNetV2,S,S,True,True,True,0.1797,True,data\S\frame_0142.jpg
MobileNetV2,S,S,True,True,True,0.2517,True,data\S\frame_0143.jpg
MobileNetV2,S,S,True,True,True,0.155,True,data\S\frame_0144.jpg
MobileNetV2,S,S,True,True,True,0.2625,True,data\S\frame_0145.jpg
MobileNetV2,S,S,True,True,True,0.2557,True,data\S\frame_0146.jpg
MobileNetV2,S,S,True,True,True,0.2783,True,data\S\frame_0147.jpg
MobileNetV2,S,S,True,True,True,0.1678,True,data\S\frame_0148.jpg
MobileNetV2,S,S,True,True,True,0.2335,True,data\S\frame_0149.jpg
MobileNetV2,S,S,True,True,True,0.2695,True,data\S\frame_0150.jpg
MobileNetV2,T,T,True,True,True,0.365,True,data\T\frame_0001.jpg
MobileNetV2,T,T,True,True,True,0.3995,True,data\T\frame_0002.jpg
MobileNetV2,T,T,True,True,True,0.3995,True,data\T\frame_0003.jpg
MobileNetV2,T,T,True,True,True,0.4079,True,data\T\frame_0004.jpg
MobileNetV2,T,T,True,True,True,0.4065,True,data\T\frame_0005.jpg
MobileNetV2,T,T,True,True,True,0.4065,True,data\T\frame_0006.jpg
MobileNetV2,T,T,True,True,True,0.3396,True,data\T\frame_0007.jpg
MobileNetV2,T,T,True,True,True,0.446,True,data\T\frame_0008.jpg
MobileNetV2,T,T,True,True,True,0.4425,True,data\T\frame_0009.jpg
MobileNetV2,T,T,True,True,True,0.4425,True,data\T\frame_0010.jpg
MobileNetV2,T,T,True,True,True,0.4235,True,data\T\frame_0011.jpg
MobileNetV2,T,T,True,True,True,0.4149,True,data\T\frame_0012.jpg
MobileNetV2,T,T,True,True,True,0.4149,True,data\T\frame_0013.jpg
MobileNetV2,T,T,True,True,True,0.4331,True,data\T\frame_0014.jpg
MobileNetV2,T,T,True,True,True,0.4331,True,data\T\frame_0015.jpg
MobileNetV2,T,T,True,True,True,0.4723,True,data\T\frame_0016.jpg
MobileNetV2,T,T,True,True,True,0.3937,True,data\T\frame_0017.jpg
MobileNetV2,T,T,True,True,True,0.3937,True,data\T\frame_0018.jpg
MobileNetV2,T,T,True,True,True,0.4149,True,data\T\frame_0019.jpg
MobileNetV2,T,T,True,True,True,0.3628,True,data\T\frame_0020.jpg
MobileNetV2,T,T,True,True,True,0.4406,True,data\T\frame_0021.jpg
MobileNetV2,T,T,True,True,True,0.4406,True,data\T\frame_0022.jpg
MobileNetV2,T,T,True,True,True,0.4936,True,data\T\frame_0023.jpg
MobileNetV2,T,T,True,True,True,0.4936,True,data\T\frame_0024.jpg
MobileNetV2,T,T,True,True,True,0.3975,True,data\T\frame_0025.jpg
MobileNetV2,T,T,True,True,True,0.3531,True,data\T\frame_0026.jpg
MobileNetV2,T,T,True,True,True,0.3531,True,data\T\frame_0027.jpg
MobileNetV2,T,T,True,True,True,0.3961,True,data\T\frame_0028.jpg
MobileNetV2,T,T,True,True,True,0.362,True,data\T\frame_0029.jpg
MobileNetV2,T,T,True,True,True,0.362,True,data\T\frame_0030.jpg
MobileNetV2,T,T,True,True,True,0.2925,True,data\T\frame_0031.jpg
MobileNetV2,T,T,True,True,True,0.3045,True,data\T\frame_0032.jpg
MobileNetV2,T,T,True,True,True,0.2926,True,data\T\frame_0033.jpg
MobileNetV2,T,T,True,True,True,0.2926,True,data\T\frame_0034.jpg
MobileNetV2,T,T,True,True,True,0.2589,True,data\T\frame_0035.jpg
MobileNetV2,T,T,True,True,True,0.2589,True,data\T\frame_0036.jpg
MobileNetV2,T,T,True,True,True,0.1669,True,data\T\frame_0037.jpg
MobileNetV2,T,T,True,True,True,0.2832,True,data\T\frame_0038.jpg
MobileNetV2,T,T,True,True,True,0.2405,True,data\T\frame_0039.jpg
MobileNetV2,T,T,True,True,True,0.2147,True,data\T\frame_0040.jpg
MobileNetV2,T,T,True,True,True,0.2147,True,data\T\frame_0041.jpg
MobileNetV2,T,T,True,True,True,0.1551,True,data\T\frame_0042.jpg
MobileNetV2,T,T,True,True,True,0.1742,True,data\T\frame_0043.jpg
MobileNetV2,T,T,True,True,True,0.3033,True,data\T\frame_0044.jpg
MobileNetV2,T,T,True,True,True,0.3033,True,data\T\frame_0045.jpg
MobileNetV2,T,T,True,True,True,0.1416,True,data\T\frame_0046.jpg
MobileNetV2,T,T,True,True,True,0.1416,True,data\T\frame_0047.jpg
MobileNetV2,T,T,True,True,True,0.157,True,data\T\frame_0048.jpg
MobileNetV2,T,T,True,True,True,0.233,True,data\T\frame_0049.jpg
MobileNetV2,T,T,True,True,True,0.233,True,data\T\frame_0050.jpg
MobileNetV2,T,T,True,True,True,0.1902,True,data\T\frame_0051.jpg
MobileNetV2,T,T,True,True,True,0.2649,True,data\T\frame_0052.jpg
MobileNetV2,T,T,True,True,True,0.2649,True,data\T\frame_0053.jpg
MobileNetV2,T,T,True,True,True,0.2379,True,data\T\frame_0054.jpg
MobileNetV2,T,T,True,True,True,0.3467,True,data\T\frame_0055.jpg
MobileNetV2,T,T,True,True,True,0.397,True,data\T\frame_0056.jpg
MobileNetV2,T,T,True,True,True,0.397,True,data\T\frame_0057.jpg
MobileNetV2,T,T,True,True,True,0.3702,True,data\T\frame_0058.jpg
MobileNetV2,T,T,True,True,True,0.4224,True,data\T\frame_0059.jpg
MobileNetV2,T,T,True,True,True,0.4602,True,data\T\frame_0060.jpg
MobileNetV2,T,T,True,True,True,0.4549,True,data\T\frame_0061.jpg
MobileNetV2,T,T,True,True,True,0.4836,True,data\T\frame_0062.jpg
MobileNetV2,T,T,True,True,True,0.3633,True,data\T\frame_0063.jpg
MobileNetV2,T,T,True,True,True,0.3754,True,data\T\frame_0064.jpg
MobileNetV2,T,T,True,True,True,0.4527,True,data\T\frame_0065.jpg
MobileNetV2,T,T,True,True,True,0.4586,True,data\T\frame_0066.jpg
MobileNetV2,T,T,True,True,True,0.472,True,data\T\frame_0067.jpg
MobileNetV2,T,T,True,True,True,0.472,True,data\T\frame_0068.jpg
MobileNetV2,T,T,True,True,True,0.3826,True,data\T\frame_0069.jpg
MobileNetV2,T,T,True,True,True,0.3263,True,data\T\frame_0070.jpg
MobileNetV2,T,T,True,True,True,0.3849,True,data\T\frame_0071.jpg
MobileNetV2,T,T,True,True,True,0.3911,True,data\T\frame_0072.jpg
MobileNetV2,T,T,True,True,True,0.3663,True,data\T\frame_0073.jpg
MobileNetV2,T,T,True,True,True,0.3606,True,data\T\frame_0074.jpg
MobileNetV2,T,T,True,True,True,0.3661,True,data\T\frame_0075.jpg
MobileNetV2,T,T,True,True,True,0.2747,True,data\T\frame_0076.jpg
MobileNetV2,T,T,True,True,True,0.279,True,data\T\frame_0077.jpg
MobileNetV2,T,T,True,True,True,0.3626,True,data\T\frame_0078.jpg
MobileNetV2,T,T,True,True,True,0.3194,True,data\T\frame_0079.jpg
MobileNetV2,T,T,True,True,True,0.2525,True,data\T\frame_0080.jpg
MobileNetV2,T,T,True,True,True,0.3169,True,data\T\frame_0081.jpg
MobileNetV2,T,T,True,True,True,0.1937,True,data\T\frame_0082.jpg
MobileNetV2,T,T,True,True,True,0.2167,True,data\T\frame_0083.jpg
MobileNetV2,T,T,True,True,True,0.2577,True,data\T\frame_0084.jpg
MobileNetV2,T,T,True,True,True,0.191,True,data\T\frame_0085.jpg
MobileNetV2,T,T,True,True,True,0.2762,True,data\T\frame_0086.jpg
MobileNetV2,T,T,True,True,True,0.2589,True,data\T\frame_0087.jpg
MobileNetV2,T,T,True,True,True,0.2089,True,data\T\frame_0088.jpg
MobileNetV2,T,T,True,True,True,0.2001,True,data\T\frame_0089.jpg
MobileNetV2,T,T,True,True,True,0.1723,True,data\T\frame_0090.jpg
MobileNetV2,T,T,True,True,True,0.1941,True,data\T\frame_0091.jpg
MobileNetV2,T,T,True,True,True,0.1605,True,data\T\frame_0092.jpg
MobileNetV2,T,T,True,True,True,0.1561,True,data\T\frame_0093.jpg
MobileNetV2,T,T,True,True,True,0.17,True,data\T\frame_0094.jpg
MobileNetV2,T,T,True,True,True,0.1442,True,data\T\frame_0095.jpg
MobileNetV2,T,T,True,True,True,0.148,True,data\T\frame_0096.jpg
MobileNetV2,T,T,True,True,True,0.2029,True,data\T\frame_0097.jpg
MobileNetV2,T,T,True,True,True,0.188,True,data\T\frame_0098.jpg
MobileNetV2,T,T,True,True,True,0.2076,True,data\T\frame_0099.jpg
MobileNetV2,T,T,True,True,True,0.2603,True,data\T\frame_0100.jpg
MobileNetV2,T,T,True,True,True,0.1518,True,data\T\frame_0101.jpg
MobileNetV2,T,T,True,True,True,0.2355,True,data\T\frame_0102.jpg
MobileNetV2,T,T,True,True,True,0.2655,True,data\T\frame_0103.jpg
MobileNetV2,T,T,True,True,True,0.2272,True,data\T\frame_0104.jpg
MobileNetV2,T,T,True,True,True,0.2072,True,data\T\frame_0105.jpg
MobileNetV2,T,T,True,True,True,0.1584,True,data\T\frame_0106.jpg
MobileNetV2,T,T,True,True,True,0.1888,True,data\T\frame_0107.jpg
MobileNetV2,T,T,True,True,True,0.1442,True,data\T\frame_0108.jpg
MobileNetV2,T,T,True,True,True,0.2035,True,data\T\frame_0109.jpg
MobileNetV2,T,T,True,True,True,0.1602,True,data\T\frame_0110.jpg
MobileNetV2,T,T,True,True,True,0.1832,True,data\T\frame_0111.jpg
MobileNetV2,T,T,True,True,True,0.1672,True,data\T\frame_0112.jpg
MobileNetV2,T,U,False,True,True,0.1677,True,data\T\frame_0113.jpg
MobileNetV2,T,T,True,True,True,0.173,True,data\T\frame_0114.jpg
MobileNetV2,T,T,True,True,True,0.1488,True,data\T\frame_0115.jpg
MobileNetV2,T,T,True,True,True,0.1475,True,data\T\frame_0116.jpg
MobileNetV2,T,T,True,True,True,0.233,True,data\T\frame_0117.jpg
MobileNetV2,T,T,True,True,True,0.1802,True,data\T\frame_0118.jpg
MobileNetV2,T,T,True,True,True,0.1382,True,data\T\frame_0119.jpg
MobileNetV2,T,T,True,True,True,0.14,True,data\T\frame_0120.jpg
MobileNetV2,T,T,True,True,True,0.1963,True,data\T\frame_0121.jpg
MobileNetV2,T,T,True,True,True,0.1825,True,data\T\frame_0122.jpg
MobileNetV2,T,T,True,True,True,0.1217,True,data\T\frame_0123.jpg
MobileNetV2,T,T,True,True,True,0.1308,True,data\T\frame_0124.jpg
MobileNetV2,T,T,True,True,True,0.1701,True,data\T\frame_0125.jpg
MobileNetV2,T,T,True,True,True,0.1727,True,data\T\frame_0126.jpg
MobileNetV2,T,T,True,True,True,0.1484,True,data\T\frame_0127.jpg
MobileNetV2,T,D,False,True,True,0.1723,True,data\T\frame_0128.jpg
MobileNetV2,T,T,True,True,True,0.1488,True,data\T\frame_0129.jpg
MobileNetV2,T,T,True,True,True,0.1785,True,data\T\frame_0130.jpg
MobileNetV2,T,T,True,True,True,0.229,True,data\T\frame_0131.jpg
MobileNetV2,T,T,True,True,True,0.1691,True,data\T\frame_0132.jpg
MobileNetV2,T,T,True,True,True,0.1652,True,data\T\frame_0133.jpg
MobileNetV2,T,T,True,True,True,0.1516,True,data\T\frame_0134.jpg
MobileNetV2,T,I,False,True,True,0.1661,True,data\T\frame_0135.jpg
MobileNetV2,T,T,True,True,True,0.1601,True,data\T\frame_0136.jpg
MobileNetV2,T,T,True,True,True,0.1851,True,data\T\frame_0137.jpg
MobileNetV2,T,T,True,True,True,0.1571,True,data\T\frame_0138.jpg
MobileNetV2,T,T,True,True,True,0.2061,True,data\T\frame_0139.jpg
MobileNetV2,T,T,True,True,True,0.153,True,data\T\frame_0140.jpg
MobileNetV2,T,T,True,True,True,0.1556,True,data\T\frame_0141.jpg
MobileNetV2,T,D,False,True,True,0.125,True,data\T\frame_0142.jpg
MobileNetV2,T,T,True,True,True,0.1911,True,data\T\frame_0143.jpg
MobileNetV2,T,T,True,True,True,0.1546,True,data\T\frame_0144.jpg
MobileNetV2,T,T,True,True,True,0.1316,True,data\T\frame_0145.jpg
MobileNetV2,T,T,True,True,True,0.1989,True,data\T\frame_0146.jpg
MobileNetV2,T,T,True,True,True,0.1874,True,data\T\frame_0147.jpg
MobileNetV2,T,T,True,True,True,0.1565,True,data\T\frame_0148.jpg
MobileNetV2,T,T,True,True,True,0.1341,True,data\T\frame_0149.jpg
MobileNetV2,T,T,True,True,True,0.1291,True,data\T\frame_0150.jpg
MobileNetV2,U,U,True,True,True,0.6846,True,data\U\frame_0001.jpg
MobileNetV2,U,U,True,True,True,0.7076,True,data\U\frame_0002.jpg
MobileNetV2,U,U,True,True,True,0.7183,True,data\U\frame_0003.jpg
MobileNetV2,U,U,True,True,True,0.7248,True,data\U\frame_0004.jpg
MobileNetV2,U,U,True,True,True,0.7093,True,data\U\frame_0005.jpg
MobileNetV2,U,U,True,True,True,0.703,True,data\U\frame_0006.jpg
MobileNetV2,U,U,True,True,True,0.6575,True,data\U\frame_0007.jpg
MobileNetV2,U,U,True,True,True,0.6832,True,data\U\frame_0008.jpg
MobileNetV2,U,U,True,True,True,0.6832,True,data\U\frame_0009.jpg
MobileNetV2,U,U,True,True,True,0.6469,True,data\U\frame_0010.jpg
MobileNetV2,U,U,True,True,True,0.6207,True,data\U\frame_0011.jpg
MobileNetV2,U,U,True,True,True,0.6836,True,data\U\frame_0012.jpg
MobileNetV2,U,U,True,True,True,0.7439,True,data\U\frame_0013.jpg
MobileNetV2,U,U,True,True,True,0.6774,True,data\U\frame_0014.jpg
MobileNetV2,U,U,True,True,True,0.6289,True,data\U\frame_0015.jpg
MobileNetV2,U,U,True,True,True,0.6914,True,data\U\frame_0016.jpg
MobileNetV2,U,U,True,True,True,0.6532,True,data\U\frame_0017.jpg
MobileNetV2,U,U,True,True,True,0.7004,True,data\U\frame_0018.jpg
MobileNetV2,U,U,True,True,True,0.6319,True,data\U\frame_0019.jpg
MobileNetV2,U,U,True,True,True,0.6319,True,data\U\frame_0020.jpg
MobileNetV2,U,U,True,True,True,0.6926,True,data\U\frame_0021.jpg
MobileNetV2,U,U,True,True,True,0.7155,True,data\U\frame_0022.jpg
MobileNetV2,U,U,True,True,True,0.7631,True,data\U\frame_0023.jpg
MobileNetV2,U,U,True,True,True,0.7676,True,data\U\frame_0024.jpg
MobileNetV2,U,U,True,True,True,0.6819,True,data\U\frame_0025.jpg
MobileNetV2,U,U,True,True,True,0.7511,True,data\U\frame_0026.jpg
MobileNetV2,U,U,True,True,True,0.7128,True,data\U\frame_0027.jpg
MobileNetV2,U,U,True,True,True,0.7087,True,data\U\frame_0028.jpg
MobileNetV2,U,U,True,True,True,0.7261,True,data\U\frame_0029.jpg
MobileNetV2,U,U,True,True,True,0.6773,True,data\U\frame_0030.jpg
MobileNetV2,U,U,True,True,True,0.6773,True,data\U\frame_0031.jpg
MobileNetV2,U,U,True,True,True,0.6526,True,data\U\frame_0032.jpg
MobileNetV2,U,U,True,True,True,0.6428,True,data\U\frame_0033.jpg
MobileNetV2,U,U,True,True,True,0.7048,True,data\U\frame_0034.jpg
MobileNetV2,U,U,True,True,True,0.7375,True,data\U\frame_0035.jpg
MobileNetV2,U,U,True,True,True,0.7369,True,data\U\frame_0036.jpg
MobileNetV2,U,U,True,True,True,0.7366,True,data\U\frame_0037.jpg
MobileNetV2,U,U,True,True,True,0.7389,True,data\U\frame_0038.jpg
MobileNetV2,U,U,True,True,True,0.6222,True,data\U\frame_0039.jpg
MobileNetV2,U,U,True,True,True,0.7162,True,data\U\frame_0040.jpg
MobileNetV2,U,U,True,True,True,0.6949,True,data\U\frame_0041.jpg
MobileNetV2,U,U,True,True,True,0.6949,True,data\U\frame_0042.jpg
MobileNetV2,U,U,True,True,True,0.6516,True,data\U\frame_0043.jpg
MobileNetV2,U,U,True,True,True,0.6295,True,data\U\frame_0044.jpg
MobileNetV2,U,U,True,True,True,0.7234,True,data\U\frame_0045.jpg
MobileNetV2,U,U,True,True,True,0.699,True,data\U\frame_0046.jpg
MobileNetV2,U,U,True,True,True,0.7779,True,data\U\frame_0047.jpg
MobileNetV2,U,U,True,True,True,0.6538,True,data\U\frame_0048.jpg
MobileNetV2,U,U,True,True,True,0.7382,True,data\U\frame_0049.jpg
MobileNetV2,U,U,True,True,True,0.6538,True,data\U\frame_0050.jpg
MobileNetV2,U,U,True,True,True,0.7258,True,data\U\frame_0051.jpg
MobileNetV2,U,U,True,True,True,0.7318,True,data\U\frame_0052.jpg
MobileNetV2,U,U,True,True,True,0.7318,True,data\U\frame_0053.jpg
MobileNetV2,U,U,True,True,True,0.6715,True,data\U\frame_0054.jpg
MobileNetV2,U,U,True,True,True,0.8111,True,data\U\frame_0055.jpg
MobileNetV2,U,U,True,True,True,0.7286,True,data\U\frame_0056.jpg
MobileNetV2,U,U,True,True,True,0.6837,True,data\U\frame_0057.jpg
MobileNetV2,U,U,True,True,True,0.6908,True,data\U\frame_0058.jpg
MobileNetV2,U,U,True,True,True,0.5823,True,data\U\frame_0059.jpg
MobileNetV2,U,U,True,True,True,0.6219,True,data\U\frame_0060.jpg
MobileNetV2,U,U,True,True,True,0.7395,True,data\U\frame_0061.jpg
MobileNetV2,U,U,True,True,True,0.7052,True,data\U\frame_0062.jpg
MobileNetV2,U,U,True,True,True,0.698,True,data\U\frame_0063.jpg
MobileNetV2,U,U,True,True,True,0.698,True,data\U\frame_0064.jpg
MobileNetV2,U,U,True,True,True,0.7235,True,data\U\frame_0065.jpg
MobileNetV2,U,U,True,True,True,0.7536,True,data\U\frame_0066.jpg
MobileNetV2,U,U,True,True,True,0.7295,True,data\U\frame_0067.jpg
MobileNetV2,U,U,True,True,True,0.781,True,data\U\frame_0068.jpg
MobileNetV2,U,U,True,True,True,0.6868,True,data\U\frame_0069.jpg
MobileNetV2,U,U,True,True,True,0.7694,True,data\U\frame_0070.jpg
MobileNetV2,U,U,True,True,True,0.7247,True,data\U\frame_0071.jpg
MobileNetV2,U,U,True,True,True,0.7562,True,data\U\frame_0072.jpg
MobileNetV2,U,U,True,True,True,0.7361,True,data\U\frame_0073.jpg
MobileNetV2,U,U,True,True,True,0.6796,True,data\U\frame_0074.jpg
MobileNetV2,U,U,True,True,True,0.6796,True,data\U\frame_0075.jpg
MobileNetV2,U,U,True,True,True,0.7155,True,data\U\frame_0076.jpg
MobileNetV2,U,U,True,True,True,0.6142,True,data\U\frame_0077.jpg
MobileNetV2,U,U,True,True,True,0.6118,True,data\U\frame_0078.jpg
MobileNetV2,U,U,True,True,True,0.5256,True,data\U\frame_0079.jpg
MobileNetV2,U,U,True,True,True,0.606,True,data\U\frame_0080.jpg
MobileNetV2,U,U,True,True,True,0.5606,True,data\U\frame_0081.jpg
MobileNetV2,U,U,True,True,True,0.5381,True,data\U\frame_0082.jpg
MobileNetV2,U,U,True,True,True,0.6236,True,data\U\frame_0083.jpg
MobileNetV2,U,U,True,True,True,0.5682,True,data\U\frame_0084.jpg
MobileNetV2,U,U,True,True,True,0.5682,True,data\U\frame_0085.jpg
MobileNetV2,U,U,True,True,True,0.5903,True,data\U\frame_0086.jpg
MobileNetV2,U,U,True,True,True,0.6382,True,data\U\frame_0087.jpg
MobileNetV2,U,U,True,True,True,0.5561,True,data\U\frame_0088.jpg
MobileNetV2,U,U,True,True,True,0.5741,True,data\U\frame_0089.jpg
MobileNetV2,U,U,True,True,True,0.5928,True,data\U\frame_0090.jpg
MobileNetV2,U,U,True,True,True,0.6222,True,data\U\frame_0091.jpg
MobileNetV2,U,U,True,True,True,0.6177,True,data\U\frame_0092.jpg
MobileNetV2,U,U,True,True,True,0.6239,True,data\U\frame_0093.jpg
MobileNetV2,U,U,True,True,True,0.4592,True,data\U\frame_0094.jpg
MobileNetV2,U,U,True,True,True,0.5544,True,data\U\frame_0095.jpg
MobileNetV2,U,U,True,True,True,0.5544,True,data\U\frame_0096.jpg
MobileNetV2,U,U,True,True,True,0.6179,True,data\U\frame_0097.jpg
MobileNetV2,U,U,True,True,True,0.547,True,data\U\frame_0098.jpg
MobileNetV2,U,U,True,True,True,0.5883,True,data\U\frame_0099.jpg
MobileNetV2,U,U,True,True,True,0.6425,True,data\U\frame_0100.jpg
MobileNetV2,U,U,True,True,True,0.5715,True,data\U\frame_0101.jpg
MobileNetV2,U,U,True,True,True,0.5377,True,data\U\frame_0102.jpg
MobileNetV2,U,U,True,True,True,0.6676,True,data\U\frame_0103.jpg
MobileNetV2,U,U,True,True,True,0.6625,True,data\U\frame_0104.jpg
MobileNetV2,U,U,True,True,True,0.5615,True,data\U\frame_0105.jpg
MobileNetV2,U,U,True,True,True,0.7267,True,data\U\frame_0106.jpg
MobileNetV2,U,U,True,True,True,0.6804,True,data\U\frame_0107.jpg
MobileNetV2,U,U,True,True,True,0.6385,True,data\U\frame_0108.jpg
MobileNetV2,U,U,True,True,True,0.6424,True,data\U\frame_0109.jpg
MobileNetV2,U,U,True,True,True,0.5225,True,data\U\frame_0110.jpg
MobileNetV2,U,U,True,True,True,0.465,True,data\U\frame_0111.jpg
MobileNetV2,U,U,True,True,True,0.4025,True,data\U\frame_0112.jpg
MobileNetV2,U,U,True,True,True,0.4955,True,data\U\frame_0113.jpg
MobileNetV2,U,U,True,True,True,0.4818,True,data\U\frame_0114.jpg
MobileNetV2,U,U,True,True,True,0.4949,True,data\U\frame_0115.jpg
MobileNetV2,U,U,True,True,True,0.4293,True,data\U\frame_0116.jpg
MobileNetV2,U,U,True,True,True,0.4978,True,data\U\frame_0117.jpg
MobileNetV2,U,U,True,True,True,0.5207,True,data\U\frame_0118.jpg
MobileNetV2,U,U,True,True,True,0.5178,True,data\U\frame_0119.jpg
MobileNetV2,U,U,True,True,True,0.5586,True,data\U\frame_0120.jpg
MobileNetV2,U,U,True,True,True,0.6497,True,data\U\frame_0121.jpg
MobileNetV2,U,U,True,True,True,0.627,True,data\U\frame_0122.jpg
MobileNetV2,U,U,True,True,True,0.6732,True,data\U\frame_0123.jpg
MobileNetV2,U,U,True,True,True,0.6026,True,data\U\frame_0124.jpg
MobileNetV2,U,U,True,True,True,0.637,True,data\U\frame_0125.jpg
MobileNetV2,U,U,True,True,True,0.6436,True,data\U\frame_0126.jpg
MobileNetV2,U,U,True,True,True,0.674,True,data\U\frame_0127.jpg
MobileNetV2,U,U,True,True,True,0.7004,True,data\U\frame_0128.jpg
MobileNetV2,U,U,True,True,True,0.762,True,data\U\frame_0129.jpg
MobileNetV2,U,U,True,True,True,0.7214,True,data\U\frame_0130.jpg
MobileNetV2,U,U,True,True,True,0.6404,True,data\U\frame_0131.jpg
MobileNetV2,U,U,True,True,True,0.7078,True,data\U\frame_0132.jpg
MobileNetV2,U,U,True,True,True,0.6976,True,data\U\frame_0133.jpg
MobileNetV2,U,U,True,True,True,0.6013,True,data\U\frame_0134.jpg
MobileNetV2,U,U,True,True,True,0.6025,True,data\U\frame_0135.jpg
MobileNetV2,U,U,True,True,True,0.6337,True,data\U\frame_0136.jpg
MobileNetV2,U,U,True,True,True,0.5555,True,data\U\frame_0137.jpg
MobileNetV2,U,U,True,True,True,0.5083,True,data\U\frame_0138.jpg
MobileNetV2,U,U,True,True,True,0.5749,True,data\U\frame_0139.jpg
MobileNetV2,U,U,True,True,True,0.5468,True,data\U\frame_0140.jpg
MobileNetV2,U,U,True,True,True,0.5406,True,data\U\frame_0141.jpg
MobileNetV2,U,U,True,True,True,0.494,True,data\U\frame_0142.jpg
MobileNetV2,U,U,True,True,True,0.5907,True,data\U\frame_0143.jpg
MobileNetV2,U,U,True,True,True,0.5544,True,data\U\frame_0144.jpg
MobileNetV2,U,U,True,True,True,0.6156,True,data\U\frame_0145.jpg
MobileNetV2,U,U,True,True,True,0.5846,True,data\U\frame_0146.jpg
MobileNetV2,U,U,True,True,True,0.6698,True,data\U\frame_0147.jpg
MobileNetV2,U,U,True,True,True,0.6639,True,data\U\frame_0148.jpg
MobileNetV2,U,U,True,True,True,0.658,True,data\U\frame_0149.jpg
MobileNetV2,U,U,True,True,True,0.6171,True,data\U\frame_0150.jpg
MobileNetV2,V,V,True,True,True,0.7982,True,data\V\frame_0001.jpg
MobileNetV2,V,V,True,True,True,0.7647,True,data\V\frame_0002.jpg
MobileNetV2,V,V,True,True,True,0.8014,True,data\V\frame_0003.jpg
MobileNetV2,V,V,True,True,True,0.7896,True,data\V\frame_0004.jpg
MobileNetV2,V,V,True,True,True,0.8132,True,data\V\frame_0005.jpg
MobileNetV2,V,V,True,True,True,0.7977,True,data\V\frame_0006.jpg
MobileNetV2,V,V,True,True,True,0.779,True,data\V\frame_0007.jpg
MobileNetV2,V,V,True,True,True,0.8174,True,data\V\frame_0008.jpg
MobileNetV2,V,V,True,True,True,0.8261,True,data\V\frame_0009.jpg
MobileNetV2,V,V,True,True,True,0.8391,True,data\V\frame_0010.jpg
MobileNetV2,V,V,True,True,True,0.7762,True,data\V\frame_0011.jpg
MobileNetV2,V,V,True,True,True,0.8208,True,data\V\frame_0012.jpg
MobileNetV2,V,V,True,True,True,0.7896,True,data\V\frame_0013.jpg
MobileNetV2,V,V,True,True,True,0.7821,True,data\V\frame_0014.jpg
MobileNetV2,V,V,True,True,True,0.7934,True,data\V\frame_0015.jpg
MobileNetV2,V,V,True,True,True,0.8286,True,data\V\frame_0016.jpg
MobileNetV2,V,V,True,True,True,0.845,True,data\V\frame_0017.jpg
MobileNetV2,V,V,True,True,True,0.8259,True,data\V\frame_0018.jpg
MobileNetV2,V,V,True,True,True,0.7859,True,data\V\frame_0019.jpg
MobileNetV2,V,V,True,True,True,0.7183,True,data\V\frame_0020.jpg
MobileNetV2,V,V,True,True,True,0.7978,True,data\V\frame_0021.jpg
MobileNetV2,V,V,True,True,True,0.7624,True,data\V\frame_0022.jpg
MobileNetV2,V,V,True,True,True,0.7894,True,data\V\frame_0023.jpg
MobileNetV2,V,V,True,True,True,0.8112,True,data\V\frame_0024.jpg
MobileNetV2,V,V,True,True,True,0.7341,True,data\V\frame_0025.jpg
MobileNetV2,V,V,True,True,True,0.7704,True,data\V\frame_0026.jpg
MobileNetV2,V,V,True,True,True,0.8345,True,data\V\frame_0027.jpg
MobileNetV2,V,V,True,True,True,0.8266,True,data\V\frame_0028.jpg
MobileNetV2,V,V,True,True,True,0.7453,True,data\V\frame_0029.jpg
MobileNetV2,V,V,True,True,True,0.7471,True,data\V\frame_0030.jpg
MobileNetV2,V,V,True,True,True,0.7862,True,data\V\frame_0031.jpg
MobileNetV2,V,V,True,True,True,0.8163,True,data\V\frame_0032.jpg
MobileNetV2,V,V,True,True,True,0.7997,True,data\V\frame_0033.jpg
MobileNetV2,V,V,True,True,True,0.7366,True,data\V\frame_0034.jpg
MobileNetV2,V,V,True,True,True,0.7701,True,data\V\frame_0035.jpg
MobileNetV2,V,V,True,True,True,0.7479,True,data\V\frame_0036.jpg
MobileNetV2,V,V,True,True,True,0.7186,True,data\V\frame_0037.jpg
MobileNetV2,V,V,True,True,True,0.7001,True,data\V\frame_0038.jpg
MobileNetV2,V,V,True,True,True,0.759,True,data\V\frame_0039.jpg
MobileNetV2,V,V,True,True,True,0.6398,True,data\V\frame_0040.jpg
MobileNetV2,V,V,True,True,True,0.6539,True,data\V\frame_0041.jpg
MobileNetV2,V,V,True,True,True,0.7335,True,data\V\frame_0042.jpg
MobileNetV2,V,V,True,True,True,0.6561,True,data\V\frame_0043.jpg
MobileNetV2,V,V,True,True,True,0.6416,True,data\V\frame_0044.jpg
MobileNetV2,V,V,True,True,True,0.6455,True,data\V\frame_0045.jpg
MobileNetV2,V,V,True,True,True,0.7712,True,data\V\frame_0046.jpg
MobileNetV2,V,V,True,True,True,0.6452,True,data\V\frame_0047.jpg
MobileNetV2,V,V,True,True,True,0.6822,True,data\V\frame_0048.jpg
MobileNetV2,V,V,True,True,True,0.6943,True,data\V\frame_0049.jpg
MobileNetV2,V,V,True,True,True,0.6892,True,data\V\frame_0050.jpg
MobileNetV2,V,V,True,True,True,0.739,True,data\V\frame_0051.jpg
MobileNetV2,V,V,True,True,True,0.7076,True,data\V\frame_0052.jpg
MobileNetV2,V,V,True,True,True,0.7296,True,data\V\frame_0053.jpg
MobileNetV2,V,V,True,True,True,0.6198,True,data\V\frame_0054.jpg
MobileNetV2,V,V,True,True,True,0.7202,True,data\V\frame_0055.jpg
MobileNetV2,V,V,True,True,True,0.6777,True,data\V\frame_0056.jpg
MobileNetV2,V,V,True,True,True,0.7418,True,data\V\frame_0057.jpg
MobileNetV2,V,V,True,True,True,0.7344,True,data\V\frame_0058.jpg
MobileNetV2,V,V,True,True,True,0.7682,True,data\V\frame_0059.jpg
MobileNetV2,V,V,True,True,True,0.6932,True,data\V\frame_0060.jpg
MobileNetV2,V,V,True,True,True,0.7634,True,data\V\frame_0061.jpg
MobileNetV2,V,V,True,True,True,0.6317,True,data\V\frame_0062.jpg
MobileNetV2,V,V,True,True,True,0.685,True,data\V\frame_0063.jpg
MobileNetV2,V,V,True,True,True,0.7308,True,data\V\frame_0064.jpg
MobileNetV2,V,V,True,True,True,0.7517,True,data\V\frame_0065.jpg
MobileNetV2,V,V,True,True,True,0.7383,True,data\V\frame_0066.jpg
MobileNetV2,V,V,True,True,True,0.6467,True,data\V\frame_0067.jpg
MobileNetV2,V,V,True,True,True,0.7256,True,data\V\frame_0068.jpg
MobileNetV2,V,V,True,True,True,0.7436,True,data\V\frame_0069.jpg
MobileNetV2,V,V,True,True,True,0.7472,True,data\V\frame_0070.jpg
MobileNetV2,V,V,True,True,True,0.7405,True,data\V\frame_0071.jpg
MobileNetV2,V,V,True,True,True,0.7651,True,data\V\frame_0072.jpg
MobileNetV2,V,V,True,True,True,0.7476,True,data\V\frame_0073.jpg
MobileNetV2,V,V,True,True,True,0.7465,True,data\V\frame_0074.jpg
MobileNetV2,V,V,True,True,True,0.7629,True,data\V\frame_0075.jpg
MobileNetV2,V,V,True,True,True,0.7976,True,data\V\frame_0076.jpg
MobileNetV2,V,V,True,True,True,0.7851,True,data\V\frame_0077.jpg
MobileNetV2,V,V,True,True,True,0.6801,True,data\V\frame_0078.jpg
MobileNetV2,V,V,True,True,True,0.7899,True,data\V\frame_0079.jpg
MobileNetV2,V,V,True,True,True,0.7252,True,data\V\frame_0080.jpg
MobileNetV2,V,V,True,True,True,0.7781,True,data\V\frame_0081.jpg
MobileNetV2,V,V,True,True,True,0.7934,True,data\V\frame_0082.jpg
MobileNetV2,V,V,True,True,True,0.7679,True,data\V\frame_0083.jpg
MobileNetV2,V,V,True,True,True,0.7977,True,data\V\frame_0084.jpg
MobileNetV2,V,V,True,True,True,0.8004,True,data\V\frame_0085.jpg
MobileNetV2,V,V,True,True,True,0.83,True,data\V\frame_0086.jpg
MobileNetV2,V,V,True,True,True,0.8362,True,data\V\frame_0087.jpg
MobileNetV2,V,V,True,True,True,0.8021,True,data\V\frame_0088.jpg
MobileNetV2,V,V,True,True,True,0.7193,True,data\V\frame_0089.jpg
MobileNetV2,V,V,True,True,True,0.7816,True,data\V\frame_0090.jpg
MobileNetV2,V,V,True,True,True,0.7639,True,data\V\frame_0091.jpg
MobileNetV2,V,V,True,True,True,0.7969,True,data\V\frame_0092.jpg
MobileNetV2,V,V,True,True,True,0.7712,True,data\V\frame_0093.jpg
MobileNetV2,V,V,True,True,True,0.8066,True,data\V\frame_0094.jpg
MobileNetV2,V,V,True,True,True,0.8081,True,data\V\frame_0095.jpg
MobileNetV2,V,V,True,True,True,0.8028,True,data\V\frame_0096.jpg
MobileNetV2,V,V,True,True,True,0.8217,True,data\V\frame_0097.jpg
MobileNetV2,V,V,True,True,True,0.8464,True,data\V\frame_0098.jpg
MobileNetV2,V,V,True,True,True,0.822,True,data\V\frame_0099.jpg
MobileNetV2,V,V,True,True,True,0.8266,True,data\V\frame_0100.jpg
MobileNetV2,V,V,True,True,True,0.8491,True,data\V\frame_0101.jpg
MobileNetV2,V,V,True,True,True,0.8662,True,data\V\frame_0102.jpg
MobileNetV2,V,V,True,True,True,0.8416,True,data\V\frame_0103.jpg
MobileNetV2,V,V,True,True,True,0.8106,True,data\V\frame_0104.jpg
MobileNetV2,V,V,True,True,True,0.7492,True,data\V\frame_0105.jpg
MobileNetV2,V,V,True,True,True,0.7515,True,data\V\frame_0106.jpg
MobileNetV2,V,V,True,True,True,0.7323,True,data\V\frame_0107.jpg
MobileNetV2,V,V,True,True,True,0.7296,True,data\V\frame_0108.jpg
MobileNetV2,V,V,True,True,True,0.7425,True,data\V\frame_0109.jpg
MobileNetV2,V,V,True,True,True,0.7475,True,data\V\frame_0110.jpg
MobileNetV2,V,V,True,True,True,0.6916,True,data\V\frame_0111.jpg
MobileNetV2,V,V,True,True,True,0.8341,True,data\V\frame_0112.jpg
MobileNetV2,V,V,True,True,True,0.6808,True,data\V\frame_0113.jpg
MobileNetV2,V,V,True,True,True,0.7763,True,data\V\frame_0114.jpg
MobileNetV2,V,V,True,True,True,0.7715,True,data\V\frame_0115.jpg
MobileNetV2,V,V,True,True,True,0.7303,True,data\V\frame_0116.jpg
MobileNetV2,V,V,True,True,True,0.7709,True,data\V\frame_0117.jpg
MobileNetV2,V,V,True,True,True,0.7358,True,data\V\frame_0118.jpg
MobileNetV2,V,V,True,True,True,0.742,True,data\V\frame_0119.jpg
MobileNetV2,V,V,True,True,True,0.6949,True,data\V\frame_0120.jpg
MobileNetV2,V,V,True,True,True,0.8317,True,data\V\frame_0121.jpg
MobileNetV2,V,V,True,True,True,0.7949,True,data\V\frame_0122.jpg
MobileNetV2,V,V,True,True,True,0.7298,True,data\V\frame_0123.jpg
MobileNetV2,V,V,True,True,True,0.7605,True,data\V\frame_0124.jpg
MobileNetV2,V,V,True,True,True,0.7748,True,data\V\frame_0125.jpg
MobileNetV2,V,V,True,True,True,0.7843,True,data\V\frame_0126.jpg
MobileNetV2,V,V,True,True,True,0.7318,True,data\V\frame_0127.jpg
MobileNetV2,V,V,True,True,True,0.7632,True,data\V\frame_0128.jpg
MobileNetV2,V,V,True,True,True,0.7632,True,data\V\frame_0129.jpg
MobileNetV2,V,V,True,True,True,0.6919,True,data\V\frame_0130.jpg
MobileNetV2,V,V,True,True,True,0.761,True,data\V\frame_0131.jpg
MobileNetV2,V,V,True,True,True,0.6112,True,data\V\frame_0132.jpg
MobileNetV2,V,V,True,True,True,0.7624,True,data\V\frame_0133.jpg
MobileNetV2,V,V,True,True,True,0.7763,True,data\V\frame_0134.jpg
MobileNetV2,V,V,True,True,True,0.6824,True,data\V\frame_0135.jpg
MobileNetV2,V,V,True,True,True,0.7394,True,data\V\frame_0136.jpg
MobileNetV2,V,V,True,True,True,0.7096,True,data\V\frame_0137.jpg
MobileNetV2,V,V,True,True,True,0.7946,True,data\V\frame_0138.jpg
MobileNetV2,V,V,True,True,True,0.7548,True,data\V\frame_0139.jpg
MobileNetV2,V,V,True,True,True,0.7548,True,data\V\frame_0140.jpg
MobileNetV2,V,V,True,True,True,0.817,True,data\V\frame_0141.jpg
MobileNetV2,V,V,True,True,True,0.8421,True,data\V\frame_0142.jpg
MobileNetV2,V,V,True,True,True,0.6958,True,data\V\frame_0143.jpg
MobileNetV2,V,V,True,True,True,0.7741,True,data\V\frame_0144.jpg
MobileNetV2,V,V,True,True,True,0.768,True,data\V\frame_0145.jpg
MobileNetV2,V,V,True,True,True,0.8175,True,data\V\frame_0146.jpg
MobileNetV2,V,V,True,True,True,0.7379,True,data\V\frame_0147.jpg
MobileNetV2,V,V,True,True,True,0.8079,True,data\V\frame_0148.jpg
MobileNetV2,V,V,True,True,True,0.7879,True,data\V\frame_0149.jpg
MobileNetV2,V,V,True,True,True,0.8231,True,data\V\frame_0150.jpg
MobileNetV2,X,X,True,True,True,0.7762,True,data\X\frame_0001.jpg
MobileNetV2,X,X,True,True,True,0.6755,True,data\X\frame_0002.jpg
MobileNetV2,X,X,True,True,True,0.8291,True,data\X\frame_0003.jpg
MobileNetV2,X,X,True,True,True,0.6683,True,data\X\frame_0004.jpg
MobileNetV2,X,X,True,True,True,0.7555,True,data\X\frame_0005.jpg
MobileNetV2,X,X,True,True,True,0.7753,True,data\X\frame_0006.jpg
MobileNetV2,X,X,True,True,True,0.828,True,data\X\frame_0007.jpg
MobileNetV2,X,X,True,True,True,0.6569,True,data\X\frame_0008.jpg
MobileNetV2,X,X,True,True,True,0.6569,True,data\X\frame_0009.jpg
MobileNetV2,X,X,True,True,True,0.7498,True,data\X\frame_0010.jpg
MobileNetV2,X,X,True,True,True,0.8516,True,data\X\frame_0011.jpg
MobileNetV2,X,X,True,True,True,0.8107,True,data\X\frame_0012.jpg
MobileNetV2,X,,False,False,False,0.0,False,data\X\frame_0013.jpg
MobileNetV2,X,X,True,True,True,0.7956,True,data\X\frame_0014.jpg
MobileNetV2,X,X,True,True,True,0.7701,True,data\X\frame_0015.jpg
MobileNetV2,X,X,True,True,True,0.7161,True,data\X\frame_0016.jpg
MobileNetV2,X,X,True,True,True,0.782,True,data\X\frame_0017.jpg
MobileNetV2,X,X,True,True,True,0.7881,True,data\X\frame_0018.jpg
MobileNetV2,X,X,True,True,True,0.5977,True,data\X\frame_0019.jpg
MobileNetV2,X,X,True,True,True,0.5977,True,data\X\frame_0020.jpg
MobileNetV2,X,X,True,True,True,0.6313,True,data\X\frame_0021.jpg
MobileNetV2,X,X,True,True,True,0.5903,True,data\X\frame_0022.jpg
MobileNetV2,X,X,True,True,True,0.7593,True,data\X\frame_0023.jpg
MobileNetV2,X,X,True,True,True,0.7696,True,data\X\frame_0024.jpg
MobileNetV2,X,X,True,True,True,0.8244,True,data\X\frame_0025.jpg
MobileNetV2,X,X,True,True,True,0.8385,True,data\X\frame_0026.jpg
MobileNetV2,X,X,True,True,True,0.6753,True,data\X\frame_0027.jpg
MobileNetV2,X,X,True,True,True,0.6261,True,data\X\frame_0028.jpg
MobileNetV2,X,X,True,True,True,0.7959,True,data\X\frame_0029.jpg
MobileNetV2,X,X,True,True,True,0.7632,True,data\X\frame_0030.jpg
MobileNetV2,X,X,True,True,True,0.7632,True,data\X\frame_0031.jpg
MobileNetV2,X,X,True,True,True,0.6942,True,data\X\frame_0032.jpg
MobileNetV2,X,X,True,True,True,0.7999,True,data\X\frame_0033.jpg
MobileNetV2,X,,False,False,False,0.0,False,data\X\frame_0034.jpg
MobileNetV2,X,,False,False,False,0.0,False,data\X\frame_0035.jpg
MobileNetV2,X,X,True,True,True,0.5838,True,data\X\frame_0036.jpg
MobileNetV2,X,X,True,True,True,0.543,True,data\X\frame_0037.jpg
MobileNetV2,X,,False,False,False,0.0,False,data\X\frame_0038.jpg
MobileNetV2,X,X,True,True,True,0.4256,True,data\X\frame_0039.jpg
MobileNetV2,X,X,True,True,True,0.5509,True,data\X\frame_0040.jpg
MobileNetV2,X,X,True,True,True,0.7682,True,data\X\frame_0041.jpg
MobileNetV2,X,X,True,True,True,0.7682,True,data\X\frame_0042.jpg
MobileNetV2,X,X,True,True,True,0.7573,True,data\X\frame_0043.jpg
MobileNetV2,X,X,True,True,True,0.6194,True,data\X\frame_0044.jpg
MobileNetV2,X,X,True,True,True,0.8043,True,data\X\frame_0045.jpg
MobileNetV2,X,X,True,True,True,0.7579,True,data\X\frame_0046.jpg
MobileNetV2,X,X,True,True,True,0.643,True,data\X\frame_0047.jpg
MobileNetV2,X,X,True,True,True,0.7839,True,data\X\frame_0048.jpg
MobileNetV2,X,X,True,True,True,0.6965,True,data\X\frame_0049.jpg
MobileNetV2,X,X,True,True,True,0.5927,True,data\X\frame_0050.jpg
MobileNetV2,X,X,True,True,True,0.6717,True,data\X\frame_0051.jpg
MobileNetV2,X,X,True,True,True,0.7285,True,data\X\frame_0052.jpg
MobileNetV2,X,X,True,True,True,0.7285,True,data\X\frame_0053.jpg
MobileNetV2,X,X,True,True,True,0.5983,True,data\X\frame_0054.jpg
MobileNetV2,X,X,True,True,True,0.74,True,data\X\frame_0055.jpg
MobileNetV2,X,X,True,True,True,0.7976,True,data\X\frame_0056.jpg
MobileNetV2,X,X,True,True,True,0.6815,True,data\X\frame_0057.jpg
MobileNetV2,X,X,True,True,True,0.7208,True,data\X\frame_0058.jpg
MobileNetV2,X,X,True,True,True,0.8038,True,data\X\frame_0059.jpg
MobileNetV2,X,X,True,True,True,0.7266,True,data\X\frame_0060.jpg
MobileNetV2,X,X,True,True,True,0.8161,True,data\X\frame_0061.jpg
MobileNetV2,X,X,True,True,True,0.5761,True,data\X\frame_0062.jpg
MobileNetV2,X,X,True,True,True,0.5591,True,data\X\frame_0063.jpg
MobileNetV2,X,X,True,True,True,0.5591,True,data\X\frame_0064.jpg
MobileNetV2,X,X,True,True,True,0.6127,True,data\X\frame_0065.jpg
MobileNetV2,X,X,True,True,True,0.7829,True,data\X\frame_0066.jpg
MobileNetV2,X,X,True,True,True,0.7554,True,data\X\frame_0067.jpg
MobileNetV2,X,X,True,True,True,0.5045,True,data\X\frame_0068.jpg
MobileNetV2,X,X,True,True,True,0.6965,True,data\X\frame_0069.jpg
MobileNetV2,X,X,True,True,True,0.8047,True,data\X\frame_0070.jpg
MobileNetV2,X,X,True,True,True,0.5401,True,data\X\frame_0071.jpg
MobileNetV2,X,X,True,True,True,0.7329,True,data\X\frame_0072.jpg
MobileNetV2,X,X,True,True,True,0.5638,True,data\X\frame_0073.jpg
MobileNetV2,X,,False,False,False,0.0,False,data\X\frame_0074.jpg
MobileNetV2,X,X,True,True,True,0.6579,True,data\X\frame_0075.jpg
MobileNetV2,X,,False,False,False,0.0,False,data\X\frame_0076.jpg
MobileNetV2,X,X,True,True,True,0.7289,True,data\X\frame_0077.jpg
MobileNetV2,X,X,True,True,True,0.7904,True,data\X\frame_0078.jpg
MobileNetV2,X,X,True,True,True,0.7565,True,data\X\frame_0079.jpg
MobileNetV2,X,X,True,True,True,0.7947,True,data\X\frame_0080.jpg
MobileNetV2,X,X,True,True,True,0.8377,True,data\X\frame_0081.jpg
MobileNetV2,X,X,True,True,True,0.8073,True,data\X\frame_0082.jpg
MobileNetV2,X,X,True,True,True,0.7984,True,data\X\frame_0083.jpg
MobileNetV2,X,X,True,True,True,0.8693,True,data\X\frame_0084.jpg
MobileNetV2,X,X,True,True,True,0.7457,True,data\X\frame_0085.jpg
MobileNetV2,X,X,True,True,True,0.7228,True,data\X\frame_0086.jpg
MobileNetV2,X,X,True,True,True,0.8165,True,data\X\frame_0087.jpg
MobileNetV2,X,X,True,True,True,0.6584,True,data\X\frame_0088.jpg
MobileNetV2,X,X,True,True,True,0.84,True,data\X\frame_0089.jpg
MobileNetV2,X,X,True,True,True,0.7929,True,data\X\frame_0090.jpg
MobileNetV2,X,X,True,True,True,0.7944,True,data\X\frame_0091.jpg
MobileNetV2,X,X,True,True,True,0.8203,True,data\X\frame_0092.jpg
MobileNetV2,X,,False,False,False,0.0,False,data\X\frame_0093.jpg
MobileNetV2,X,X,True,True,True,0.8501,True,data\X\frame_0094.jpg
MobileNetV2,X,,False,False,False,0.0,False,data\X\frame_0095.jpg
MobileNetV2,X,,False,False,False,0.0,False,data\X\frame_0096.jpg
MobileNetV2,X,X,True,True,True,0.7718,True,data\X\frame_0097.jpg
MobileNetV2,X,X,True,True,True,0.8363,True,data\X\frame_0098.jpg
MobileNetV2,X,X,True,True,True,0.856,True,data\X\frame_0099.jpg
MobileNetV2,X,X,True,True,True,0.7452,True,data\X\frame_0100.jpg
MobileNetV2,X,X,True,True,True,0.836,True,data\X\frame_0101.jpg
MobileNetV2,X,X,True,True,True,0.756,True,data\X\frame_0102.jpg
MobileNetV2,X,X,True,True,True,0.6343,True,data\X\frame_0103.jpg
MobileNetV2,X,X,True,True,True,0.7604,True,data\X\frame_0104.jpg
MobileNetV2,X,X,True,True,True,0.638,True,data\X\frame_0105.jpg
MobileNetV2,X,X,True,True,True,0.7748,True,data\X\frame_0106.jpg
MobileNetV2,X,X,True,True,True,0.709,True,data\X\frame_0107.jpg
MobileNetV2,X,X,True,True,True,0.8474,True,data\X\frame_0108.jpg
MobileNetV2,X,X,True,True,True,0.8249,True,data\X\frame_0109.jpg
MobileNetV2,X,X,True,True,True,0.7832,True,data\X\frame_0110.jpg
MobileNetV2,X,X,True,True,True,0.8725,True,data\X\frame_0111.jpg
MobileNetV2,X,X,True,True,True,0.9198,True,data\X\frame_0112.jpg
MobileNetV2,X,,False,False,False,0.0,False,data\X\frame_0113.jpg
MobileNetV2,X,,False,False,False,0.0,False,data\X\frame_0114.jpg
MobileNetV2,X,,False,False,False,0.0,False,data\X\frame_0115.jpg
MobileNetV2,X,,False,False,False,0.0,False,data\X\frame_0116.jpg
MobileNetV2,X,,False,False,False,0.0,False,data\X\frame_0117.jpg
MobileNetV2,X,,False,False,False,0.0,False,data\X\frame_0118.jpg
MobileNetV2,X,,False,False,False,0.0,False,data\X\frame_0119.jpg
MobileNetV2,X,,False,False,False,0.0,False,data\X\frame_0120.jpg
MobileNetV2,X,,False,False,False,0.0,False,data\X\frame_0121.jpg
MobileNetV2,X,,False,False,False,0.0,False,data\X\frame_0122.jpg
MobileNetV2,X,,False,False,False,0.0,False,data\X\frame_0123.jpg
MobileNetV2,X,,False,False,False,0.0,False,data\X\frame_0124.jpg
MobileNetV2,X,,False,False,False,0.0,False,data\X\frame_0125.jpg
MobileNetV2,X,,False,False,False,0.0,False,data\X\frame_0126.jpg
MobileNetV2,X,,False,False,False,0.0,False,data\X\frame_0127.jpg
MobileNetV2,X,X,True,True,True,0.3976,True,data\X\frame_0128.jpg
MobileNetV2,X,X,True,True,True,0.5103,True,data\X\frame_0129.jpg
MobileNetV2,X,X,True,True,True,0.5779,True,data\X\frame_0130.jpg
MobileNetV2,X,X,True,True,True,0.6157,True,data\X\frame_0131.jpg
MobileNetV2,X,X,True,True,True,0.5543,True,data\X\frame_0132.jpg
MobileNetV2,X,X,True,True,True,0.2956,True,data\X\frame_0133.jpg
MobileNetV2,X,X,True,True,True,0.4685,True,data\X\frame_0134.jpg
MobileNetV2,X,,False,False,False,0.0,False,data\X\frame_0135.jpg
MobileNetV2,X,,False,False,False,0.0,False,data\X\frame_0136.jpg
MobileNetV2,X,,False,False,False,0.0,False,data\X\frame_0137.jpg
MobileNetV2,X,X,True,True,True,0.5195,True,data\X\frame_0138.jpg
MobileNetV2,X,X,True,True,True,0.4902,True,data\X\frame_0139.jpg
MobileNetV2,X,X,True,True,True,0.4644,True,data\X\frame_0140.jpg
MobileNetV2,X,,False,False,False,0.0,False,data\X\frame_0141.jpg
MobileNetV2,X,X,True,True,True,0.6122,True,data\X\frame_0142.jpg
MobileNetV2,X,,False,False,False,0.0,False,data\X\frame_0143.jpg
MobileNetV2,X,,False,False,False,0.0,False,data\X\frame_0144.jpg
MobileNetV2,X,,False,False,False,0.0,False,data\X\frame_0145.jpg
MobileNetV2,X,,False,False,False,0.0,False,data\X\frame_0146.jpg
MobileNetV2,X,,False,False,False,0.0,False,data\X\frame_0147.jpg
MobileNetV2,X,X,True,True,True,0.824,True,data\X\frame_0148.jpg
MobileNetV2,X,X,True,True,True,0.7071,True,data\X\frame_0149.jpg
MobileNetV2,X,X,True,True,True,0.666,True,data\X\frame_0150.jpg
MobileNetV2,Y,Y,True,True,True,0.5933,True,data\Y\frame_0001.jpg
MobileNetV2,Y,Y,True,True,True,0.5751,True,data\Y\frame_0002.jpg
MobileNetV2,Y,Y,True,True,True,0.439,True,data\Y\frame_0003.jpg
MobileNetV2,Y,Y,True,True,True,0.6207,True,data\Y\frame_0004.jpg
MobileNetV2,Y,Y,True,True,True,0.5309,True,data\Y\frame_0005.jpg
MobileNetV2,Y,Y,True,True,True,0.485,True,data\Y\frame_0006.jpg
MobileNetV2,Y,Y,True,True,True,0.6224,True,data\Y\frame_0007.jpg
MobileNetV2,Y,Y,True,True,True,0.5372,True,data\Y\frame_0008.jpg
MobileNetV2,Y,Y,True,True,True,0.5058,True,data\Y\frame_0009.jpg
MobileNetV2,Y,Y,True,True,True,0.5892,True,data\Y\frame_0010.jpg
MobileNetV2,Y,Y,True,True,True,0.5441,True,data\Y\frame_0011.jpg
MobileNetV2,Y,Y,True,True,True,0.4522,True,data\Y\frame_0012.jpg
MobileNetV2,Y,Y,True,True,True,0.4181,True,data\Y\frame_0013.jpg
MobileNetV2,Y,Y,True,True,True,0.4277,True,data\Y\frame_0014.jpg
MobileNetV2,Y,Y,True,True,True,0.4194,True,data\Y\frame_0015.jpg
MobileNetV2,Y,Y,True,True,True,0.416,True,data\Y\frame_0016.jpg
MobileNetV2,Y,Y,True,True,True,0.324,True,data\Y\frame_0017.jpg
MobileNetV2,Y,Y,True,True,True,0.4213,True,data\Y\frame_0018.jpg
MobileNetV2,Y,Y,True,True,True,0.407,True,data\Y\frame_0019.jpg
MobileNetV2,Y,Y,True,True,True,0.3509,True,data\Y\frame_0020.jpg
MobileNetV2,Y,Y,True,True,True,0.3738,True,data\Y\frame_0021.jpg
MobileNetV2,Y,Y,True,True,True,0.3405,True,data\Y\frame_0022.jpg
MobileNetV2,Y,Y,True,True,True,0.3906,True,data\Y\frame_0023.jpg
MobileNetV2,Y,Y,True,True,True,0.4308,True,data\Y\frame_0024.jpg
MobileNetV2,Y,Y,True,True,True,0.3418,True,data\Y\frame_0025.jpg
MobileNetV2,Y,Y,True,True,True,0.3689,True,data\Y\frame_0026.jpg
MobileNetV2,Y,Y,True,True,True,0.2871,True,data\Y\frame_0027.jpg
MobileNetV2,Y,Y,True,True,True,0.379,True,data\Y\frame_0028.jpg
MobileNetV2,Y,Y,True,True,True,0.3169,True,data\Y\frame_0029.jpg
MobileNetV2,Y,Y,True,True,True,0.3929,True,data\Y\frame_0030.jpg
MobileNetV2,Y,Y,True,True,True,0.3197,True,data\Y\frame_0031.jpg
MobileNetV2,Y,Y,True,True,True,0.302,True,data\Y\frame_0032.jpg
MobileNetV2,Y,Y,True,True,True,0.4376,True,data\Y\frame_0033.jpg
MobileNetV2,Y,Y,True,True,True,0.455,True,data\Y\frame_0034.jpg
MobileNetV2,Y,Y,True,True,True,0.4002,True,data\Y\frame_0035.jpg
MobileNetV2,Y,Y,True,True,True,0.3478,True,data\Y\frame_0036.jpg
MobileNetV2,Y,Y,True,True,True,0.3076,True,data\Y\frame_0037.jpg
MobileNetV2,Y,Y,True,True,True,0.3768,True,data\Y\frame_0038.jpg
MobileNetV2,Y,Y,True,True,True,0.3493,True,data\Y\frame_0039.jpg
MobileNetV2,Y,Y,True,True,True,0.314,True,data\Y\frame_0040.jpg
MobileNetV2,Y,Y,True,True,True,0.3764,True,data\Y\frame_0041.jpg
MobileNetV2,Y,Y,True,True,True,0.4594,True,data\Y\frame_0042.jpg
MobileNetV2,Y,Y,True,True,True,0.4992,True,data\Y\frame_0043.jpg
MobileNetV2,Y,Y,True,True,True,0.5298,True,data\Y\frame_0044.jpg
MobileNetV2,Y,Y,True,True,True,0.5786,True,data\Y\frame_0045.jpg
MobileNetV2,Y,Y,True,True,True,0.5865,True,data\Y\frame_0046.jpg
MobileNetV2,Y,Y,True,True,True,0.5626,True,data\Y\frame_0047.jpg
MobileNetV2,Y,Y,True,True,True,0.443,True,data\Y\frame_0048.jpg
MobileNetV2,Y,Y,True,True,True,0.6632,True,data\Y\frame_0049.jpg
MobileNetV2,Y,Y,True,True,True,0.5102,True,data\Y\frame_0050.jpg
MobileNetV2,Y,Y,True,True,True,0.553,True,data\Y\frame_0051.jpg
MobileNetV2,Y,Y,True,True,True,0.5564,True,data\Y\frame_0052.jpg
MobileNetV2,Y,Y,True,True,True,0.6327,True,data\Y\frame_0053.jpg
MobileNetV2,Y,Y,True,True,True,0.6803,True,data\Y\frame_0054.jpg
MobileNetV2,Y,Y,True,True,True,0.6742,True,data\Y\frame_0055.jpg
MobileNetV2,Y,Y,True,True,True,0.6965,True,data\Y\frame_0056.jpg
MobileNetV2,Y,Y,True,True,True,0.6974,True,data\Y\frame_0057.jpg
MobileNetV2,Y,Y,True,True,True,0.6794,True,data\Y\frame_0058.jpg
MobileNetV2,Y,Y,True,True,True,0.6407,True,data\Y\frame_0059.jpg
MobileNetV2,Y,Y,True,True,True,0.6702,True,data\Y\frame_0060.jpg
MobileNetV2,Y,Y,True,True,True,0.5804,True,data\Y\frame_0061.jpg
MobileNetV2,Y,Y,True,True,True,0.5804,True,data\Y\frame_0062.jpg
MobileNetV2,Y,Y,True,True,True,0.7654,True,data\Y\frame_0063.jpg
MobileNetV2,Y,Y,True,True,True,0.6768,True,data\Y\frame_0064.jpg
MobileNetV2,Y,Y,True,True,True,0.6714,True,data\Y\frame_0065.jpg
MobileNetV2,Y,Y,True,True,True,0.6764,True,data\Y\frame_0066.jpg
MobileNetV2,Y,Y,True,True,True,0.6334,True,data\Y\frame_0067.jpg
MobileNetV2,Y,Y,True,True,True,0.6913,True,data\Y\frame_0068.jpg
MobileNetV2,Y,Y,True,True,True,0.6562,True,data\Y\frame_0069.jpg
MobileNetV2,Y,Y,True,True,True,0.6185,True,data\Y\frame_0070.jpg
MobileNetV2,Y,Y,True,True,True,0.4347,True,data\Y\frame_0071.jpg
MobileNetV2,Y,Y,True,True,True,0.6219,True,data\Y\frame_0072.jpg
MobileNetV2,Y,Y,True,True,True,0.6219,True,data\Y\frame_0073.jpg
MobileNetV2,Y,Y,True,True,True,0.445,True,data\Y\frame_0074.jpg
MobileNetV2,Y,Y,True,True,True,0.4788,True,data\Y\frame_0075.jpg
MobileNetV2,Y,Y,True,True,True,0.5177,True,data\Y\frame_0076.jpg
MobileNetV2,Y,Y,True,True,True,0.4851,True,data\Y\frame_0077.jpg
MobileNetV2,Y,Y,True,True,True,0.5328,True,data\Y\frame_0078.jpg
MobileNetV2,Y,Y,True,True,True,0.4043,True,data\Y\frame_0079.jpg
MobileNetV2,Y,Y,True,True,True,0.4733,True,data\Y\frame_0080.jpg
MobileNetV2,Y,Y,True,True,True,0.4957,True,data\Y\frame_0081.jpg
MobileNetV2,Y,Y,True,True,True,0.532,True,data\Y\frame_0082.jpg
MobileNetV2,Y,Y,True,True,True,0.5698,True,data\Y\frame_0083.jpg
MobileNetV2,Y,Y,True,True,True,0.5698,True,data\Y\frame_0084.jpg
MobileNetV2,Y,Y,True,True,True,0.4617,True,data\Y\frame_0085.jpg
MobileNetV2,Y,Y,True,True,True,0.4765,True,data\Y\frame_0086.jpg
MobileNetV2,Y,Y,True,True,True,0.4859,True,data\Y\frame_0087.jpg
MobileNetV2,Y,Y,True,True,True,0.396,True,data\Y\frame_0088.jpg
MobileNetV2,Y,Y,True,True,True,0.3967,True,data\Y\frame_0089.jpg
MobileNetV2,Y,Y,True,True,True,0.4122,True,data\Y\frame_0090.jpg
MobileNetV2,Y,Y,True,True,True,0.4135,True,data\Y\frame_0091.jpg
MobileNetV2,Y,Y,True,True,True,0.4196,True,data\Y\frame_0092.jpg
MobileNetV2,Y,Y,True,True,True,0.4412,True,data\Y\frame_0093.jpg
MobileNetV2,Y,Y,True,True,True,0.4179,True,data\Y\frame_0094.jpg
MobileNetV2,Y,Y,True,True,True,0.4179,True,data\Y\frame_0095.jpg
MobileNetV2,Y,Y,True,True,True,0.4787,True,data\Y\frame_0096.jpg
MobileNetV2,Y,Y,True,True,True,0.6002,True,data\Y\frame_0097.jpg
MobileNetV2,Y,Y,True,True,True,0.6402,True,data\Y\frame_0098.jpg
MobileNetV2,Y,Y,True,True,True,0.7173,True,data\Y\frame_0099.jpg
MobileNetV2,Y,Y,True,True,True,0.7403,True,data\Y\frame_0100.jpg
MobileNetV2,Y,Y,True,True,True,0.7491,True,data\Y\frame_0101.jpg
MobileNetV2,Y,Y,True,True,True,0.7956,True,data\Y\frame_0102.jpg
MobileNetV2,Y,Y,True,True,True,0.7871,True,data\Y\frame_0103.jpg
MobileNetV2,Y,Y,True,True,True,0.7535,True,data\Y\frame_0104.jpg
MobileNetV2,Y,Y,True,True,True,0.6655,True,data\Y\frame_0105.jpg
MobileNetV2,Y,Y,True,True,True,0.6655,True,data\Y\frame_0106.jpg
MobileNetV2,Y,Y,True,True,True,0.7798,True,data\Y\frame_0107.jpg
MobileNetV2,Y,Y,True,True,True,0.7933,True,data\Y\frame_0108.jpg
MobileNetV2,Y,Y,True,True,True,0.807,True,data\Y\frame_0109.jpg
MobileNetV2,Y,Y,True,True,True,0.7431,True,data\Y\frame_0110.jpg
MobileNetV2,Y,Y,True,True,True,0.8086,True,data\Y\frame_0111.jpg
MobileNetV2,Y,Y,True,True,True,0.7122,True,data\Y\frame_0112.jpg
MobileNetV2,Y,Y,True,True,True,0.7973,True,data\Y\frame_0113.jpg
MobileNetV2,Y,Y,True,True,True,0.778,True,data\Y\frame_0114.jpg
MobileNetV2,Y,Y,True,True,True,0.7844,True,data\Y\frame_0115.jpg
MobileNetV2,Y,Y,True,True,True,0.8064,True,data\Y\frame_0116.jpg
MobileNetV2,Y,Y,True,True,True,0.8064,True,data\Y\frame_0117.jpg
MobileNetV2,Y,Y,True,True,True,0.7352,True,data\Y\frame_0118.jpg
MobileNetV2,Y,Y,True,True,True,0.7671,True,data\Y\frame_0119.jpg
MobileNetV2,Y,Y,True,True,True,0.7642,True,data\Y\frame_0120.jpg
MobileNetV2,Y,Y,True,True,True,0.7553,True,data\Y\frame_0121.jpg
MobileNetV2,Y,Y,True,True,True,0.7581,True,data\Y\frame_0122.jpg
MobileNetV2,Y,Y,True,True,True,0.7393,True,data\Y\frame_0123.jpg
MobileNetV2,Y,Y,True,True,True,0.7607,True,data\Y\frame_0124.jpg
MobileNetV2,Y,Y,True,True,True,0.7449,True,data\Y\frame_0125.jpg
MobileNetV2,Y,Y,True,True,True,0.728,True,data\Y\frame_0126.jpg
MobileNetV2,Y,Y,True,True,True,0.7754,True,data\Y\frame_0127.jpg
MobileNetV2,Y,Y,True,True,True,0.7754,True,data\Y\frame_0128.jpg
MobileNetV2,Y,Y,True,True,True,0.7886,True,data\Y\frame_0129.jpg
MobileNetV2,Y,Y,True,True,True,0.679,True,data\Y\frame_0130.jpg
MobileNetV2,Y,Y,True,True,True,0.7311,True,data\Y\frame_0131.jpg
MobileNetV2,Y,Y,True,True,True,0.7058,True,data\Y\frame_0132.jpg
MobileNetV2,Y,Y,True,True,True,0.679,True,data\Y\frame_0133.jpg
MobileNetV2,Y,Y,True,True,True,0.5928,True,data\Y\frame_0134.jpg
MobileNetV2,Y,Y,True,True,True,0.5318,True,data\Y\frame_0135.jpg
MobileNetV2,Y,Y,True,True,True,0.5561,True,data\Y\frame_0136.jpg
MobileNetV2,Y,Y,True,True,True,0.5305,True,data\Y\frame_0137.jpg
MobileNetV2,Y,Y,True,True,True,0.5336,True,data\Y\frame_0138.jpg
MobileNetV2,Y,Y,True,True,True,0.5336,True,data\Y\frame_0139.jpg
MobileNetV2,Y,Y,True,True,True,0.4582,True,data\Y\frame_0140.jpg
MobileNetV2,Y,Y,True,True,True,0.4559,True,data\Y\frame_0141.jpg
MobileNetV2,Y,Y,True,True,True,0.6,True,data\Y\frame_0142.jpg
MobileNetV2,Y,Y,True,True,True,0.5734,True,data\Y\frame_0143.jpg
MobileNetV2,Y,Y,True,True,True,0.4669,True,data\Y\frame_0144.jpg
MobileNetV2,Y,Y,True,True,True,0.5439,True,data\Y\frame_0145.jpg
MobileNetV2,Y,Y,True,True,True,0.4481,True,data\Y\frame_0146.jpg
MobileNetV2,Y,Y,True,True,True,0.3983,True,data\Y\frame_0147.jpg
MobileNetV2,Y,Y,True,True,True,0.5135,True,data\Y\frame_0148.jpg
MobileNetV2,Y,Y,True,True,True,0.3887,True,data\Y\frame_0149.jpg
MobileNetV2,Y,Y,True,True,True,0.3887,True,data\Y\frame_0150.jpg
